2026.08.04 16:44:12 INFO  Started: Metals version 1.6.8 in folders 'C:\Users\rishi\BIG DATA\SCALA' for client Visual Studio Code 1.131.0.
2026.08.04 16:44:12 INFO  Memory monitor started
2026.08.04 16:44:13 WARN  Using H2 2.4.240 which is newer than the version Flyway has been verified with. The latest verified version of H2 is 2.3.232.
2026.08.04 16:44:13 INFO  no build target found for C:\Users\rishi\BIG DATA\SCALA\Sum.scala. Using presentation compiler with project's scala-library version: 3.3.8
2026.08.04 16:44:15 INFO  no build target found for C:\Users\rishi\BIG DATA\SCALA\Sum.scala. Using presentation compiler with project's scala-library version: 3.3.8
2026.08.04 16:44:15 WARN  scala-cli >= 0.1.3 not found in PATH, fetching and starting a JVM-based Scala CLI
2026.08.04 16:44:15 INFO  Running List(C:\Program Files\Java\jdk-26.0.1\bin\java.exe, -cp, C:\Users\rishi\AppData\Local\Coursier\cache\v1\https\repo1.maven.org\maven2\org\virtuslab\scala-cli\cli_3\1.14.0\cli_3-1.14.0.jar;C:\Users\rishi\AppData\Local\Coursier\cache\v1\https\repo1.maven.org\maven2\com\github\alexarchambault\case-app_3\2.1.0\case-app_3-2.1.0.jar;C:\Users\rishi\AppData\Local\Coursier\cache\v1\https\repo1.maven.org\maven2\io\get-coursier\coursier-launcher_2.13\2.1.25-M25\coursier-launcher_2.13-2.1.25-M25.jar;C:\Users\rishi\AppData\Local\Coursier\cache\v1\https\repo1.maven.org\maven2\io\get-coursier\coursier-proxy-setup\2.1.25-M25\coursier-proxy-setup-2.1.25-M25.jar;C:\Users\rishi\AppData\Local\Coursier\cache\v1\https\repo1.maven.org\maven2\io\get-coursier\publish\publish_3\0.4.4\publish_3-0.4.4.jar;C:\Users\rishi\AppData\Local\Coursier\cache\v1\https\repo1.maven.org\maven2\com\google\jimfs\jimfs\1.3.1\jimfs-1.3.1.jar;C:\Users\rishi\AppData\Local\Coursier\cache\v1\https\repo1.maven.org\maven2\io\get-coursier\jniutils\windows-jni-utils\0.3.3\windows-jni-utils-0.3.3.jar;C:\Users\rishi\AppData\Local\Coursier\cache\v1\https\repo1.maven.org\maven2\com\github\plokhotnyuk\jsoniter-scala\jsoniter-scala-core_3\2.38.8\jsoniter-scala-core_3-2.38.8.jar;C:\Users\rishi\AppData\Local\Coursier\cache\v1\https\repo1.maven.org\maven2\org\virtuslab\scala-cli\libsodiumjni\0.0.4\libsodiumjni-0.0.4.jar;C:\Users\rishi\AppData\Local\Coursier\cache\v1\https\repo1.maven.org\maven2\org\scalameta\metaconfig-typesafe-config_3\0.18.2\metaconfig-typesafe-config_3-0.18.2.jar;C:\Users\rishi\AppData\Local\Coursier\cache\v1\https\repo1.maven.org\maven2\ai\kien\python-native-libs_3\0.2.5\python-native-libs_3-0.2.5.jar;C:\Users\rishi\AppData\Local\Coursier\cache\v1\https\repo1.maven.org\maven2\org\virtuslab\scala-packager_3\0.2.1\scala-packager_3-0.2.1.jar;C:\Users\rishi\AppData\Local\Coursier\cache\v1\https\repo1.maven.org\maven2\org\virtuslab\scala-cli-signing\cli_3\0.2.13\cli_3-0.2.13.jar;C:\Users\rishi\AppData\Local\Coursier\cache\v1\https\repo1.maven.org\maven2\org\slf4j\slf4j-nop\2.0.17\slf4j-nop-2.0.17.jar;C:\Users\rishi\AppData\Local\Coursier\cache\v1\https\repo1.maven.org\maven2\com\softwaremill\sttp\client3\core_3\3.11.0\core_3-3.11.0.jar;C:\Users\rishi\AppData\Local\Coursier\cache\v1\https\repo1.maven.org\maven2\ch\epfl\scala\scalafix-interfaces\0.14.5\scalafix-interfaces-0.14.5.jar;C:\Users\rishi\AppData\Local\Coursier\cache\v1\https\repo1.maven.org\maven2\org\virtuslab\scala-cli\scala3-graal_3\1.9.1\scala3-graal_3-1.9.1.jar;C:\Users\rishi\AppData\Local\Coursier\cache\v1\https\repo1.maven.org\maven2\org\virtuslab\scala-cli\scala3-graal-processor_3\1.9.1\scala3-graal-processor_3-1.9.1.jar;C:\Users\rishi\AppData\Local\Coursier\cache\v1\https\repo1.maven.org\maven2\org\scala-lang\scala3-library_3\3.3.7\scala3-library_3-3.3.7.jar;C:\Users\rishi\AppData\Local\Coursier\cache\v1\https\repo1.maven.org\maven2\org\virtuslab\scala-cli\build-module_3\1.14.0\build-module_3-1.14.0.jar;C:\Users\rishi\AppData\Local\Coursier\cache\v1\https\repo1.maven.org\maven2\org\virtuslab\scala-cli\config_3\1.14.0\config_3-1.14.0.jar;C:\Users\rishi\AppData\Local\Coursier\cache\v1\https\repo1.maven.org\maven2\org\virtuslab\scala-cli\specification-level_3\1.14.0\specification-level_3-1.14.0.jar;C:\Users\rishi\AppData\Local\Coursier\cache\v1\https\repo1.maven.org\maven2\com\lihaoyi\sourcecode_3\0.4.3-M5\sourcecode_3-0.4.3-M5.jar;C:\Users\rishi\AppData\Local\Coursier\cache\v1\https\repo1.maven.org\maven2\com\github\alexarchambault\case-app-annotations_3\2.1.0\case-app-annotations_3-2.1.0.jar;C:\Users\rishi\AppData\Local\Coursier\cache\v1\https\repo1.maven.org\maven2\com\github\alexarchambault\case-app-util_3\2.1.0\case-app-util_3-2.1.0.jar;C:\Users\rishi\AppData\Local\Coursier\cache\v1\https\repo1.maven.org\maven2\io\github\alexarchambault\scala-cli\tmp\zip-input-stream\0.1.1\zip-input-stream-0.1.1.jar;C:\Users\rishi\AppData\Local\Coursier\cache\v1\https\repo1.maven.org\maven2\org\scala-lang\scala-library\2.13.18\scala-library-2.13.18.jar;C:\Users\rishi\AppData\Local\Coursier\cache\v1\https\repo1.maven.org\maven2\io\get-coursier\coursier-cache_2.13\2.1.25-M25\coursier-cache_2.13-2.1.25-M25.jar;C:\Users\rishi\AppData\Local\Coursier\cache\v1\https\repo1.maven.org\maven2\io\get-coursier\coursier-core_2.13\2.1.25-M25\coursier-core_2.13-2.1.25-M25.jar;C:\Users\rishi\AppData\Local\Coursier\cache\v1\https\repo1.maven.org\maven2\com\google\guava\guava\33.5.0-jre\guava-33.5.0-jre.jar;C:\Users\rishi\AppData\Local\Coursier\cache\v1\https\repo1.maven.org\maven2\net\java\dev\jna\jna\5.17.0\jna-5.17.0.jar;C:\Users\rishi\AppData\Local\Coursier\cache\v1\https\repo1.maven.org\maven2\net\java\dev\jna\jna-platform\5.12.1\jna-platform-5.12.1.jar;C:\Users\rishi\AppData\Local\Coursier\cache\v1\https\repo1.maven.org\maven2\org\scalameta\metaconfig-core_3\0.18.2\metaconfig-core_3-0.18.2.jar;C:\Users\rishi\AppData\Local\Coursier\cache\v1\https\repo1.maven.org\maven2\com\typesafe\config\1.4.5\config-1.4.5.jar;C:\Users\rishi\AppData\Local\Coursier\cache\v1\https\repo1.maven.org\maven2\org\scala-lang\modules\scala-collection-compat_3\2.14.0\scala-collection-compat_3-2.14.0.jar;C:\Users\rishi\AppData\Local\Coursier\cache\v1\https\repo1.maven.org\maven2\commons-io\commons-io\2.21.0\commons-io-2.21.0.jar;C:\Users\rishi\AppData\Local\Coursier\cache\v1\https\repo1.maven.org\maven2\com\google\cloud\tools\jib-core\0.27.3\jib-core-0.27.3.jar;C:\Users\rishi\AppData\Local\Coursier\cache\v1\https\repo1.maven.org\maven2\com\lihaoyi\os-lib_3\0.11.8\os-lib_3-0.11.8.jar;C:\Users\rishi\AppData\Local\Coursier\cache\v1\https\repo1.maven.org\maven2\org\bouncycastle\bcpg-jdk18on\1.83\bcpg-jdk18on-1.83.jar;C:\Users\rishi\AppData\Local\Coursier\cache\v1\https\repo1.maven.org\maven2\org\bouncycastle\bcutil-jdk18on\1.83\bcutil-jdk18on-1.83.jar;C:\Users\rishi\AppData\Local\Coursier\cache\v1\https\repo1.maven.org\maven2\org\virtuslab\scala-cli-signing\shared_3\0.2.13\shared_3-0.2.13.jar;C:\Users\rishi\AppData\Local\Coursier\cache\v1\https\repo1.maven.org\maven2\org\slf4j\slf4j-api\2.0.17\slf4j-api-2.0.17.jar;C:\Users\rishi\AppData\Local\Coursier\cache\v1\https\repo1.maven.org\maven2\com\softwaremill\sttp\model\core_3\1.7.11\core_3-1.7.11.jar;C:\Users\rishi\AppData\Local\Coursier\cache\v1\https\repo1.maven.org\maven2\com\softwaremill\sttp\shared\core_3\1.3.22\core_3-1.3.22.jar;C:\Users\rishi\AppData\Local\Coursier\cache\v1\https\repo1.maven.org\maven2\com\softwaremill\sttp\shared\ws_3\1.3.22\ws_3-1.3.22.jar;C:\Users\rishi\AppData\Local\Coursier\cache\v1\https\repo1.maven.org\maven2\io\get-coursier\interface\1.0.28\interface-1.0.28.jar;C:\Users\rishi\AppData\Local\Coursier\cache\v1\https\repo1.maven.org\maven2\org\ow2\asm\asm\9.9.1\asm-9.9.1.jar;C:\Users\rishi\AppData\Local\Coursier\cache\v1\https\repo1.maven.org\maven2\org\virtuslab\scala-cli\java-class-name\java-class-name_3\0.1.9\java-class-name_3-0.1.9.jar;C:\Users\rishi\AppData\Local\Coursier\cache\v1\https\repo1.maven.org\maven2\org\scalameta\semanticdb-shared_2.13\4.15.2\semanticdb-shared_2.13-4.15.2.jar;C:\Users\rishi\AppData\Local\Coursier\cache\v1\https\repo1.maven.org\maven2\org\scala-native\test-runner_3\0.5.11\test-runner_3-0.5.11.jar;C:\Users\rishi\AppData\Local\Coursier\cache\v1\https\repo1.maven.org\maven2\com\lihaoyi\pprint_3\0.9.5\pprint_3-0.9.5.jar;C:\Users\rishi\AppData\Local\Coursier\cache\v1\https\repo1.maven.org\maven2\org\scala-js\scalajs-env-nodejs_3\1.5.0\scalajs-env-nodejs_3-1.5.0.jar;C:\Users\rishi\AppData\Local\Coursier\cache\v1\https\repo1.maven.org\maven2\org\scala-js\scalajs-sbt-test-adapter_2.13\1.21.0\scalajs-sbt-test-adapter_2.13-1.21.0.jar;C:\Users\rishi\AppData\Local\Coursier\cache\v1\https\repo1.maven.org\maven2\com\swoval\file-tree-views\2.1.12\file-tree-views-2.1.12.jar;C:\Users\rishi\AppData\Local\Coursier\cache\v1\https\repo1.maven.org\maven2\org\virtuslab\scala-cli\zip-input-stream\zip-input-stream\0.1.3\zip-input-stream-0.1.3.jar;C:\Users\rishi\AppData\Local\Coursier\cache\v1\https\repo1.maven.org\maven2\org\virtuslab\scala-cli\options_3\1.14.0\options_3-1.14.0.jar;C:\Users\rishi\AppData\Local\Coursier\cache\v1\https\repo1.maven.org\maven2\org\virtuslab\scala-cli\directives_3\1.14.0\directives_3-1.14.0.jar;C:\Users\rishi\AppData\Local\Coursier\cache\v1\https\repo1.maven.org\maven2\org\virtuslab\scala-cli\scala-cli-bsp\1.14.0\scala-cli-bsp-1.14.0.jar;C:\Users\rishi\AppData\Local\Coursier\cache\v1\https\repo1.maven.org\maven2\org\virtuslab\scala-cli\test-runner_3\1.14.0\test-runner_3-1.14.0.jar;C:\Users\rishi\AppData\Local\Coursier\cache\v1\https\repo1.maven.org\maven2\org\virtuslab\scala-cli\tasty-lib_3\1.14.0\tasty-lib_3-1.14.0.jar;C:\Users\rishi\AppData\Local\Coursier\cache\v1\https\repo1.maven.org\maven2\io\github\alexarchambault\windows-ansi\windows-ansi\0.0.6\windows-ansi-0.0.6.jar;C:\Users\rishi\AppData\Local\Coursier\cache\v1\https\repo1.maven.org\maven2\io\get-coursier\cache-util\2.1.25-M25\cache-util-2.1.25-M25.jar;C:\Users\rishi\AppData\Local\Coursier\cache\v1\https\repo1.maven.org\maven2\io\get-coursier\coursier-paths\2.1.25-M25\coursier-paths-2.1.25-M25.jar;C:\Users\rishi\AppData\Local\Coursier\cache\v1\https\repo1.maven.org\maven2\io\get-coursier\coursier-util_2.13\2.1.25-M25\coursier-util_2.13-2.1.25-M25.jar;C:\Users\rishi\AppData\Local\Coursier\cache\v1\https\repo1.maven.org\maven2\io\get-coursier\versions_2.13\0.5.3\versions_2.13-0.5.3.jar;C:\Users\rishi\AppData\Local\Coursier\cache\v1\https\repo1.maven.org\maven2\io\github\alexarchambault\concurrent-reference-hash-map\1.1.0\concurrent-reference-hash-map-1.1.0.jar;C:\Users\rishi\AppData\Local\Coursier\cache\v1\https\repo1.maven.org\maven2\org\scala-lang\modules\scala-xml_2.13\2.4.0\scala-xml_2.13-2.4.0.jar;C:\Users\rishi\AppData\Local\Coursier\cache\v1\https\repo1.maven.org\maven2\com\google\guava\failureaccess\1.0.3\failureaccess-1.0.3.jar;C:\Users\rishi\AppData\Local\Coursier\cache\v1\https\repo1.maven.org\maven2\com\google\guava\listenablefuture\9999.0-empty-to-avoid-conflict-with-guava\listenablefuture-9999.0-empty-to-avoid-conflict-with-guava.jar;C:\Users\rishi\AppData\Local\Coursier\cache\v1\https\repo1.maven.org\maven2\org\jspecify\jspecify\1.0.0\jspecify-1.0.0.jar;C:\Users\rishi\AppData\Local\Coursier\cache\v1\https\repo1.maven.org\maven2\com\google\errorprone\error_prone_annotations\2.41.0\error_prone_annotations-2.41.0.jar;C:\Users\rishi\AppData\Local\Coursier\cache\v1\https\repo1.maven.org\maven2\com\google\j2objc\j2objc-annotations\3.1\j2objc-annotations-3.1.jar;C:\Users\rishi\AppData\Local\Coursier\cache\v1\https\repo1.maven.org\maven2\org\scalameta\metaconfig-pprint_3\0.18.2\metaconfig-pprint_3-0.18.2.jar;C:\Users\rishi\AppData\Local\Coursier\cache\v1\https\repo1.maven.org\maven2\org\typelevel\paiges-core_3\0.4.4\paiges-core_3-0.4.4.jar;C:\Users\rishi\AppData\Local\Coursier\cache\v1\https\repo1.maven.org\maven2\org\scala-lang\scala-reflect\2.13.18\scala-reflect-2.13.18.jar;C:\Users\rishi\AppData\Local\Coursier\cache\v1\https\repo1.maven.org\maven2\com\google\cloud\tools\jib-build-plan\0.4.0\jib-build-plan-0.4.0.jar;C:\Users\rishi\AppData\Local\Coursier\cache\v1\https\repo1.maven.org\maven2\com\google\http-client\google-http-client\1.42.2\google-http-client-1.42.2.jar;C:\Users\rishi\AppData\Local\Coursier\cache\v1\https\repo1.maven.org\maven2\com\google\http-client\google-http-client-apache-v2\1.42.2\google-http-client-apache-v2-1.42.2.jar;C:\Users\rishi\AppData\Local\Coursier\cache\v1\https\repo1.maven.org\maven2\com\google\auth\google-auth-library-oauth2-http\1.10.0\google-auth-library-oauth2-http-1.10.0.jar;C:\Users\rishi\AppData\Local\Coursier\cache\v1\https\repo1.maven.org\maven2\org\apache\commons\commons-compress\1.28.0\commons-compress-1.28.0.jar;C:\Users\rishi\AppData\Local\Coursier\cache\v1\https\repo1.maven.org\maven2\com\fasterxml\jackson\core\jackson-databind\2.15.2\jackson-databind-2.15.2.jar;C:\Users\rishi\AppData\Local\Coursier\cache\v1\https\repo1.maven.org\maven2\com\fasterxml\jackson\datatype\jackson-datatype-jsr310\2.15.2\jackson-datatype-jsr310-2.15.2.jar;C:\Users\rishi\AppData\Local\Coursier\cache\v1\https\repo1.maven.org\maven2\com\lihaoyi\geny_3\1.1.1\geny_3-1.1.1.jar;C:\Users\rishi\AppData\Local\Coursier\cache\v1\https\repo1.maven.org\maven2\com\lihaoyi\os-zip\0.11.8\os-zip-0.11.8.jar;C:\Users\rishi\AppData\Local\Coursier\cache\v1\https\repo1.maven.org\maven2\org\bouncycastle\bcprov-jdk18on\1.83\bcprov-jdk18on-1.83.jar;C:\Users\rishi\AppData\Local\Coursier\cache\v1\https\repo1.maven.org\maven2\org\jline\jline-terminal-jni\3.25.0\jline-terminal-jni-3.25.0.jar;C:\Users\rishi\AppData\Local\Coursier\cache\v1\https\repo1.maven.org\maven2\org\jline\jline-native\3.25.0\jline-native-3.25.0.jar;C:\Users\rishi\AppData\Local\Coursier\cache\v1\https\repo1.maven.org\maven2\org\scala-lang\scala3-compiler_3\3.3.7\scala3-compiler_3-3.3.7.jar;C:\Users\rishi\AppData\Local\Coursier\cache\v1\https\repo1.maven.org\maven2\org\scalameta\scalameta_2.13\4.15.2\scalameta_2.13-4.15.2.jar;C:\Users\rishi\AppData\Local\Coursier\cache\v1\https\repo1.maven.org\maven2\org\scala-lang\scalap\2.13.15\scalap-2.13.15.jar;C:\Users\rishi\AppData\Local\Coursier\cache\v1\https\repo1.maven.org\maven2\com\thesamet\scalapb\scalapb-runtime_2.13\0.11.17\scalapb-runtime_2.13-0.11.17.jar;C:\Users\rishi\AppData\Local\Coursier\cache\v1\https\repo1.maven.org\maven2\org\scala-native\tools_3\0.5.11\tools_3-0.5.11.jar;C:\Users\rishi\AppData\Local\Coursier\cache\v1\https\repo1.maven.org\maven2\org\scala-sbt\test-interface\1.0\test-interface-1.0.jar;C:\Users\rishi\AppData\Local\Coursier\cache\v1\https\repo1.maven.org\maven2\com\lihaoyi\fansi_3\0.5.1\fansi_3-0.5.1.jar;C:\Users\rishi\AppData\Local\Coursier\cache\v1\https\repo1.maven.org\maven2\org\scala-js\scalajs-js-envs_3\1.5.0\scalajs-js-envs_3-1.5.0.jar;C:\Users\rishi\AppData\Local\Coursier\cache\v1\https\repo1.maven.org\maven2\ch\epfl\scala\bloop-config_2.13\2.3.3\bloop-config_2.13-2.3.3.jar;C:\Users\rishi\AppData\Local\Coursier\cache\v1\https\repo1.maven.org\maven2\org\virtuslab\scala-cli\core_3\1.14.0\core_3-1.14.0.jar;C:\Users\rishi\AppData\Local\Coursier\cache\v1\https\repo1.maven.org\maven2\org\virtuslab\scala-cli\build-macros_3\1.14.0\build-macros_3-1.14.0.jar;C:\Users\rishi\AppData\Local\Coursier\cache\v1\https\repo1.maven.org\maven2\org\virtuslab\scala-cli\directives-parser_3\1.14.0\directives-parser_3-1.14.0.jar;C:\Users\rishi\AppData\Local\Coursier\cache\v1\https\repo1.maven.org\maven2\ch\epfl\scala\bsp4j\2.1.1\bsp4j-2.1.1.jar;C:\Users\rishi\AppData\Local\Coursier\cache\v1\https\repo1.maven.org\maven2\org\fusesource\jansi\jansi\2.4.1\jansi-2.4.1.jar;C:\Users\rishi\AppData\Local\Coursier\cache\v1\https\repo1.maven.org\maven2\io\github\alexarchambault\is-terminal\0.1.2\is-terminal-0.1.2.jar;C:\Users\rishi\AppData\Local\Coursier\cache\v1\https\repo1.maven.org\maven2\org\apache\httpcomponents\httpclient\4.5.13\httpclient-4.5.13.jar;C:\Users\rishi\AppData\Local\Coursier\cache\v1\https\repo1.maven.org\maven2\org\apache\httpcomponents\httpcore\4.4.15\httpcore-4.4.15.jar;C:\Users\rishi\AppData\Local\Coursier\cache\v1\https\repo1.maven.org\maven2\com\google\code\findbugs\jsr305\3.0.2\jsr305-3.0.2.jar;C:\Users\rishi\AppData\Local\Coursier\cache\v1\https\repo1.maven.org\maven2\io\opencensus\opencensus-api\0.31.1\opencensus-api-0.31.1.jar;C:\Users\rishi\AppData\Local\Coursier\cache\v1\https\repo1.maven.org\maven2\io\opencensus\opencensus-contrib-http-util\0.31.1\opencensus-contrib-http-util-0.31.1.jar;C:\Users\rishi\AppData\Local\Coursier\cache\v1\https\repo1.maven.org\maven2\com\google\auto\value\auto-value-annotations\1.9\auto-value-annotations-1.9.jar;C:\Users\rishi\AppData\Local\Coursier\cache\v1\https\repo1.maven.org\maven2\com\google\auth\google-auth-library-credentials\1.10.0\google-auth-library-credentials-1.10.0.jar;C:\Users\rishi\AppData\Local\Coursier\cache\v1\https\repo1.maven.org\maven2\com\google\http-client\google-http-client-gson\1.42.2\google-http-client-gson-1.42.2.jar;C:\Users\rishi\AppData\Local\Coursier\cache\v1\https\repo1.maven.org\maven2\commons-codec\commons-codec\1.20.0\commons-codec-1.20.0.jar;C:\Users\rishi\AppData\Local\Coursier\cache\v1\https\repo1.maven.org\maven2\org\apache\commons\commons-lang3\3.18.0\commons-lang3-3.18.0.jar;C:\Users\rishi\AppData\Local\Coursier\cache\v1\https\repo1.maven.org\maven2\com\fasterxml\jackson\core\jackson-annotations\2.15.2\jackson-annotations-2.15.2.jar;C:\Users\rishi\AppData\Local\Coursier\cache\v1\https\repo1.maven.org\maven2\com\fasterxml\jackson\core\jackson-core\2.15.2\jackson-core-2.15.2.jar;C:\Users\rishi\AppData\Local\Coursier\cache\v1\https\repo1.maven.org\maven2\org\scala-lang\scala3-interfaces\3.3.7\scala3-interfaces-3.3.7.jar;C:\Users\rishi\AppData\Local\Coursier\cache\v1\https\repo1.maven.org\maven2\org\scala-lang\tasty-core_3\3.3.7\tasty-core_3-3.3.7.jar;C:\Users\rishi\AppData\Local\Coursier\cache\v1\https\repo1.maven.org\maven2\org\scala-lang\modules\scala-asm\9.8.0-scala-1\scala-asm-9.8.0-scala-1.jar;C:\Users\rishi\AppData\Local\Coursier\cache\v1\https\repo1.maven.org\maven2\org\scala-sbt\compiler-interface\1.10.7\compiler-interface-1.10.7.jar;C:\Users\rishi\AppData\Local\Coursier\cache\v1\https\repo1.maven.org\maven2\org\scalameta\parsers_2.13\4.15.2\parsers_2.13-4.15.2.jar;C:\Users\rishi\AppData\Local\Coursier\cache\v1\https\repo1.maven.org\maven2\org\scala-lang\scala-compiler\2.13.15\scala-compiler-2.13.15.jar;C:\Users\rishi\AppData\Local\Coursier\cache\v1\https\repo1.maven.org\maven2\com\thesamet\scalapb\lenses_2.13\0.11.17\lenses_2.13-0.11.17.jar;C:\Users\rishi\AppData\Local\Coursier\cache\v1\https\repo1.maven.org\maven2\com\google\protobuf\protobuf-java\3.19.6\protobuf-java-3.19.6.jar;C:\Users\rishi\AppData\Local\Coursier\cache\v1\https\repo1.maven.org\maven2\org\scala-native\nir_3\0.5.11\nir_3-0.5.11.jar;C:\Users\rishi\AppData\Local\Coursier\cache\v1\https\repo1.maven.org\maven2\org\scala-native\util_3\0.5.11\util_3-0.5.11.jar;C:\Users\rishi\AppData\Local\Coursier\cache\v1\https\repo1.maven.org\maven2\org\scala-js\scalajs-logging_3\1.2.0\scalajs-logging_3-1.2.0.jar;C:\Users\rishi\AppData\Local\Coursier\cache\v1\https\repo1.maven.org\maven2\com\lihaoyi\unroll-annotation_2.13\0.1.12\unroll-annotation_2.13-0.1.12.jar;C:\Users\rishi\AppData\Local\Coursier\cache\v1\https\repo1.maven.org\maven2\ch\epfl\scala\bloop-rifle_2.13\2.0.19\bloop-rifle_2.13-2.0.19.jar;C:\Users\rishi\AppData\Local\Coursier\cache\v1\https\repo1.maven.org\maven2\io\get-coursier\coursier-jvm_2.13\2.1.25-M25\coursier-jvm_2.13-2.1.25-M25.jar;C:\Users\rishi\AppData\Local\Coursier\cache\v1\https\repo1.maven.org\maven2\io\get-coursier\dependency_3\0.3.2\dependency_3-0.3.2.jar;C:\Users\rishi\AppData\Local\Coursier\cache\v1\https\repo1.maven.org\maven2\org\eclipse\jgit\org.eclipse.jgit\7.5.0.202512021534-r\org.eclipse.jgit-7.5.0.202512021534-r.jar;C:\Users\rishi\AppData\Local\Coursier\cache\v1\https\repo1.maven.org\maven2\org\scala-js\scalajs-env-jsdom-nodejs_2.13\1.1.1\scalajs-env-jsdom-nodejs_2.13-1.1.1.jar;C:\Users\rishi\AppData\Local\Coursier\cache\v1\https\repo1.maven.org\maven2\org\eclipse\lsp4j\org.eclipse.lsp4j.generator\0.20.1\org.eclipse.lsp4j.generator-0.20.1.jar;C:\Users\rishi\AppData\Local\Coursier\cache\v1\https\repo1.maven.org\maven2\org\eclipse\lsp4j\org.eclipse.lsp4j.jsonrpc\0.20.1\org.eclipse.lsp4j.jsonrpc-0.20.1.jar;C:\Users\rishi\AppData\Local\Coursier\cache\v1\https\repo1.maven.org\maven2\commons-logging\commons-logging\1.2\commons-logging-1.2.jar;C:\Users\rishi\AppData\Local\Coursier\cache\v1\https\repo1.maven.org\maven2\io\grpc\grpc-context\1.27.2\grpc-context-1.27.2.jar;C:\Users\rishi\AppData\Local\Coursier\cache\v1\https\repo1.maven.org\maven2\com\google\code\gson\gson\2.10.1\gson-2.10.1.jar;C:\Users\rishi\AppData\Local\Coursier\cache\v1\https\repo1.maven.org\maven2\org\scala-sbt\util-interface\1.10.7\util-interface-1.10.7.jar;C:\Users\rishi\AppData\Local\Coursier\cache\v1\https\repo1.maven.org\maven2\org\scalameta\trees_2.13\4.15.2\trees_2.13-4.15.2.jar;C:\Users\rishi\AppData\Local\Coursier\cache\v1\https\repo1.maven.org\maven2\io\github\java-diff-utils\java-diff-utils\4.12\java-diff-utils-4.12.jar;C:\Users\rishi\AppData\Local\Coursier\cache\v1\https\repo1.maven.org\maven2\ch\epfl\scala\libdaemon_2.13\0.0.12\libdaemon_2.13-0.0.12.jar;C:\Users\rishi\AppData\Local\Coursier\cache\v1\https\repo1.maven.org\maven2\io\github\alexarchambault\scala-cli\snailgun\snailgun-core_2.13\0.4.1-sc2\snailgun-core_2.13-0.4.1-sc2.jar;C:\Users\rishi\AppData\Local\Coursier\cache\v1\https\repo1.maven.org\maven2\io\get-coursier\coursier_2.13\2.1.25-M25\coursier_2.13-2.1.25-M25.jar;C:\Users\rishi\AppData\Local\Coursier\cache\v1\https\repo1.maven.org\maven2\io\get-coursier\coursier-archive-cache_2.13\2.1.25-M25\coursier-archive-cache_2.13-2.1.25-M25.jar;C:\Users\rishi\AppData\Local\Coursier\cache\v1\https\repo1.maven.org\maven2\io\get-coursier\coursier-env_2.13\2.1.25-M25\coursier-env_2.13-2.1.25-M25.jar;C:\Users\rishi\AppData\Local\Coursier\cache\v1\https\repo1.maven.org\maven2\io\get-coursier\coursier-exec\2.1.25-M25\coursier-exec-2.1.25-M25.jar;C:\Users\rishi\AppData\Local\Coursier\cache\v1\https\repo1.maven.org\maven2\com\googlecode\javaewah\JavaEWAH\1.2.3\JavaEWAH-1.2.3.jar;C:\Users\rishi\AppData\Local\Coursier\cache\v1\https\repo1.maven.org\maven2\org\eclipse\xtend\org.eclipse.xtend.lib\2.28.0\org.eclipse.xtend.lib-2.28.0.jar;C:\Users\rishi\AppData\Local\Coursier\cache\v1\https\repo1.maven.org\maven2\org\scalameta\common_2.13\4.15.2\common_2.13-4.15.2.jar;C:\Users\rishi\AppData\Local\Coursier\cache\v1\https\repo1.maven.org\maven2\org\scalameta\io_2.13\4.15.2\io_2.13-4.15.2.jar;C:\Users\rishi\AppData\Local\Coursier\cache\v1\https\repo1.maven.org\maven2\org\codehaus\plexus\plexus-archiver\4.11.0\plexus-archiver-4.11.0.jar;C:\Users\rishi\AppData\Local\Coursier\cache\v1\https\repo1.maven.org\maven2\org\codehaus\plexus\plexus-container-default\2.1.1\plexus-container-default-2.1.1.jar;C:\Users\rishi\AppData\Local\Coursier\cache\v1\https\repo1.maven.org\maven2\org\codehaus\plexus\plexus-utils\4.0.3\plexus-utils-4.0.3.jar;C:\Users\rishi\AppData\Local\Coursier\cache\v1\https\repo1.maven.org\maven2\org\apache\tika\tika-core\3.2.3\tika-core-3.2.3.jar;C:\Users\rishi\AppData\Local\Coursier\cache\v1\https\repo1.maven.org\maven2\com\github\luben\zstd-jni\1.5.7-6\zstd-jni-1.5.7-6.jar;C:\Users\rishi\AppData\Local\Coursier\cache\v1\https\repo1.maven.org\maven2\org\eclipse\xtext\org.eclipse.xtext.xbase.lib\2.28.0\org.eclipse.xtext.xbase.lib-2.28.0.jar;C:\Users\rishi\AppData\Local\Coursier\cache\v1\https\repo1.maven.org\maven2\org\eclipse\xtend\org.eclipse.xtend.lib.macro\2.28.0\org.eclipse.xtend.lib.macro-2.28.0.jar;C:\Users\rishi\AppData\Local\Coursier\cache\v1\https\repo1.maven.org\maven2\javax\inject\javax.inject\1\javax.inject-1.jar;C:\Users\rishi\AppData\Local\Coursier\cache\v1\https\repo1.maven.org\maven2\org\codehaus\plexus\plexus-io\3.6.0\plexus-io-3.6.0.jar;C:\Users\rishi\AppData\Local\Coursier\cache\v1\https\repo1.maven.org\maven2\org\tukaani\xz\1.11\xz-1.11.jar;C:\Users\rishi\AppData\Local\Coursier\cache\v1\https\repo1.maven.org\maven2\org\codehaus\plexus\plexus-classworlds\2.6.0\plexus-classworlds-2.6.0.jar;C:\Users\rishi\AppData\Local\Coursier\cache\v1\https\repo1.maven.org\maven2\org\apache\xbean\xbean-reflect\3.7\xbean-reflect-3.7.jar, scala.cli.ScalaCli, bsp, C:\Users\rishi\BIG DATA\SCALA)
2026.08.04 16:44:16 INFO  Tracing is disabled for protocol BSP. To enable tracing of incoming and outgoing JSON messages, create an empty file at C:\Users\rishi\BIG DATA\SCALA\.metals\bsp.trace.json or C:\Users\rishi\AppData\Local\scalameta\metals\cache\bsp.trace.json
2026.08.04 16:44:16 INFO  Scala CLI: WARNING: A terminally deprecated method in sun.misc.Unsafe has been called
2026.08.04 16:44:16 INFO  Scala CLI: WARNING: sun.misc.Unsafe::objectFieldOffset has been called by scala.runtime.LazyVals$ (file:/C:/Users/rishi/AppData/Local/Coursier/cache/v1/https/repo1.maven.org/maven2/org/scala-lang/scala3-library_3/3.3.7/scala3-library_3-3.3.7.jar)
2026.08.04 16:44:16 INFO  Scala CLI: WARNING: Please consider reporting this to the maintainers of class scala.runtime.LazyVals$
2026.08.04 16:44:16 INFO  Scala CLI: WARNING: sun.misc.Unsafe::objectFieldOffset will be removed in a future release
2026.08.04 16:44:16 INFO  Scala CLI: WARNING: A restricted method in java.lang.System has been called
2026.08.04 16:44:16 INFO  Scala CLI: WARNING: java.lang.System::load has been called by coursier.jniutils.LoadWindowsLibrary in an unnamed module (file:/C:/Users/rishi/AppData/Local/Coursier/cache/v1/https/repo1.maven.org/maven2/io/get-coursier/jniutils/windows-jni-utils/0.3.3/windows-jni-utils-0.3.3.jar)
2026.08.04 16:44:16 INFO  Scala CLI: WARNING: Use --enable-native-access=ALL-UNNAMED to avoid a warning for callers in this module
2026.08.04 16:44:16 INFO  Scala CLI: WARNING: Restricted methods will be blocked in a future release unless native access is enabled
2026.08.04 16:44:16 INFO  Scala CLI: 
2026.08.04 16:44:21 INFO  Connected to Scala CLI server v1.14.0
2026.08.04 16:44:21 INFO  compiling scala_d5c0a6989e (1 scala source)
2026.08.04 16:44:21 INFO  time: compiled SCALA_d5c0a6989e in 0.64s
2026.08.04 16:44:22 WARN  Using H2 2.4.240 which is newer than the version Flyway has been verified with. The latest verified version of H2 is 2.3.232.
2026.08.04 16:44:24 INFO  time: indexed workspace in 3.81s
2026.08.04 16:44:25 INFO  Scala CLI started for C:\Users\rishi\BIG DATA\SCALA
2026.08.04 16:44:25 WARN  no build tool detected in workspace 'C:\Users\rishi\BIG DATA\SCALA'. The most common cause for this problem is that the editor was opened in the wrong working directory, for example if you use sbt then the workspace directory should contain build.sbt. 
2026.08.04 16:44:25 WARN  Build server is not auto-connectable.
2026.08.04 16:46:30 INFO  Detected new build tool in C:\Users\rishi\BIG DATA\SCALA
2026.08.04 16:46:30 INFO  no build target found for C:\Users\rishi\BIG DATA\SCALA\build.sbt. Using presentation compiler with project's scala-library version: 3.8.3
2026.08.04 16:46:30 WARN  no build target for: C:\Users\rishi\BIG DATA\SCALA\build.sbt
2026.08.04 16:46:51 WARN  no build target for: C:\Users\rishi\BIG DATA\SCALA\build.sbt
2026.08.04 16:46:51 INFO  no build target found for C:\Users\rishi\BIG DATA\SCALA\build.sbt. Using presentation compiler with project's scala-library version: 3.8.3
2026.08.04 16:46:51 WARN  Could not find semantic tokens for: file:///C:/Users/rishi/BIG%20DATA/SCALA/build.sbt
2026.08.04 16:46:51 INFO  no build target found for C:\Users\rishi\BIG DATA\SCALA\build.sbt. Using presentation compiler with project's scala-library version: 3.8.3
2026.08.04 16:46:51 WARN  Could not find semantic tokens for: file:///C:/Users/rishi/BIG%20DATA/SCALA/build.sbt
2026.08.04 16:46:56 INFO  no build target found for C:\Users\rishi\BIG DATA\SCALA\build.sbt. Using presentation compiler with project's scala-library version: 3.8.3
Aug 04, 2026 4:46:56 PM org.eclipse.lsp4j.jsonrpc.RemoteEndpoint handleCancellation
WARNING: Unmatched cancel notification for request id 26
2026.08.04 16:46:56 INFO  no build target found for C:\Users\rishi\BIG DATA\SCALA\build.sbt. Using presentation compiler with project's scala-library version: 3.8.3
2026.08.04 16:46:56 INFO  no build target found for C:\Users\rishi\BIG DATA\SCALA\build.sbt. Using presentation compiler with project's scala-library version: 3.8.3
2026.08.04 16:46:56 INFO  no build target found for C:\Users\rishi\BIG DATA\SCALA\build.sbt. Using presentation compiler with project's scala-library version: 3.8.3
2026.08.04 16:46:56 WARN  Could not find semantic tokens for: file:///C:/Users/rishi/BIG%20DATA/SCALA/build.sbt
2026.08.04 16:46:56 INFO  no build target found for C:\Users\rishi\BIG DATA\SCALA\build.sbt. Using presentation compiler with project's scala-library version: 3.8.3
2026.08.04 16:46:56 WARN  Could not find semantic tokens for: file:///C:/Users/rishi/BIG%20DATA/SCALA/build.sbt
2026.08.04 16:47:05 ERROR scala.meta.internal.metals.debug.DiscoveryFailures$BuildTargetNotFoundForPathException: No build target could be found for the path: C:\Users\rishi\BIG DATA\SCALA\build.sbt
	at scala.meta.internal.metals.debug.DebugDiscovery.validate(DebugDiscovery.scala:88)
	at scala.meta.internal.metals.debug.DebugDiscovery.debugDiscovery(DebugDiscovery.scala:164)
	at scala.meta.internal.metals.MetalsLspService.$anonfun$debugDiscovery$3(MetalsLspService.scala:1603)
	at scala.meta.internal.metals.MetalsLspService.afterCompilationFinished(MetalsLspService.scala:1598)
	at scala.meta.internal.metals.MetalsLspService.debugDiscovery(MetalsLspService.scala:1603)
	at scala.meta.internal.metals.WorkspaceLspService.executeCommand(WorkspaceLspService.scala:1157)
	at scala.meta.metals.lsp.DelegatingScalaService.executeCommand(DelegatingScalaService.scala:184)
	at jdk.internal.reflect.DirectMethodHandleAccessor.invoke(DirectMethodHandleAccessor.java:104)
	at java.lang.reflect.Method.invoke(Method.java:565)
	at org.eclipse.lsp4j.jsonrpc.services.GenericEndpoint.lambda$recursiveFindRpcMethods$0(GenericEndpoint.java:65)
	at org.eclipse.lsp4j.jsonrpc.services.GenericEndpoint.request(GenericEndpoint.java:128)
	at org.eclipse.lsp4j.jsonrpc.RemoteEndpoint.handleRequest(RemoteEndpoint.java:265)
	at org.eclipse.lsp4j.jsonrpc.RemoteEndpoint.consume(RemoteEndpoint.java:195)
	at org.eclipse.lsp4j.jsonrpc.json.StreamMessageProducer.handleMessage(StreamMessageProducer.java:189)
	at org.eclipse.lsp4j.jsonrpc.json.StreamMessageProducer.listen(StreamMessageProducer.java:97)
	at org.eclipse.lsp4j.jsonrpc.json.ConcurrentMessageProcessor.run(ConcurrentMessageProcessor.java:97)
	at java.util.concurrent.Executors$RunnableAdapter.call(Executors.java:545)
	at java.util.concurrent.FutureTask.run(FutureTask.java:330)
	at java.util.concurrent.ThreadPoolExecutor.runWorker(ThreadPoolExecutor.java:1090)
	at java.util.concurrent.ThreadPoolExecutor$Worker.run(ThreadPoolExecutor.java:614)
	at java.lang.Thread.run(Thread.java:1516)

2026.08.04 16:47:59 INFO  no build target found for C:\Users\rishi\BIG DATA\SCALA\build.sbt. Using presentation compiler with project's scala-library version: 3.8.3
2026.08.04 16:47:59 WARN  Could not find semantic tokens for: file:///C:/Users/rishi/BIG%20DATA/SCALA/build.sbt
2026.08.04 16:47:59 WARN  No build server connected
2026.08.04 16:47:59 INFO  compiling scala_d5c0a6989e (1 scala source)
2026.08.04 16:47:59 INFO  time: compiled SCALA_d5c0a6989e in 0.58s
2026.08.04 16:48:21 WARN  no build target for: C:\Users\rishi\BIG DATA\SCALA\build.sbt
2026.08.04 16:48:21 INFO  no build target found for C:\Users\rishi\BIG DATA\SCALA\build.sbt. Using presentation compiler with project's scala-library version: 3.8.3
2026.08.04 16:48:21 WARN  Could not find semantic tokens for: file:///C:/Users/rishi/BIG%20DATA/SCALA/build.sbt
2026.08.04 16:48:21 INFO  no build target found for C:\Users\rishi\BIG DATA\SCALA\build.sbt. Using presentation compiler with project's scala-library version: 3.8.3
2026.08.04 16:48:21 WARN  Could not find semantic tokens for: file:///C:/Users/rishi/BIG%20DATA/SCALA/build.sbt
2026.08.04 16:48:39 INFO  no build target found for C:\Users\rishi\BIG DATA\SCALA\build.sbt. Using presentation compiler with project's scala-library version: 3.8.3
2026.08.04 16:48:39 WARN  no build target for: C:\Users\rishi\BIG DATA\SCALA\build.sbt
2026.08.04 16:48:39 INFO  no build target found for C:\Users\rishi\BIG DATA\SCALA\build.sbt. Using presentation compiler with project's scala-library version: 3.8.3
2026.08.04 16:48:39 WARN  Could not find semantic tokens for: file:///C:/Users/rishi/BIG%20DATA/SCALA/build.sbt
2026.08.04 16:49:14 INFO  no build target found for C:\Users\rishi\BIG DATA\SCALA\build.sbt. Using presentation compiler with project's scala-library version: 3.8.3
2026.08.04 16:49:14 WARN  Could not find semantic tokens for: file:///C:/Users/rishi/BIG%20DATA/SCALA/build.sbt
2026.08.04 16:54:22 WARN  No build server connected
2026.08.04 16:54:22 ERROR scala.meta.internal.metals.debug.DiscoveryFailures$WorkspaceResetException$: Run cancelled due to workspace reset. Please try running again.
	at scala.meta.internal.metals.debug.DiscoveryFailures$WorkspaceResetException$.<clinit>(DiscoveryFailures.scala:75)
	at scala.meta.internal.metals.MetalsLspService.$anonfun$afterCompilationFinished$6(MetalsLspService.scala:1592)
	at scala.concurrent.impl.Promise$Transformation.run(Promise.scala:503)
	at java.util.concurrent.ThreadPoolExecutor.runWorker(ThreadPoolExecutor.java:1090)
	at java.util.concurrent.ThreadPoolExecutor$Worker.run(ThreadPoolExecutor.java:614)
	at java.lang.Thread.run(Thread.java:1516)

2026.08.04 16:54:22 INFO  Cancelling compilation on scala-cli server
2026.08.04 16:54:22 INFO  compiling scala_d5c0a6989e (1 scala source)
2026.08.04 16:54:22 INFO  Deduplicating compilation of SCALA_d5c0a6989e from bsp client 'scala-cli 1.14.0' (since 10m 2.4s)
2026.08.04 16:54:22 INFO  compiling scala_d5c0a6989e (1 scala source)
2026.08.04 16:54:22 INFO  time: compiled SCALA_d5c0a6989e in 0.46s
2026.08.04 16:58:54 INFO  no build target found for C:\Users\rishi\BIG DATA\SCALA\Area.scala. Using presentation compiler with project's scala-library version: 3.8.3
2026.08.04 16:58:54 WARN  no build target for: C:\Users\rishi\BIG DATA\SCALA\Area.scala
2026.08.04 16:58:54 INFO  no build target found for C:\Users\rishi\BIG DATA\SCALA\Area.scala. Using presentation compiler with project's scala-library version: 3.8.3
2026.08.04 16:58:55 WARN  No build server connected
2026.08.04 16:58:55 INFO  compiling scala_d5c0a6989e (1 scala source)
2026.08.04 16:58:55 INFO  time: compiled SCALA_d5c0a6989e in 82ms
2026.08.04 16:58:55 INFO  compiling scala_d5c0a6989e (3 scala sources)
2026.08.04 16:58:55 INFO  time: compiled SCALA_d5c0a6989e in 0.24s
2026.08.04 16:58:55 INFO  compiling scala_d5c0a6989e (1 scala source)
2026.08.04 16:58:55 INFO  time: compiled SCALA_d5c0a6989e in 95ms
2026.08.04 16:58:55 INFO  compiling scala_d5c0a6989e (3 scala sources)
2026.08.04 16:58:55 INFO  time: compiled SCALA_d5c0a6989e in 0.18s
Aug 04, 2026 4:59:01 PM org.eclipse.lsp4j.jsonrpc.RemoteEndpoint handleNotification
WARNING: Notification threw an exception: {
  "jsonrpc": "2.0",
  "method": "metals/didFocusTextDocument",
  "params": [
    "untitled:Untitled-1"
  ]
}
java.nio.file.FileSystemNotFoundException: Provider "untitled" not installed
	at java.base/java.nio.file.Path.of(Path.java:210)
	at java.base/java.nio.file.Paths.get(Paths.java:95)
	at scala.meta.internal.mtags.MtagsEnrichments$XtensionURIMtags.toAbsolutePath(MtagsEnrichments.scala:149)
	at scala.meta.internal.mtags.MtagsEnrichments$XtensionStringMtags.toAbsolutePath(MtagsEnrichments.scala:221)
	at scala.meta.internal.metals.MetalsEnrichments$XtensionString.toAbsolutePath(MetalsEnrichments.scala:787)
	at scala.meta.internal.metals.MetalsEnrichments$XtensionString.toAbsolutePath(MetalsEnrichments.scala:784)
	at scala.meta.internal.metals.WorkspaceLspService.didFocus(WorkspaceLspService.scala:808)
	at scala.meta.metals.lsp.DelegatingScalaService.didFocus(DelegatingScalaService.scala:42)
	at java.base/jdk.internal.reflect.DirectMethodHandleAccessor.invoke(DirectMethodHandleAccessor.java:104)
	at java.base/java.lang.reflect.Method.invoke(Method.java:565)
	at org.eclipse.lsp4j.jsonrpc.services.GenericEndpoint.lambda$recursiveFindRpcMethods$0(GenericEndpoint.java:65)
	at org.eclipse.lsp4j.jsonrpc.services.GenericEndpoint.notify(GenericEndpoint.java:160)
	at org.eclipse.lsp4j.jsonrpc.RemoteEndpoint.handleNotification(RemoteEndpoint.java:225)
	at org.eclipse.lsp4j.jsonrpc.RemoteEndpoint.consume(RemoteEndpoint.java:192)
	at org.eclipse.lsp4j.jsonrpc.json.StreamMessageProducer.handleMessage(StreamMessageProducer.java:189)
	at org.eclipse.lsp4j.jsonrpc.json.StreamMessageProducer.listen(StreamMessageProducer.java:97)
	at org.eclipse.lsp4j.jsonrpc.json.ConcurrentMessageProcessor.run(ConcurrentMessageProcessor.java:97)
	at java.base/java.util.concurrent.Executors$RunnableAdapter.call(Executors.java:545)
	at java.base/java.util.concurrent.FutureTask.run(FutureTask.java:330)
	at java.base/java.util.concurrent.ThreadPoolExecutor.runWorker(ThreadPoolExecutor.java:1090)
	at java.base/java.util.concurrent.ThreadPoolExecutor$Worker.run(ThreadPoolExecutor.java:614)
	at java.base/java.lang.Thread.run(Thread.java:1516)

2026.08.04 16:59:05 INFO  no build target found for C:\Users\rishi\BIG DATA\SCALA\Area.scala. Using presentation compiler with project's scala-library version: 3.8.3
2026.08.04 16:59:05 WARN  no build target for: C:\Users\rishi\BIG DATA\SCALA\Area.scala
Aug 04, 2026 4:59:07 PM org.eclipse.lsp4j.jsonrpc.RemoteEndpoint handleNotification
WARNING: Notification threw an exception: {
  "jsonrpc": "2.0",
  "method": "metals/didFocusTextDocument",
  "params": [
    "untitled:Untitled-1"
  ]
}
java.nio.file.FileSystemNotFoundException: Provider "untitled" not installed
	at java.base/java.nio.file.Path.of(Path.java:210)
	at java.base/java.nio.file.Paths.get(Paths.java:95)
	at scala.meta.internal.mtags.MtagsEnrichments$XtensionURIMtags.toAbsolutePath(MtagsEnrichments.scala:149)
	at scala.meta.internal.mtags.MtagsEnrichments$XtensionStringMtags.toAbsolutePath(MtagsEnrichments.scala:221)
	at scala.meta.internal.metals.MetalsEnrichments$XtensionString.toAbsolutePath(MetalsEnrichments.scala:787)
	at scala.meta.internal.metals.MetalsEnrichments$XtensionString.toAbsolutePath(MetalsEnrichments.scala:784)
	at scala.meta.internal.metals.WorkspaceLspService.didFocus(WorkspaceLspService.scala:808)
	at scala.meta.metals.lsp.DelegatingScalaService.didFocus(DelegatingScalaService.scala:42)
	at java.base/jdk.internal.reflect.DirectMethodHandleAccessor.invoke(DirectMethodHandleAccessor.java:104)
	at java.base/java.lang.reflect.Method.invoke(Method.java:565)
	at org.eclipse.lsp4j.jsonrpc.services.GenericEndpoint.lambda$recursiveFindRpcMethods$0(GenericEndpoint.java:65)
	at org.eclipse.lsp4j.jsonrpc.services.GenericEndpoint.notify(GenericEndpoint.java:160)
	at org.eclipse.lsp4j.jsonrpc.RemoteEndpoint.handleNotification(RemoteEndpoint.java:225)
	at org.eclipse.lsp4j.jsonrpc.RemoteEndpoint.consume(RemoteEndpoint.java:192)
	at org.eclipse.lsp4j.jsonrpc.json.StreamMessageProducer.handleMessage(StreamMessageProducer.java:189)
	at org.eclipse.lsp4j.jsonrpc.json.StreamMessageProducer.listen(StreamMessageProducer.java:97)
	at org.eclipse.lsp4j.jsonrpc.json.ConcurrentMessageProcessor.run(ConcurrentMessageProcessor.java:97)
	at java.base/java.util.concurrent.Executors$RunnableAdapter.call(Executors.java:545)
	at java.base/java.util.concurrent.FutureTask.run(FutureTask.java:330)
	at java.base/java.util.concurrent.ThreadPoolExecutor.runWorker(ThreadPoolExecutor.java:1090)
	at java.base/java.util.concurrent.ThreadPoolExecutor$Worker.run(ThreadPoolExecutor.java:614)
	at java.base/java.lang.Thread.run(Thread.java:1516)

Aug 04, 2026 4:59:28 PM org.eclipse.lsp4j.jsonrpc.RemoteEndpoint handleNotification
WARNING: Notification threw an exception: {
  "jsonrpc": "2.0",
  "method": "metals/didFocusTextDocument",
  "params": [
    "untitled:Untitled-1"
  ]
}
java.nio.file.FileSystemNotFoundException: Provider "untitled" not installed
	at java.base/java.nio.file.Path.of(Path.java:210)
	at java.base/java.nio.file.Paths.get(Paths.java:95)
	at scala.meta.internal.mtags.MtagsEnrichments$XtensionURIMtags.toAbsolutePath(MtagsEnrichments.scala:149)
	at scala.meta.internal.mtags.MtagsEnrichments$XtensionStringMtags.toAbsolutePath(MtagsEnrichments.scala:221)
	at scala.meta.internal.metals.MetalsEnrichments$XtensionString.toAbsolutePath(MetalsEnrichments.scala:787)
	at scala.meta.internal.metals.MetalsEnrichments$XtensionString.toAbsolutePath(MetalsEnrichments.scala:784)
	at scala.meta.internal.metals.WorkspaceLspService.didFocus(WorkspaceLspService.scala:808)
	at scala.meta.metals.lsp.DelegatingScalaService.didFocus(DelegatingScalaService.scala:42)
	at java.base/jdk.internal.reflect.DirectMethodHandleAccessor.invoke(DirectMethodHandleAccessor.java:104)
	at java.base/java.lang.reflect.Method.invoke(Method.java:565)
	at org.eclipse.lsp4j.jsonrpc.services.GenericEndpoint.lambda$recursiveFindRpcMethods$0(GenericEndpoint.java:65)
	at org.eclipse.lsp4j.jsonrpc.services.GenericEndpoint.notify(GenericEndpoint.java:160)
	at org.eclipse.lsp4j.jsonrpc.RemoteEndpoint.handleNotification(RemoteEndpoint.java:225)
	at org.eclipse.lsp4j.jsonrpc.RemoteEndpoint.consume(RemoteEndpoint.java:192)
	at org.eclipse.lsp4j.jsonrpc.json.StreamMessageProducer.handleMessage(StreamMessageProducer.java:189)
	at org.eclipse.lsp4j.jsonrpc.json.StreamMessageProducer.listen(StreamMessageProducer.java:97)
	at org.eclipse.lsp4j.jsonrpc.json.ConcurrentMessageProcessor.run(ConcurrentMessageProcessor.java:97)
	at java.base/java.util.concurrent.Executors$RunnableAdapter.call(Executors.java:545)
	at java.base/java.util.concurrent.FutureTask.run(FutureTask.java:330)
	at java.base/java.util.concurrent.ThreadPoolExecutor.runWorker(ThreadPoolExecutor.java:1090)
	at java.base/java.util.concurrent.ThreadPoolExecutor$Worker.run(ThreadPoolExecutor.java:614)
	at java.base/java.lang.Thread.run(Thread.java:1516)

2026.08.04 16:59:39 INFO  compiling scala_d5c0a6989e (1 scala source)
2026.08.04 16:59:39 INFO  time: compiled SCALA_d5c0a6989e in 0.48s
2026.08.04 16:59:39 INFO  compiling scala_d5c0a6989e (3 scala sources)
2026.08.04 16:59:39 INFO  time: compiled SCALA_d5c0a6989e in 0.2s
2026.08.04 16:59:53 INFO  compiling scala_d5c0a6989e (1 scala source)
2026.08.04 16:59:53 INFO  time: compiled SCALA_d5c0a6989e in 0.47s
2026.08.04 16:59:53 INFO  compiling scala_d5c0a6989e (3 scala sources)
2026.08.04 16:59:53 INFO  time: compiled SCALA_d5c0a6989e in 0.3s
2026.08.04 16:59:54 ERROR scala.meta.internal.metals.debug.DiscoveryFailures$WorkspaceErrorsException$: Cannot run class, since the workspace has errors.
	at scala.meta.internal.metals.debug.DiscoveryFailures$WorkspaceErrorsException$.<clinit>(DiscoveryFailures.scala:57)
	at scala.meta.internal.metals.MetalsEnrichments$XtensionScalaFuture$$anonfun$liftToLspError$1.applyOrElse(MetalsEnrichments.scala:247)
	at scala.meta.internal.metals.MetalsEnrichments$XtensionScalaFuture$$anonfun$liftToLspError$1.applyOrElse(MetalsEnrichments.scala:244)
	at scala.concurrent.impl.Promise$Transformation.run(Promise.scala:523)
	at java.util.concurrent.ThreadPoolExecutor.runWorker(ThreadPoolExecutor.java:1090)
	at java.util.concurrent.ThreadPoolExecutor$Worker.run(ThreadPoolExecutor.java:614)
	at java.lang.Thread.run(Thread.java:1516)

2026.08.04 16:59:57 INFO  compiling scala_d5c0a6989e (1 scala source)
2026.08.04 16:59:57 INFO  time: compiled SCALA_d5c0a6989e in 0.32s
2026.08.04 16:59:57 INFO  compiling scala_d5c0a6989e (3 scala sources)
2026.08.04 16:59:57 INFO  time: compiled SCALA_d5c0a6989e in 0.17s
2026.08.04 16:59:58 ERROR scala.meta.internal.metals.debug.DiscoveryFailures$WorkspaceErrorsException$: Cannot run class, since the workspace has errors.
	at scala.meta.internal.metals.debug.DiscoveryFailures$WorkspaceErrorsException$.<clinit>(DiscoveryFailures.scala:57)
	at scala.meta.internal.metals.MetalsEnrichments$XtensionScalaFuture$$anonfun$liftToLspError$1.applyOrElse(MetalsEnrichments.scala:247)
	at scala.meta.internal.metals.MetalsEnrichments$XtensionScalaFuture$$anonfun$liftToLspError$1.applyOrElse(MetalsEnrichments.scala:244)
	at scala.concurrent.impl.Promise$Transformation.run(Promise.scala:523)
	at java.util.concurrent.ThreadPoolExecutor.runWorker(ThreadPoolExecutor.java:1090)
	at java.util.concurrent.ThreadPoolExecutor$Worker.run(ThreadPoolExecutor.java:614)
	at java.lang.Thread.run(Thread.java:1516)

2026.08.04 17:00:11 INFO  no build target found for C:\Users\rishi\BIG DATA\SCALA\src\main\scala\Sum.scala. Using presentation compiler with project's scala-library version: 3.8.3
2026.08.04 17:00:11 INFO  no build target found for C:\Users\rishi\BIG DATA\SCALA\src\main\scala\Sum.scala. Using presentation compiler with project's scala-library version: 3.8.3
2026.08.04 17:00:11 WARN  no build target for: C:\Users\rishi\BIG DATA\SCALA\src\main\scala\Sum.scala
2026.08.04 17:00:56 WARN  No build server connected
2026.08.04 17:00:56 INFO  compiling scala_d5c0a6989e (2 scala sources)
2026.08.04 17:00:56 WARN  Invalid text document uri received from build server: file:///C:/Users/rishi/BIG%20DATA/SCALA/src/main/scala/Sum.scala
2026.08.04 17:00:56 INFO  time: compiled SCALA_d5c0a6989e in 0.4s
2026.08.04 17:08:17 INFO  no build target found for C:\Users\rishi\BIG DATA\SCALA\StudentProfile.scala. Using presentation compiler with project's scala-library version: 3.8.3
2026.08.04 17:08:17 INFO  no build target found for C:\Users\rishi\BIG DATA\SCALA\StudentProfile.scala. Using presentation compiler with project's scala-library version: 3.8.3
2026.08.04 17:08:17 WARN  no build target for: C:\Users\rishi\BIG DATA\SCALA\StudentProfile.scala
2026.08.04 17:08:18 WARN  No build server connected
2026.08.04 17:08:18 INFO  compiling scala_d5c0a6989e (1 scala source)
2026.08.04 17:08:18 INFO  time: compiled SCALA_d5c0a6989e in 84ms
2026.08.04 17:08:21 INFO  no build target found for C:\Users\rishi\BIG DATA\SCALA\StudentProfile.scala. Using presentation compiler with project's scala-library version: 3.8.3
2026.08.04 17:08:21 WARN  no build target for: C:\Users\rishi\BIG DATA\SCALA\StudentProfile.scala
Aug 04, 2026 5:09:03 PM org.eclipse.lsp4j.jsonrpc.RemoteEndpoint handleCancellation
WARNING: Unmatched cancel notification for request id 307
Aug 04, 2026 5:09:11 PM org.eclipse.lsp4j.jsonrpc.RemoteEndpoint handleCancellation
WARNING: Unmatched cancel notification for request id 354
Aug 04, 2026 5:09:52 PM org.eclipse.lsp4j.jsonrpc.RemoteEndpoint handleCancellation
WARNING: Unmatched cancel notification for request id 505
2026.08.04 17:10:19 INFO  compiling scala_d5c0a6989e (1 scala source)
2026.08.04 17:10:19 INFO  time: compiled SCALA_d5c0a6989e in 0.78s
2026.08.04 17:10:21 INFO  Tracing is disabled for protocol dap-server. To enable tracing of incoming and outgoing JSON messages, create an empty file at C:\Users\rishi\BIG DATA\SCALA\.metals\dap-server.trace.json or C:\Users\rishi\AppData\Local\scalameta\metals\cache\dap-server.trace.json
2026.08.04 17:10:21 INFO  Tracing is disabled for protocol dap-client. To enable tracing of incoming and outgoing JSON messages, create an empty file at C:\Users\rishi\BIG DATA\SCALA\.metals\dap-client.trace.json or C:\Users\rishi\AppData\Local\scalameta\metals\cache\dap-client.trace.json
2026.08.04 17:10:22 INFO  Starting debug proxy for [StudentProfile]
2026.08.04 17:10:27 WARN  Cannot fetch expression compiler of Scala 3.8.3:  Error downloading ch.epfl.scala:scala-expression-compiler_3.8.3:4.2.8
  not found: C:\Users\rishi\.ivy2\local\ch.epfl.scala\scala-expression-compiler_3.8.3\4.2.8\ivys\ivy.xml
  not found: https://repo1.maven.org/maven2/ch/epfl/scala/scala-expression-compiler_3.8.3/4.2.8/scala-expression-compiler_3.8.3-4.2.8.pom
2026.08.04 17:10:27 INFO  Loaded expression compiler in 4 seconds
2026.08.04 17:10:31 INFO  Loaded step filter in 4 seconds
2026.08.04 17:10:34 INFO  Loaded all sources and classes in 2 seconds
2026.08.04 17:10:37 INFO  Initialized Scala 3 decoder in 2 seconds
2026.08.04 17:10:37 INFO  Trying to attach to remote debuggee VM kubernetes.docker.internal:62855 .
2026.08.04 17:10:37 INFO  Attaching to debuggee VM succeeded.
2026.08.04 17:10:59 ERROR Could not find any completions for the debugger
java.lang.Exception: No source data available
	at scala.meta.internal.metals.debug.DebugProxy.$anonfun$handleClientMessage$15(DebugProxy.scala:181)
	at scala.Option.getOrElse(Option.scala:201)
	at scala.meta.internal.metals.debug.DebugProxy.$anonfun$handleClientMessage$1(DebugProxy.scala:181)
	at scala.meta.internal.metals.debug.MessageIdAdapter.$anonfun$listen$1(MessageIdAdapter.scala:57)
	at org.eclipse.lsp4j.jsonrpc.json.StreamMessageProducer.handleMessage(StreamMessageProducer.java:189)
	at org.eclipse.lsp4j.jsonrpc.json.StreamMessageProducer.listen(StreamMessageProducer.java:97)
	at scala.meta.internal.metals.debug.SocketEndpoint.listen(SocketEndpoint.scala:38)
	at scala.meta.internal.metals.debug.MessageIdAdapter.listen(MessageIdAdapter.scala:47)
	at scala.meta.internal.metals.debug.DebugProxy.$anonfun$listen$3(DebugProxy.scala:86)
	at scala.runtime.java8.JFunction0$mcV$sp.apply(JFunction0$mcV$sp.scala:18)
	at scala.concurrent.Future$.$anonfun$apply$1(Future.scala:691)
	at scala.concurrent.impl.Promise$Transformation.run(Promise.scala:500)
	at java.util.concurrent.ThreadPoolExecutor.runWorker(ThreadPoolExecutor.java:1090)
	at java.util.concurrent.ThreadPoolExecutor$Worker.run(ThreadPoolExecutor.java:614)
	at java.lang.Thread.run(Thread.java:1516)

2026.08.04 17:11:01 ERROR Could not find any completions for the debugger
java.lang.Exception: No source data available
	at scala.meta.internal.metals.debug.DebugProxy.$anonfun$handleClientMessage$15(DebugProxy.scala:181)
	at scala.Option.getOrElse(Option.scala:201)
	at scala.meta.internal.metals.debug.DebugProxy.$anonfun$handleClientMessage$1(DebugProxy.scala:181)
	at scala.meta.internal.metals.debug.MessageIdAdapter.$anonfun$listen$1(MessageIdAdapter.scala:57)
	at org.eclipse.lsp4j.jsonrpc.json.StreamMessageProducer.handleMessage(StreamMessageProducer.java:189)
	at org.eclipse.lsp4j.jsonrpc.json.StreamMessageProducer.listen(StreamMessageProducer.java:97)
	at scala.meta.internal.metals.debug.SocketEndpoint.listen(SocketEndpoint.scala:38)
	at scala.meta.internal.metals.debug.MessageIdAdapter.listen(MessageIdAdapter.scala:47)
	at scala.meta.internal.metals.debug.DebugProxy.$anonfun$listen$3(DebugProxy.scala:86)
	at scala.runtime.java8.JFunction0$mcV$sp.apply(JFunction0$mcV$sp.scala:18)
	at scala.concurrent.Future$.$anonfun$apply$1(Future.scala:691)
	at scala.concurrent.impl.Promise$Transformation.run(Promise.scala:500)
	at java.util.concurrent.ThreadPoolExecutor.runWorker(ThreadPoolExecutor.java:1090)
	at java.util.concurrent.ThreadPoolExecutor$Worker.run(ThreadPoolExecutor.java:614)
	at java.lang.Thread.run(Thread.java:1516)

2026.08.04 17:11:02 ERROR Could not find any completions for the debugger
java.lang.Exception: No source data available
	at scala.meta.internal.metals.debug.DebugProxy.$anonfun$handleClientMessage$15(DebugProxy.scala:181)
	at scala.Option.getOrElse(Option.scala:201)
	at scala.meta.internal.metals.debug.DebugProxy.$anonfun$handleClientMessage$1(DebugProxy.scala:181)
	at scala.meta.internal.metals.debug.MessageIdAdapter.$anonfun$listen$1(MessageIdAdapter.scala:57)
	at org.eclipse.lsp4j.jsonrpc.json.StreamMessageProducer.handleMessage(StreamMessageProducer.java:189)
	at org.eclipse.lsp4j.jsonrpc.json.StreamMessageProducer.listen(StreamMessageProducer.java:97)
	at scala.meta.internal.metals.debug.SocketEndpoint.listen(SocketEndpoint.scala:38)
	at scala.meta.internal.metals.debug.MessageIdAdapter.listen(MessageIdAdapter.scala:47)
	at scala.meta.internal.metals.debug.DebugProxy.$anonfun$listen$3(DebugProxy.scala:86)
	at scala.runtime.java8.JFunction0$mcV$sp.apply(JFunction0$mcV$sp.scala:18)
	at scala.concurrent.Future$.$anonfun$apply$1(Future.scala:691)
	at scala.concurrent.impl.Promise$Transformation.run(Promise.scala:500)
	at java.util.concurrent.ThreadPoolExecutor.runWorker(ThreadPoolExecutor.java:1090)
	at java.util.concurrent.ThreadPoolExecutor$Worker.run(ThreadPoolExecutor.java:614)
	at java.lang.Thread.run(Thread.java:1516)

2026.08.04 17:11:02 ERROR Could not find any completions for the debugger
java.lang.Exception: No source data available
	at scala.meta.internal.metals.debug.DebugProxy.$anonfun$handleClientMessage$15(DebugProxy.scala:181)
	at scala.Option.getOrElse(Option.scala:201)
	at scala.meta.internal.metals.debug.DebugProxy.$anonfun$handleClientMessage$1(DebugProxy.scala:181)
	at scala.meta.internal.metals.debug.MessageIdAdapter.$anonfun$listen$1(MessageIdAdapter.scala:57)
	at org.eclipse.lsp4j.jsonrpc.json.StreamMessageProducer.handleMessage(StreamMessageProducer.java:189)
	at org.eclipse.lsp4j.jsonrpc.json.StreamMessageProducer.listen(StreamMessageProducer.java:97)
	at scala.meta.internal.metals.debug.SocketEndpoint.listen(SocketEndpoint.scala:38)
	at scala.meta.internal.metals.debug.MessageIdAdapter.listen(MessageIdAdapter.scala:47)
	at scala.meta.internal.metals.debug.DebugProxy.$anonfun$listen$3(DebugProxy.scala:86)
	at scala.runtime.java8.JFunction0$mcV$sp.apply(JFunction0$mcV$sp.scala:18)
	at scala.concurrent.Future$.$anonfun$apply$1(Future.scala:691)
	at scala.concurrent.impl.Promise$Transformation.run(Promise.scala:500)
	at java.util.concurrent.ThreadPoolExecutor.runWorker(ThreadPoolExecutor.java:1090)
	at java.util.concurrent.ThreadPoolExecutor$Worker.run(ThreadPoolExecutor.java:614)
	at java.lang.Thread.run(Thread.java:1516)

2026.08.04 17:11:02 ERROR Could not find any completions for the debugger
java.lang.Exception: No source data available
	at scala.meta.internal.metals.debug.DebugProxy.$anonfun$handleClientMessage$15(DebugProxy.scala:181)
	at scala.Option.getOrElse(Option.scala:201)
	at scala.meta.internal.metals.debug.DebugProxy.$anonfun$handleClientMessage$1(DebugProxy.scala:181)
	at scala.meta.internal.metals.debug.MessageIdAdapter.$anonfun$listen$1(MessageIdAdapter.scala:57)
	at org.eclipse.lsp4j.jsonrpc.json.StreamMessageProducer.handleMessage(StreamMessageProducer.java:189)
	at org.eclipse.lsp4j.jsonrpc.json.StreamMessageProducer.listen(StreamMessageProducer.java:97)
	at scala.meta.internal.metals.debug.SocketEndpoint.listen(SocketEndpoint.scala:38)
	at scala.meta.internal.metals.debug.MessageIdAdapter.listen(MessageIdAdapter.scala:47)
	at scala.meta.internal.metals.debug.DebugProxy.$anonfun$listen$3(DebugProxy.scala:86)
	at scala.runtime.java8.JFunction0$mcV$sp.apply(JFunction0$mcV$sp.scala:18)
	at scala.concurrent.Future$.$anonfun$apply$1(Future.scala:691)
	at scala.concurrent.impl.Promise$Transformation.run(Promise.scala:500)
	at java.util.concurrent.ThreadPoolExecutor.runWorker(ThreadPoolExecutor.java:1090)
	at java.util.concurrent.ThreadPoolExecutor$Worker.run(ThreadPoolExecutor.java:614)
	at java.lang.Thread.run(Thread.java:1516)

2026.08.04 17:11:02 ERROR Could not find any completions for the debugger
java.lang.Exception: No source data available
	at scala.meta.internal.metals.debug.DebugProxy.$anonfun$handleClientMessage$15(DebugProxy.scala:181)
	at scala.Option.getOrElse(Option.scala:201)
	at scala.meta.internal.metals.debug.DebugProxy.$anonfun$handleClientMessage$1(DebugProxy.scala:181)
	at scala.meta.internal.metals.debug.MessageIdAdapter.$anonfun$listen$1(MessageIdAdapter.scala:57)
	at org.eclipse.lsp4j.jsonrpc.json.StreamMessageProducer.handleMessage(StreamMessageProducer.java:189)
	at org.eclipse.lsp4j.jsonrpc.json.StreamMessageProducer.listen(StreamMessageProducer.java:97)
	at scala.meta.internal.metals.debug.SocketEndpoint.listen(SocketEndpoint.scala:38)
	at scala.meta.internal.metals.debug.MessageIdAdapter.listen(MessageIdAdapter.scala:47)
	at scala.meta.internal.metals.debug.DebugProxy.$anonfun$listen$3(DebugProxy.scala:86)
	at scala.runtime.java8.JFunction0$mcV$sp.apply(JFunction0$mcV$sp.scala:18)
	at scala.concurrent.Future$.$anonfun$apply$1(Future.scala:691)
	at scala.concurrent.impl.Promise$Transformation.run(Promise.scala:500)
	at java.util.concurrent.ThreadPoolExecutor.runWorker(ThreadPoolExecutor.java:1090)
	at java.util.concurrent.ThreadPoolExecutor$Worker.run(ThreadPoolExecutor.java:614)
	at java.lang.Thread.run(Thread.java:1516)

2026.08.04 17:11:02 ERROR Could not find any completions for the debugger
java.lang.Exception: No source data available
	at scala.meta.internal.metals.debug.DebugProxy.$anonfun$handleClientMessage$15(DebugProxy.scala:181)
	at scala.Option.getOrElse(Option.scala:201)
	at scala.meta.internal.metals.debug.DebugProxy.$anonfun$handleClientMessage$1(DebugProxy.scala:181)
	at scala.meta.internal.metals.debug.MessageIdAdapter.$anonfun$listen$1(MessageIdAdapter.scala:57)
	at org.eclipse.lsp4j.jsonrpc.json.StreamMessageProducer.handleMessage(StreamMessageProducer.java:189)
	at org.eclipse.lsp4j.jsonrpc.json.StreamMessageProducer.listen(StreamMessageProducer.java:97)
	at scala.meta.internal.metals.debug.SocketEndpoint.listen(SocketEndpoint.scala:38)
	at scala.meta.internal.metals.debug.MessageIdAdapter.listen(MessageIdAdapter.scala:47)
	at scala.meta.internal.metals.debug.DebugProxy.$anonfun$listen$3(DebugProxy.scala:86)
	at scala.runtime.java8.JFunction0$mcV$sp.apply(JFunction0$mcV$sp.scala:18)
	at scala.concurrent.Future$.$anonfun$apply$1(Future.scala:691)
	at scala.concurrent.impl.Promise$Transformation.run(Promise.scala:500)
	at java.util.concurrent.ThreadPoolExecutor.runWorker(ThreadPoolExecutor.java:1090)
	at java.util.concurrent.ThreadPoolExecutor$Worker.run(ThreadPoolExecutor.java:614)
	at java.lang.Thread.run(Thread.java:1516)

2026.08.04 17:11:02 ERROR Could not find any completions for the debugger
java.lang.Exception: No source data available
	at scala.meta.internal.metals.debug.DebugProxy.$anonfun$handleClientMessage$15(DebugProxy.scala:181)
	at scala.Option.getOrElse(Option.scala:201)
	at scala.meta.internal.metals.debug.DebugProxy.$anonfun$handleClientMessage$1(DebugProxy.scala:181)
	at scala.meta.internal.metals.debug.MessageIdAdapter.$anonfun$listen$1(MessageIdAdapter.scala:57)
	at org.eclipse.lsp4j.jsonrpc.json.StreamMessageProducer.handleMessage(StreamMessageProducer.java:189)
	at org.eclipse.lsp4j.jsonrpc.json.StreamMessageProducer.listen(StreamMessageProducer.java:97)
	at scala.meta.internal.metals.debug.SocketEndpoint.listen(SocketEndpoint.scala:38)
	at scala.meta.internal.metals.debug.MessageIdAdapter.listen(MessageIdAdapter.scala:47)
	at scala.meta.internal.metals.debug.DebugProxy.$anonfun$listen$3(DebugProxy.scala:86)
	at scala.runtime.java8.JFunction0$mcV$sp.apply(JFunction0$mcV$sp.scala:18)
	at scala.concurrent.Future$.$anonfun$apply$1(Future.scala:691)
	at scala.concurrent.impl.Promise$Transformation.run(Promise.scala:500)
	at java.util.concurrent.ThreadPoolExecutor.runWorker(ThreadPoolExecutor.java:1090)
	at java.util.concurrent.ThreadPoolExecutor$Worker.run(ThreadPoolExecutor.java:614)
	at java.lang.Thread.run(Thread.java:1516)

2026.08.04 17:11:02 ERROR Could not find any completions for the debugger
java.lang.Exception: No source data available
	at scala.meta.internal.metals.debug.DebugProxy.$anonfun$handleClientMessage$15(DebugProxy.scala:181)
	at scala.Option.getOrElse(Option.scala:201)
	at scala.meta.internal.metals.debug.DebugProxy.$anonfun$handleClientMessage$1(DebugProxy.scala:181)
	at scala.meta.internal.metals.debug.MessageIdAdapter.$anonfun$listen$1(MessageIdAdapter.scala:57)
	at org.eclipse.lsp4j.jsonrpc.json.StreamMessageProducer.handleMessage(StreamMessageProducer.java:189)
	at org.eclipse.lsp4j.jsonrpc.json.StreamMessageProducer.listen(StreamMessageProducer.java:97)
	at scala.meta.internal.metals.debug.SocketEndpoint.listen(SocketEndpoint.scala:38)
	at scala.meta.internal.metals.debug.MessageIdAdapter.listen(MessageIdAdapter.scala:47)
	at scala.meta.internal.metals.debug.DebugProxy.$anonfun$listen$3(DebugProxy.scala:86)
	at scala.runtime.java8.JFunction0$mcV$sp.apply(JFunction0$mcV$sp.scala:18)
	at scala.concurrent.Future$.$anonfun$apply$1(Future.scala:691)
	at scala.concurrent.impl.Promise$Transformation.run(Promise.scala:500)
	at java.util.concurrent.ThreadPoolExecutor.runWorker(ThreadPoolExecutor.java:1090)
	at java.util.concurrent.ThreadPoolExecutor$Worker.run(ThreadPoolExecutor.java:614)
	at java.lang.Thread.run(Thread.java:1516)

2026.08.04 17:11:10 INFO  compiling scala_d5c0a6989e (1 scala source)
2026.08.04 17:11:10 INFO  time: compiled SCALA_d5c0a6989e in 0.64s
Aug 04, 2026 5:11:19 PM org.eclipse.lsp4j.jsonrpc.services.GenericEndpoint notify
INFO: Unsupported notification method: $/setTrace
Aug 04, 2026 5:12:39 PM org.eclipse.lsp4j.jsonrpc.RemoteEndpoint handleCancellation
WARNING: Unmatched cancel notification for request id 581
2026.08.04 17:16:00 INFO  no build target found for C:\Users\rishi\BIG DATA\SCALA\Modifies_Studentprofile.scala. Using presentation compiler with project's scala-library version: 3.8.3
2026.08.04 17:16:00 WARN  no build target for: C:\Users\rishi\BIG DATA\SCALA\Modifies_Studentprofile.scala
2026.08.04 17:16:01 INFO  no build target found for C:\Users\rishi\BIG DATA\SCALA\Modifies_Studentprofile.scala. Using presentation compiler with project's scala-library version: 3.8.3
2026.08.04 17:16:01 WARN  No build server connected
2026.08.04 17:16:01 INFO  Cancelling compilation on scala-cli server
2026.08.04 17:16:01 INFO  compiling scala_d5c0a6989e (2 scala sources)
2026.08.04 17:16:01 INFO  time: compiled SCALA_d5c0a6989e in 0.54s
2026.08.04 17:16:08 INFO  no build target found for C:\Users\rishi\BIG DATA\SCALA\Modifies_Studentprofile.scala. Using presentation compiler with project's scala-library version: 3.8.3
2026.08.04 17:16:08 WARN  no build target for: C:\Users\rishi\BIG DATA\SCALA\Modifies_Studentprofile.scala
2026.08.04 17:16:58 INFO  compiling scala_d5c0a6989e (1 scala source)
2026.08.04 17:16:58 INFO  time: compiled SCALA_d5c0a6989e in 0.37s
Aug 04, 2026 5:18:33 PM org.eclipse.lsp4j.jsonrpc.RemoteEndpoint handleCancellation
WARNING: Unmatched cancel notification for request id 748
2026.08.05 09:28:51 INFO  compiling scala_d5c0a6989e (2 scala sources)
2026.08.05 09:28:52 INFO  time: compiled SCALA_d5c0a6989e in 1.11s
2026.08.05 19:04:42 INFO  Shutting down server
2026.08.05 19:04:42 INFO  Memory monitor stopped
2026.08.05 19:04:42 INFO  shutting down Metals
2026.08.05 19:04:42 INFO  Canceling debug proxy for [StudentProfile]
2026.08.05 19:04:42 INFO  Closing debug server tcp://0.0.0.0:62852
2026.08.05 19:04:42 INFO  Shut down connection with build server.
2026.08.05 19:04:42 INFO  Exiting server
2026.08.06 09:37:08 INFO  Started: Metals version 1.6.8 in folders 'C:\Users\rishi\BIG DATA\SCALA' for client Visual Studio Code 1.131.0.
2026.08.06 09:37:11 INFO  Memory monitor started
2026.08.06 09:37:13 WARN  Using H2 2.4.240 which is newer than the version Flyway has been verified with. The latest verified version of H2 is 2.3.232.
2026.08.06 09:37:13 INFO  no build target found for C:\Users\rishi\BIG DATA\SCALA\Modifies_Studentprofile.scala. Using presentation compiler with project's scala-library version: 3.3.8
Aug 06, 2026 9:37:16 AM org.eclipse.lsp4j.jsonrpc.RemoteEndpoint handleCancellation
WARNING: Unmatched cancel notification for request id 2
2026.08.06 09:37:16 INFO  no build target found for C:\Users\rishi\BIG DATA\SCALA\Modifies_Studentprofile.scala. Using presentation compiler with project's scala-library version: 3.3.8
2026.08.06 09:37:16 INFO  no build target found for C:\Users\rishi\BIG DATA\SCALA\Modifies_Studentprofile.scala. Using presentation compiler with project's scala-library version: 3.3.8
Aug 06, 2026 9:37:16 AM org.eclipse.lsp4j.jsonrpc.RemoteEndpoint handleCancellation
WARNING: Unmatched cancel notification for request id 7
Aug 06, 2026 9:37:16 AM org.eclipse.lsp4j.jsonrpc.RemoteEndpoint handleCancellation
WARNING: Unmatched cancel notification for request id 1
Aug 06, 2026 9:37:16 AM org.eclipse.lsp4j.jsonrpc.RemoteEndpoint handleCancellation
WARNING: Unmatched cancel notification for request id 4
Aug 06, 2026 9:37:16 AM org.eclipse.lsp4j.jsonrpc.RemoteEndpoint handleCancellation
WARNING: Unmatched cancel notification for request id 6
2026.08.06 09:37:16 INFO  no build target found for C:\Users\rishi\BIG DATA\SCALA\Area.scala. Using presentation compiler with project's scala-library version: 3.3.8
Aug 06, 2026 9:37:17 AM org.eclipse.lsp4j.jsonrpc.RemoteEndpoint handleCancellation
WARNING: Unmatched cancel notification for request id 9
2026.08.06 09:37:17 INFO  no build target found for C:\Users\rishi\BIG DATA\SCALA\Area.scala. Using presentation compiler with project's scala-library version: 3.3.8
2026.08.06 09:37:16 INFO  no build target found for C:\Users\rishi\BIG DATA\SCALA\Area.scala. Using presentation compiler with project's scala-library version: 3.3.8
Aug 06, 2026 9:37:17 AM org.eclipse.lsp4j.jsonrpc.RemoteEndpoint handleCancellation
WARNING: Unmatched cancel notification for request id 13
2026.08.06 09:37:16 INFO  no build target found for C:\Users\rishi\BIG DATA\SCALA\Area.scala. Using presentation compiler with project's scala-library version: 3.3.8
2026.08.06 09:37:18 INFO  no build target found for C:\Users\rishi\BIG DATA\SCALA\Area.scala. Using presentation compiler with project's scala-library version: 3.3.8
2026.08.06 09:37:18 INFO  no build target found for C:\Users\rishi\BIG DATA\SCALA\Area.scala. Using presentation compiler with project's scala-library version: 3.3.8
2026.08.06 09:37:28 INFO  no build target found for C:\Users\rishi\BIG DATA\SCALA\Area.scala. Using presentation compiler with project's scala-library version: 3.3.8
2026.08.06 09:37:28 WARN  no build target for: C:\Users\rishi\BIG DATA\SCALA\Area.scala
2026.08.06 09:37:28 INFO  no build target found for C:\Users\rishi\BIG DATA\SCALA\Area.scala. Using presentation compiler with project's scala-library version: 3.3.8
2026.08.06 09:37:28 INFO  no build target found for C:\Users\rishi\BIG DATA\SCALA\Area.scala. Using presentation compiler with project's scala-library version: 3.3.8
2026.08.06 09:37:28 INFO  no build target found for C:\Users\rishi\BIG DATA\SCALA\Area.scala. Using presentation compiler with project's scala-library version: 3.3.8
2026.08.06 09:37:28 INFO  no build target found for C:\Users\rishi\BIG DATA\SCALA\Area.scala. Using presentation compiler with project's scala-library version: 3.3.8
2026.08.06 09:38:37 INFO  no build target found for C:\Users\rishi\BIG DATA\SCALA\tuple.scala. Using presentation compiler with project's scala-library version: 3.3.8
2026.08.06 09:39:08 INFO  Report absolute-path: ### java.nio.file.FileSystemNotFoundException: Provider "untitled" not installed

Uri: untitled:Untitled-2


#### Error stacktrace:

```
java.base/java.nio.file.Path.of(Path.java:210)
	java.base/java.nio.file.Paths.get(Paths.java:95)
	scala.meta.internal.mtags.MtagsEnrichments$XtensionURIMtags.toAbsolutePath(MtagsEnrichments.scala:149)
	scala.meta.internal.mtags.MtagsEnrichments$XtensionStringMtags.toAbsolutePath(MtagsEnrichments.scala:221)
	scala.meta.internal.metals.MetalsEnrichments$XtensionString.toAbsolutePath(MetalsEnrichments.scala:787)
	scala.meta.internal.metals.MetalsEnrichments$XtensionString.toAbsolutePath(MetalsEnrichments.scala:784)
	scala.meta.internal.metals.MetalsEnrichments$XtensionString.toAbsolutePathSafe(MetalsEnrichments.scala:768)
	scala.meta.internal.metals.WorkspaceLspService.getServiceForOpt(WorkspaceLspService.scala:358)
	scala.meta.internal.metals.WorkspaceLspService.getServiceFor(WorkspaceLspService.scala:367)
	scala.meta.internal.metals.WorkspaceLspService.executeCommand(WorkspaceLspService.scala:942)
	scala.meta.metals.lsp.DelegatingScalaService.executeCommand(DelegatingScalaService.scala:184)
	java.base/jdk.internal.reflect.DirectMethodHandleAccessor.invoke(DirectMethodHandleAccessor.java:104)
	java.base/java.lang.reflect.Method.invoke(Method.java:565)
	org.eclipse.lsp4j.jsonrpc.services.GenericEndpoint.lambda$recursiveFindRpcMethods$0(GenericEndpoint.java:65)
	org.eclipse.lsp4j.jsonrpc.services.GenericEndpoint.request(GenericEndpoint.java:128)
	org.eclipse.lsp4j.jsonrpc.RemoteEndpoint.handleRequest(RemoteEndpoint.java:265)
	org.eclipse.lsp4j.jsonrpc.RemoteEndpoint.consume(RemoteEndpoint.java:195)
	org.eclipse.lsp4j.jsonrpc.json.StreamMessageProducer.handleMessage(StreamMessageProducer.java:189)
	org.eclipse.lsp4j.jsonrpc.json.StreamMessageProducer.listen(StreamMessageProducer.java:97)
	org.eclipse.lsp4j.jsonrpc.json.ConcurrentMessageProcessor.run(ConcurrentMessageProcessor.java:97)
	java.base/java.util.concurrent.Executors$RunnableAdapter.call(Executors.java:545)
	java.base/java.util.concurrent.FutureTask.run(FutureTask.java:330)
	java.base/java.util.concurrent.ThreadPoolExecutor.runWorker(ThreadPoolExecutor.java:1090)
	java.base/java.util.concurrent.ThreadPoolExecutor$Worker.run(ThreadPoolExecutor.java:614)
	java.base/java.lang.Thread.run(Thread.java:1516)
```

Aug 06, 2026 9:39:08 AM org.eclipse.lsp4j.jsonrpc.RemoteEndpoint fallbackResponseError
SEVERE: Internal error: Provider "untitled" not installed
java.nio.file.FileSystemNotFoundException: Provider "untitled" not installed
	at java.base/java.nio.file.Path.of(Path.java:210)
	at java.base/java.nio.file.Paths.get(Paths.java:95)
	at scala.meta.internal.mtags.MtagsEnrichments$XtensionURIMtags.toAbsolutePath(MtagsEnrichments.scala:149)
	at scala.meta.internal.mtags.MtagsEnrichments$XtensionStringMtags.toAbsolutePath(MtagsEnrichments.scala:221)
	at scala.meta.internal.metals.MetalsEnrichments$XtensionString.toAbsolutePath(MetalsEnrichments.scala:787)
	at scala.meta.internal.metals.MetalsEnrichments$XtensionString.toAbsolutePath(MetalsEnrichments.scala:784)
	at scala.meta.internal.metals.MetalsLspService.$anonfun$afterCompilationFinished$1(MetalsLspService.scala:1577)
	at scala.Option.map(Option.scala:242)
	at scala.meta.internal.metals.MetalsLspService.afterCompilationFinished(MetalsLspService.scala:1577)
	at scala.meta.internal.metals.MetalsLspService.discoverMainClasses(MetalsLspService.scala:1641)
	at scala.meta.internal.metals.WorkspaceLspService.executeCommand(WorkspaceLspService.scala:943)
	at scala.meta.metals.lsp.DelegatingScalaService.executeCommand(DelegatingScalaService.scala:184)
	at java.base/jdk.internal.reflect.DirectMethodHandleAccessor.invoke(DirectMethodHandleAccessor.java:104)
	at java.base/java.lang.reflect.Method.invoke(Method.java:565)
	at org.eclipse.lsp4j.jsonrpc.services.GenericEndpoint.lambda$recursiveFindRpcMethods$0(GenericEndpoint.java:65)
	at org.eclipse.lsp4j.jsonrpc.services.GenericEndpoint.request(GenericEndpoint.java:128)
	at org.eclipse.lsp4j.jsonrpc.RemoteEndpoint.handleRequest(RemoteEndpoint.java:265)
	at org.eclipse.lsp4j.jsonrpc.RemoteEndpoint.consume(RemoteEndpoint.java:195)
	at org.eclipse.lsp4j.jsonrpc.json.StreamMessageProducer.handleMessage(StreamMessageProducer.java:189)
	at org.eclipse.lsp4j.jsonrpc.json.StreamMessageProducer.listen(StreamMessageProducer.java:97)
	at org.eclipse.lsp4j.jsonrpc.json.ConcurrentMessageProcessor.run(ConcurrentMessageProcessor.java:97)
	at java.base/java.util.concurrent.Executors$RunnableAdapter.call(Executors.java:545)
	at java.base/java.util.concurrent.FutureTask.run(FutureTask.java:330)
	at java.base/java.util.concurrent.ThreadPoolExecutor.runWorker(ThreadPoolExecutor.java:1090)
	at java.base/java.util.concurrent.ThreadPoolExecutor$Worker.run(ThreadPoolExecutor.java:614)
	at java.base/java.lang.Thread.run(Thread.java:1516)

2026.08.06 09:39:26 INFO  Report absolute-path: ### java.nio.file.FileSystemNotFoundException: Provider "untitled" not installed

Uri: untitled:Untitled-2


#### Error stacktrace:

```
java.base/java.nio.file.Path.of(Path.java:210)
	java.base/java.nio.file.Paths.get(Paths.java:95)
	scala.meta.internal.mtags.MtagsEnrichments$XtensionURIMtags.toAbsolutePath(MtagsEnrichments.scala:149)
	scala.meta.internal.mtags.MtagsEnrichments$XtensionStringMtags.toAbsolutePath(MtagsEnrichments.scala:221)
	scala.meta.internal.metals.MetalsEnrichments$XtensionString.toAbsolutePath(MetalsEnrichments.scala:787)
	scala.meta.internal.metals.MetalsEnrichments$XtensionString.toAbsolutePath(MetalsEnrichments.scala:784)
	scala.meta.internal.metals.MetalsEnrichments$XtensionString.toAbsolutePathSafe(MetalsEnrichments.scala:768)
	scala.meta.internal.metals.WorkspaceLspService.getServiceForOpt(WorkspaceLspService.scala:358)
	scala.meta.internal.metals.WorkspaceLspService.getServiceFor(WorkspaceLspService.scala:367)
	scala.meta.internal.metals.WorkspaceLspService.executeCommand(WorkspaceLspService.scala:1156)
	scala.meta.metals.lsp.DelegatingScalaService.executeCommand(DelegatingScalaService.scala:184)
	java.base/jdk.internal.reflect.DirectMethodHandleAccessor.invoke(DirectMethodHandleAccessor.java:104)
	java.base/java.lang.reflect.Method.invoke(Method.java:565)
	org.eclipse.lsp4j.jsonrpc.services.GenericEndpoint.lambda$recursiveFindRpcMethods$0(GenericEndpoint.java:65)
	org.eclipse.lsp4j.jsonrpc.services.GenericEndpoint.request(GenericEndpoint.java:128)
	org.eclipse.lsp4j.jsonrpc.RemoteEndpoint.handleRequest(RemoteEndpoint.java:265)
	org.eclipse.lsp4j.jsonrpc.RemoteEndpoint.consume(RemoteEndpoint.java:195)
	org.eclipse.lsp4j.jsonrpc.json.StreamMessageProducer.handleMessage(StreamMessageProducer.java:189)
	org.eclipse.lsp4j.jsonrpc.json.StreamMessageProducer.listen(StreamMessageProducer.java:97)
	org.eclipse.lsp4j.jsonrpc.json.ConcurrentMessageProcessor.run(ConcurrentMessageProcessor.java:97)
	java.base/java.util.concurrent.Executors$RunnableAdapter.call(Executors.java:545)
	java.base/java.util.concurrent.FutureTask.run(FutureTask.java:330)
	java.base/java.util.concurrent.ThreadPoolExecutor.runWorker(ThreadPoolExecutor.java:1090)
	java.base/java.util.concurrent.ThreadPoolExecutor$Worker.run(ThreadPoolExecutor.java:614)
	java.base/java.lang.Thread.run(Thread.java:1516)
```

Aug 06, 2026 9:39:26 AM org.eclipse.lsp4j.jsonrpc.RemoteEndpoint fallbackResponseError
SEVERE: Internal error: Provider "untitled" not installed
java.nio.file.FileSystemNotFoundException: Provider "untitled" not installed
	at java.base/java.nio.file.Path.of(Path.java:210)
	at java.base/java.nio.file.Paths.get(Paths.java:95)
	at scala.meta.internal.mtags.MtagsEnrichments$XtensionURIMtags.toAbsolutePath(MtagsEnrichments.scala:149)
	at scala.meta.internal.mtags.MtagsEnrichments$XtensionStringMtags.toAbsolutePath(MtagsEnrichments.scala:221)
	at scala.meta.internal.metals.MetalsEnrichments$XtensionString.toAbsolutePath(MetalsEnrichments.scala:787)
	at scala.meta.internal.metals.MetalsEnrichments$XtensionString.toAbsolutePath(MetalsEnrichments.scala:784)
	at scala.meta.internal.metals.MetalsLspService.$anonfun$afterCompilationFinished$1(MetalsLspService.scala:1577)
	at scala.Option.map(Option.scala:242)
	at scala.meta.internal.metals.MetalsLspService.afterCompilationFinished(MetalsLspService.scala:1577)
	at scala.meta.internal.metals.MetalsLspService.debugDiscovery(MetalsLspService.scala:1603)
	at scala.meta.internal.metals.WorkspaceLspService.executeCommand(WorkspaceLspService.scala:1157)
	at scala.meta.metals.lsp.DelegatingScalaService.executeCommand(DelegatingScalaService.scala:184)
	at java.base/jdk.internal.reflect.DirectMethodHandleAccessor.invoke(DirectMethodHandleAccessor.java:104)
	at java.base/java.lang.reflect.Method.invoke(Method.java:565)
	at org.eclipse.lsp4j.jsonrpc.services.GenericEndpoint.lambda$recursiveFindRpcMethods$0(GenericEndpoint.java:65)
	at org.eclipse.lsp4j.jsonrpc.services.GenericEndpoint.request(GenericEndpoint.java:128)
	at org.eclipse.lsp4j.jsonrpc.RemoteEndpoint.handleRequest(RemoteEndpoint.java:265)
	at org.eclipse.lsp4j.jsonrpc.RemoteEndpoint.consume(RemoteEndpoint.java:195)
	at org.eclipse.lsp4j.jsonrpc.json.StreamMessageProducer.handleMessage(StreamMessageProducer.java:189)
	at org.eclipse.lsp4j.jsonrpc.json.StreamMessageProducer.listen(StreamMessageProducer.java:97)
	at org.eclipse.lsp4j.jsonrpc.json.ConcurrentMessageProcessor.run(ConcurrentMessageProcessor.java:97)
	at java.base/java.util.concurrent.Executors$RunnableAdapter.call(Executors.java:545)
	at java.base/java.util.concurrent.FutureTask.run(FutureTask.java:330)
	at java.base/java.util.concurrent.ThreadPoolExecutor.runWorker(ThreadPoolExecutor.java:1090)
	at java.base/java.util.concurrent.ThreadPoolExecutor$Worker.run(ThreadPoolExecutor.java:614)
	at java.base/java.lang.Thread.run(Thread.java:1516)

2026.08.06 09:39:29 WARN  no build target for: C:\Users\rishi\BIG DATA\SCALA\tuple.scala
2026.08.06 09:39:29 INFO  no build target found for C:\Users\rishi\BIG DATA\SCALA\tuple.scala. Using presentation compiler with project's scala-library version: 3.3.8
2026.08.06 09:39:29 INFO  no build target found for C:\Users\rishi\BIG DATA\SCALA\tuple.scala. Using presentation compiler with project's scala-library version: 3.3.8
2026.08.06 09:39:29 WARN  no build target for: C:\Users\rishi\BIG DATA\SCALA\tuple.scala
2026.08.06 09:39:29 INFO  no build target found for C:\Users\rishi\BIG DATA\SCALA\tuple.scala. Using presentation compiler with project's scala-library version: 3.3.8
2026.08.06 09:39:29 INFO  no build target found for C:\Users\rishi\BIG DATA\SCALA\tuple.scala. Using presentation compiler with project's scala-library version: 3.3.8
2026.08.06 09:39:29 INFO  no build target found for C:\Users\rishi\BIG DATA\SCALA\tuple.scala. Using presentation compiler with project's scala-library version: 3.3.8
2026.08.06 09:39:31 WARN  no build target for: C:\Users\rishi\BIG DATA\SCALA\tuple.scala
2026.08.06 09:39:31 INFO  no build target found for C:\Users\rishi\BIG DATA\SCALA\tuple.scala. Using presentation compiler with project's scala-library version: 3.3.8
2026.08.06 09:39:31 ERROR scala.meta.internal.metals.debug.DiscoveryFailures$BuildTargetNotFoundForPathException: No build target could be found for the path: C:\Users\rishi\BIG DATA\SCALA\tuple.scala
	at scala.meta.internal.metals.debug.DebugDiscovery.validate(DebugDiscovery.scala:88)
	at scala.meta.internal.metals.debug.DebugDiscovery.debugDiscovery(DebugDiscovery.scala:164)
	at scala.meta.internal.metals.MetalsLspService.$anonfun$debugDiscovery$3(MetalsLspService.scala:1603)
	at scala.meta.internal.metals.MetalsLspService.afterCompilationFinished(MetalsLspService.scala:1598)
	at scala.meta.internal.metals.MetalsLspService.debugDiscovery(MetalsLspService.scala:1603)
	at scala.meta.internal.metals.WorkspaceLspService.executeCommand(WorkspaceLspService.scala:1157)
	at scala.meta.metals.lsp.DelegatingScalaService.executeCommand(DelegatingScalaService.scala:184)
	at jdk.internal.reflect.DirectMethodHandleAccessor.invoke(DirectMethodHandleAccessor.java:104)
	at java.lang.reflect.Method.invoke(Method.java:565)
	at org.eclipse.lsp4j.jsonrpc.services.GenericEndpoint.lambda$recursiveFindRpcMethods$0(GenericEndpoint.java:65)
	at org.eclipse.lsp4j.jsonrpc.services.GenericEndpoint.request(GenericEndpoint.java:128)
	at org.eclipse.lsp4j.jsonrpc.RemoteEndpoint.handleRequest(RemoteEndpoint.java:265)
	at org.eclipse.lsp4j.jsonrpc.RemoteEndpoint.consume(RemoteEndpoint.java:195)
	at org.eclipse.lsp4j.jsonrpc.json.StreamMessageProducer.handleMessage(StreamMessageProducer.java:189)
	at org.eclipse.lsp4j.jsonrpc.json.StreamMessageProducer.listen(StreamMessageProducer.java:97)
	at org.eclipse.lsp4j.jsonrpc.json.ConcurrentMessageProcessor.run(ConcurrentMessageProcessor.java:97)
	at java.util.concurrent.Executors$RunnableAdapter.call(Executors.java:545)
	at java.util.concurrent.FutureTask.run(FutureTask.java:330)
	at java.util.concurrent.ThreadPoolExecutor.runWorker(ThreadPoolExecutor.java:1090)
	at java.util.concurrent.ThreadPoolExecutor$Worker.run(ThreadPoolExecutor.java:614)
	at java.lang.Thread.run(Thread.java:1516)

2026.08.06 09:40:00 INFO  no build target found for C:\Users\rishi\BIG DATA\SCALA\Sum.scala. Using presentation compiler with project's scala-library version: 3.3.8
2026.08.06 09:40:00 INFO  no build target found for C:\Users\rishi\BIG DATA\SCALA\Sum.scala. Using presentation compiler with project's scala-library version: 3.3.8
2026.08.06 09:40:00 INFO  no build target found for C:\Users\rishi\BIG DATA\SCALA\Sum.scala. Using presentation compiler with project's scala-library version: 3.3.8
2026.08.06 09:40:01 INFO  no build target found for C:\Users\rishi\BIG DATA\SCALA\tuple.scala. Using presentation compiler with project's scala-library version: 3.3.8
2026.08.06 09:40:01 WARN  no build target for: C:\Users\rishi\BIG DATA\SCALA\tuple.scala
2026.08.06 09:40:01 INFO  no build target found for C:\Users\rishi\BIG DATA\SCALA\tuple.scala. Using presentation compiler with project's scala-library version: 3.3.8
2026.08.06 09:40:01 INFO  no build target found for C:\Users\rishi\BIG DATA\SCALA\tuple.scala. Using presentation compiler with project's scala-library version: 3.3.8
2026.08.06 09:40:01 INFO  no build target found for C:\Users\rishi\BIG DATA\SCALA\tuple.scala. Using presentation compiler with project's scala-library version: 3.3.8
2026.08.06 09:40:10 INFO  no build target found for C:\Users\rishi\BIG DATA\SCALA\tuple.scala. Using presentation compiler with project's scala-library version: 3.3.8
2026.08.06 09:40:10 INFO  no build target found for C:\Users\rishi\BIG DATA\SCALA\tuple.scala. Using presentation compiler with project's scala-library version: 3.3.8
2026.08.06 09:40:20 WARN  no build target for: C:\Users\rishi\BIG DATA\SCALA\tuple.scala
2026.08.06 09:40:20 INFO  no build target found for C:\Users\rishi\BIG DATA\SCALA\tuple.scala. Using presentation compiler with project's scala-library version: 3.3.8
2026.08.06 09:40:21 INFO  no build target found for C:\Users\rishi\BIG DATA\SCALA\tuple.scala. Using presentation compiler with project's scala-library version: 3.3.8
2026.08.06 09:40:20 ERROR scala.meta.internal.metals.debug.DiscoveryFailures$BuildTargetNotFoundForPathException: No build target could be found for the path: C:\Users\rishi\BIG DATA\SCALA\tuple.scala
	at scala.meta.internal.metals.debug.DebugDiscovery.validate(DebugDiscovery.scala:88)
	at scala.meta.internal.metals.debug.DebugDiscovery.debugDiscovery(DebugDiscovery.scala:164)
	at scala.meta.internal.metals.debug.DebugDiscovery.runCommandDiscovery(DebugDiscovery.scala:66)
	at scala.meta.internal.metals.MetalsLspService.$anonfun$discoverMainClasses$1(MetalsLspService.scala:1641)
	at scala.meta.internal.metals.MetalsLspService.afterCompilationFinished(MetalsLspService.scala:1598)
	at scala.meta.internal.metals.MetalsLspService.discoverMainClasses(MetalsLspService.scala:1641)
	at scala.meta.internal.metals.WorkspaceLspService.executeCommand(WorkspaceLspService.scala:943)
	at scala.meta.metals.lsp.DelegatingScalaService.executeCommand(DelegatingScalaService.scala:184)
	at jdk.internal.reflect.DirectMethodHandleAccessor.invoke(DirectMethodHandleAccessor.java:104)
	at java.lang.reflect.Method.invoke(Method.java:565)
	at org.eclipse.lsp4j.jsonrpc.services.GenericEndpoint.lambda$recursiveFindRpcMethods$0(GenericEndpoint.java:65)
	at org.eclipse.lsp4j.jsonrpc.services.GenericEndpoint.request(GenericEndpoint.java:128)
	at org.eclipse.lsp4j.jsonrpc.RemoteEndpoint.handleRequest(RemoteEndpoint.java:265)
	at org.eclipse.lsp4j.jsonrpc.RemoteEndpoint.consume(RemoteEndpoint.java:195)
	at org.eclipse.lsp4j.jsonrpc.json.StreamMessageProducer.handleMessage(StreamMessageProducer.java:189)
	at org.eclipse.lsp4j.jsonrpc.json.StreamMessageProducer.listen(StreamMessageProducer.java:97)
	at org.eclipse.lsp4j.jsonrpc.json.ConcurrentMessageProcessor.run(ConcurrentMessageProcessor.java:97)
	at java.util.concurrent.Executors$RunnableAdapter.call(Executors.java:545)
	at java.util.concurrent.FutureTask.run(FutureTask.java:330)
	at java.util.concurrent.ThreadPoolExecutor.runWorker(ThreadPoolExecutor.java:1090)
	at java.util.concurrent.ThreadPoolExecutor$Worker.run(ThreadPoolExecutor.java:614)
	at java.lang.Thread.run(Thread.java:1516)

2026.08.06 09:40:23 WARN  no build target for: C:\Users\rishi\BIG DATA\SCALA\tuple.scala
2026.08.06 09:40:23 ERROR scala.meta.internal.metals.debug.DiscoveryFailures$BuildTargetNotFoundForPathException: No build target could be found for the path: C:\Users\rishi\BIG DATA\SCALA\tuple.scala
	at scala.meta.internal.metals.debug.DebugDiscovery.validate(DebugDiscovery.scala:88)
	at scala.meta.internal.metals.debug.DebugDiscovery.debugDiscovery(DebugDiscovery.scala:164)
	at scala.meta.internal.metals.MetalsLspService.$anonfun$debugDiscovery$3(MetalsLspService.scala:1603)
	at scala.meta.internal.metals.MetalsLspService.afterCompilationFinished(MetalsLspService.scala:1598)
	at scala.meta.internal.metals.MetalsLspService.debugDiscovery(MetalsLspService.scala:1603)
	at scala.meta.internal.metals.WorkspaceLspService.executeCommand(WorkspaceLspService.scala:1157)
	at scala.meta.metals.lsp.DelegatingScalaService.executeCommand(DelegatingScalaService.scala:184)
	at jdk.internal.reflect.DirectMethodHandleAccessor.invoke(DirectMethodHandleAccessor.java:104)
	at java.lang.reflect.Method.invoke(Method.java:565)
	at org.eclipse.lsp4j.jsonrpc.services.GenericEndpoint.lambda$recursiveFindRpcMethods$0(GenericEndpoint.java:65)
	at org.eclipse.lsp4j.jsonrpc.services.GenericEndpoint.request(GenericEndpoint.java:128)
	at org.eclipse.lsp4j.jsonrpc.RemoteEndpoint.handleRequest(RemoteEndpoint.java:265)
	at org.eclipse.lsp4j.jsonrpc.RemoteEndpoint.consume(RemoteEndpoint.java:195)
	at org.eclipse.lsp4j.jsonrpc.json.StreamMessageProducer.handleMessage(StreamMessageProducer.java:189)
	at org.eclipse.lsp4j.jsonrpc.json.StreamMessageProducer.listen(StreamMessageProducer.java:97)
	at org.eclipse.lsp4j.jsonrpc.json.ConcurrentMessageProcessor.run(ConcurrentMessageProcessor.java:97)
	at java.util.concurrent.Executors$RunnableAdapter.call(Executors.java:545)
	at java.util.concurrent.FutureTask.run(FutureTask.java:330)
	at java.util.concurrent.ThreadPoolExecutor.runWorker(ThreadPoolExecutor.java:1090)
	at java.util.concurrent.ThreadPoolExecutor$Worker.run(ThreadPoolExecutor.java:614)
	at java.lang.Thread.run(Thread.java:1516)

2026.08.06 09:40:23 INFO  no build target found for C:\Users\rishi\BIG DATA\SCALA\tuple.scala. Using presentation compiler with project's scala-library version: 3.3.8
2026.08.06 09:40:51 ERROR scala.meta.internal.metals.debug.DiscoveryFailures$BuildTargetNotFoundForPathException: No build target could be found for the path: C:\Users\rishi\BIG DATA\SCALA\tuple.scala
	at scala.meta.internal.metals.debug.DebugDiscovery.validate(DebugDiscovery.scala:88)
	at scala.meta.internal.metals.debug.DebugDiscovery.debugDiscovery(DebugDiscovery.scala:164)
	at scala.meta.internal.metals.MetalsLspService.$anonfun$debugDiscovery$3(MetalsLspService.scala:1603)
	at scala.meta.internal.metals.MetalsLspService.afterCompilationFinished(MetalsLspService.scala:1598)
	at scala.meta.internal.metals.MetalsLspService.debugDiscovery(MetalsLspService.scala:1603)
	at scala.meta.internal.metals.WorkspaceLspService.executeCommand(WorkspaceLspService.scala:1157)
	at scala.meta.metals.lsp.DelegatingScalaService.executeCommand(DelegatingScalaService.scala:184)
	at jdk.internal.reflect.DirectMethodHandleAccessor.invoke(DirectMethodHandleAccessor.java:104)
	at java.lang.reflect.Method.invoke(Method.java:565)
	at org.eclipse.lsp4j.jsonrpc.services.GenericEndpoint.lambda$recursiveFindRpcMethods$0(GenericEndpoint.java:65)
	at org.eclipse.lsp4j.jsonrpc.services.GenericEndpoint.request(GenericEndpoint.java:128)
	at org.eclipse.lsp4j.jsonrpc.RemoteEndpoint.handleRequest(RemoteEndpoint.java:265)
	at org.eclipse.lsp4j.jsonrpc.RemoteEndpoint.consume(RemoteEndpoint.java:195)
	at org.eclipse.lsp4j.jsonrpc.json.StreamMessageProducer.handleMessage(StreamMessageProducer.java:189)
	at org.eclipse.lsp4j.jsonrpc.json.StreamMessageProducer.listen(StreamMessageProducer.java:97)
	at org.eclipse.lsp4j.jsonrpc.json.ConcurrentMessageProcessor.run(ConcurrentMessageProcessor.java:97)
	at java.util.concurrent.Executors$RunnableAdapter.call(Executors.java:545)
	at java.util.concurrent.FutureTask.run(FutureTask.java:330)
	at java.util.concurrent.ThreadPoolExecutor.runWorker(ThreadPoolExecutor.java:1090)
	at java.util.concurrent.ThreadPoolExecutor$Worker.run(ThreadPoolExecutor.java:614)
	at java.lang.Thread.run(Thread.java:1516)

2026.08.06 09:40:52 INFO  no build target found for C:\Users\rishi\BIG DATA\SCALA\tuple.scala. Using presentation compiler with project's scala-library version: 3.3.8
2026.08.06 09:40:52 INFO  no build target found for C:\Users\rishi\BIG DATA\SCALA\tuple.scala. Using presentation compiler with project's scala-library version: 3.3.8
2026.08.06 09:41:32 WARN  no build target for: C:\Users\rishi\BIG DATA\SCALA\tuple.scala
2026.08.06 09:41:32 INFO  no build target found for C:\Users\rishi\BIG DATA\SCALA\tuple.scala. Using presentation compiler with project's scala-library version: 3.3.8
2026.08.06 09:41:40 INFO  no build target found for C:\Users\rishi\BIG DATA\SCALA\Sum.scala. Using presentation compiler with project's scala-library version: 3.3.8
2026.08.06 09:41:40 WARN  no build target for: C:\Users\rishi\BIG DATA\SCALA\Sum.scala
2026.08.06 09:41:40 INFO  no build target found for C:\Users\rishi\BIG DATA\SCALA\Sum.scala. Using presentation compiler with project's scala-library version: 3.3.8
2026.08.06 09:41:40 INFO  no build target found for C:\Users\rishi\BIG DATA\SCALA\Sum.scala. Using presentation compiler with project's scala-library version: 3.3.8
2026.08.06 09:41:40 INFO  no build target found for C:\Users\rishi\BIG DATA\SCALA\Sum.scala. Using presentation compiler with project's scala-library version: 3.3.8
2026.08.06 09:41:40 INFO  no build target found for C:\Users\rishi\BIG DATA\SCALA\Sum.scala. Using presentation compiler with project's scala-library version: 3.3.8
2026.08.06 09:41:40 INFO  no build target found for C:\Users\rishi\BIG DATA\SCALA\Sum.scala. Using presentation compiler with project's scala-library version: 3.3.8
2026.08.06 09:43:28 ERROR scala.meta.internal.metals.debug.DiscoveryFailures$BuildTargetNotFoundForPathException: No build target could be found for the path: C:\Users\rishi\BIG DATA\SCALA\Sum.scala
	at scala.meta.internal.metals.debug.DebugDiscovery.validate(DebugDiscovery.scala:88)
	at scala.meta.internal.metals.debug.DebugDiscovery.debugDiscovery(DebugDiscovery.scala:164)
	at scala.meta.internal.metals.MetalsLspService.$anonfun$debugDiscovery$3(MetalsLspService.scala:1603)
	at scala.meta.internal.metals.MetalsLspService.afterCompilationFinished(MetalsLspService.scala:1598)
	at scala.meta.internal.metals.MetalsLspService.debugDiscovery(MetalsLspService.scala:1603)
	at scala.meta.internal.metals.WorkspaceLspService.executeCommand(WorkspaceLspService.scala:1157)
	at scala.meta.metals.lsp.DelegatingScalaService.executeCommand(DelegatingScalaService.scala:184)
	at jdk.internal.reflect.DirectMethodHandleAccessor.invoke(DirectMethodHandleAccessor.java:104)
	at java.lang.reflect.Method.invoke(Method.java:565)
	at org.eclipse.lsp4j.jsonrpc.services.GenericEndpoint.lambda$recursiveFindRpcMethods$0(GenericEndpoint.java:65)
	at org.eclipse.lsp4j.jsonrpc.services.GenericEndpoint.request(GenericEndpoint.java:128)
	at org.eclipse.lsp4j.jsonrpc.RemoteEndpoint.handleRequest(RemoteEndpoint.java:265)
	at org.eclipse.lsp4j.jsonrpc.RemoteEndpoint.consume(RemoteEndpoint.java:195)
	at org.eclipse.lsp4j.jsonrpc.json.StreamMessageProducer.handleMessage(StreamMessageProducer.java:189)
	at org.eclipse.lsp4j.jsonrpc.json.StreamMessageProducer.listen(StreamMessageProducer.java:97)
	at org.eclipse.lsp4j.jsonrpc.json.ConcurrentMessageProcessor.run(ConcurrentMessageProcessor.java:97)
	at java.util.concurrent.Executors$RunnableAdapter.call(Executors.java:545)
	at java.util.concurrent.FutureTask.run(FutureTask.java:330)
	at java.util.concurrent.ThreadPoolExecutor.runWorker(ThreadPoolExecutor.java:1090)
	at java.util.concurrent.ThreadPoolExecutor$Worker.run(ThreadPoolExecutor.java:614)
	at java.lang.Thread.run(Thread.java:1516)

2026.08.06 10:00:00 INFO  no build target found for C:\Users\rishi\BIG DATA\SCALA\tuple.scala. Using presentation compiler with project's scala-library version: 3.3.8
2026.08.06 10:00:00 WARN  no build target for: C:\Users\rishi\BIG DATA\SCALA\tuple.scala
2026.08.06 10:00:00 INFO  no build target found for C:\Users\rishi\BIG DATA\SCALA\tuple.scala. Using presentation compiler with project's scala-library version: 3.3.8
2026.08.06 10:00:00 ERROR scala.meta.internal.metals.debug.DiscoveryFailures$BuildTargetNotFoundForPathException: No build target could be found for the path: C:\Users\rishi\BIG DATA\SCALA\Sum.scala
	at scala.meta.internal.metals.debug.DebugDiscovery.validate(DebugDiscovery.scala:88)
	at scala.meta.internal.metals.debug.DebugDiscovery.debugDiscovery(DebugDiscovery.scala:164)
	at scala.meta.internal.metals.MetalsLspService.$anonfun$debugDiscovery$3(MetalsLspService.scala:1603)
	at scala.meta.internal.metals.MetalsLspService.afterCompilationFinished(MetalsLspService.scala:1598)
	at scala.meta.internal.metals.MetalsLspService.debugDiscovery(MetalsLspService.scala:1603)
	at scala.meta.internal.metals.WorkspaceLspService.executeCommand(WorkspaceLspService.scala:1157)
	at scala.meta.metals.lsp.DelegatingScalaService.executeCommand(DelegatingScalaService.scala:184)
	at jdk.internal.reflect.DirectMethodHandleAccessor.invoke(DirectMethodHandleAccessor.java:104)
	at java.lang.reflect.Method.invoke(Method.java:565)
	at org.eclipse.lsp4j.jsonrpc.services.GenericEndpoint.lambda$recursiveFindRpcMethods$0(GenericEndpoint.java:65)
	at org.eclipse.lsp4j.jsonrpc.services.GenericEndpoint.request(GenericEndpoint.java:128)
	at org.eclipse.lsp4j.jsonrpc.RemoteEndpoint.handleRequest(RemoteEndpoint.java:265)
	at org.eclipse.lsp4j.jsonrpc.RemoteEndpoint.consume(RemoteEndpoint.java:195)
	at org.eclipse.lsp4j.jsonrpc.json.StreamMessageProducer.handleMessage(StreamMessageProducer.java:189)
	at org.eclipse.lsp4j.jsonrpc.json.StreamMessageProducer.listen(StreamMessageProducer.java:97)
	at org.eclipse.lsp4j.jsonrpc.json.ConcurrentMessageProcessor.run(ConcurrentMessageProcessor.java:97)
	at java.util.concurrent.Executors$RunnableAdapter.call(Executors.java:545)
	at java.util.concurrent.FutureTask.run(FutureTask.java:330)
	at java.util.concurrent.ThreadPoolExecutor.runWorker(ThreadPoolExecutor.java:1090)
	at java.util.concurrent.ThreadPoolExecutor$Worker.run(ThreadPoolExecutor.java:614)
	at java.lang.Thread.run(Thread.java:1516)

2026.08.06 10:00:00 INFO  no build target found for C:\Users\rishi\BIG DATA\SCALA\tuple.scala. Using presentation compiler with project's scala-library version: 3.3.8
2026.08.06 10:00:00 INFO  no build target found for C:\Users\rishi\BIG DATA\SCALA\tuple.scala. Using presentation compiler with project's scala-library version: 3.3.8
2026.08.06 10:00:24 INFO  no build target found for C:\Users\rishi\BIG DATA\SCALA\tuple.scala. Using presentation compiler with project's scala-library version: 3.3.8
2026.08.06 10:00:27 ERROR scala.meta.internal.metals.debug.DiscoveryFailures$BuildTargetNotFoundForPathException: No build target could be found for the path: C:\Users\rishi\BIG DATA\SCALA\tuple.scala
	at scala.meta.internal.metals.debug.DebugDiscovery.validate(DebugDiscovery.scala:88)
	at scala.meta.internal.metals.debug.DebugDiscovery.debugDiscovery(DebugDiscovery.scala:164)
	at scala.meta.internal.metals.MetalsLspService.$anonfun$debugDiscovery$3(MetalsLspService.scala:1603)
	at scala.meta.internal.metals.MetalsLspService.afterCompilationFinished(MetalsLspService.scala:1598)
	at scala.meta.internal.metals.MetalsLspService.debugDiscovery(MetalsLspService.scala:1603)
	at scala.meta.internal.metals.WorkspaceLspService.executeCommand(WorkspaceLspService.scala:1157)
	at scala.meta.metals.lsp.DelegatingScalaService.executeCommand(DelegatingScalaService.scala:184)
	at jdk.internal.reflect.DirectMethodHandleAccessor.invoke(DirectMethodHandleAccessor.java:104)
	at java.lang.reflect.Method.invoke(Method.java:565)
	at org.eclipse.lsp4j.jsonrpc.services.GenericEndpoint.lambda$recursiveFindRpcMethods$0(GenericEndpoint.java:65)
	at org.eclipse.lsp4j.jsonrpc.services.GenericEndpoint.request(GenericEndpoint.java:128)
	at org.eclipse.lsp4j.jsonrpc.RemoteEndpoint.handleRequest(RemoteEndpoint.java:265)
	at org.eclipse.lsp4j.jsonrpc.RemoteEndpoint.consume(RemoteEndpoint.java:195)
	at org.eclipse.lsp4j.jsonrpc.json.StreamMessageProducer.handleMessage(StreamMessageProducer.java:189)
	at org.eclipse.lsp4j.jsonrpc.json.StreamMessageProducer.listen(StreamMessageProducer.java:97)
	at org.eclipse.lsp4j.jsonrpc.json.ConcurrentMessageProcessor.run(ConcurrentMessageProcessor.java:97)
	at java.util.concurrent.Executors$RunnableAdapter.call(Executors.java:545)
	at java.util.concurrent.FutureTask.run(FutureTask.java:330)
	at java.util.concurrent.ThreadPoolExecutor.runWorker(ThreadPoolExecutor.java:1090)
	at java.util.concurrent.ThreadPoolExecutor$Worker.run(ThreadPoolExecutor.java:614)
	at java.lang.Thread.run(Thread.java:1516)

2026.08.06 10:05:57 INFO  no build target found for C:\Users\rishi\BIG DATA\SCALA\Modifies_Studentprofile.scala. Using presentation compiler with project's scala-library version: 3.3.8
2026.08.06 10:05:57 WARN  no build target for: C:\Users\rishi\BIG DATA\SCALA\Modifies_Studentprofile.scala
2026.08.06 10:05:57 INFO  no build target found for C:\Users\rishi\BIG DATA\SCALA\Modifies_Studentprofile.scala. Using presentation compiler with project's scala-library version: 3.3.8
2026.08.06 10:05:57 ERROR scala.meta.internal.metals.debug.DiscoveryFailures$BuildTargetNotFoundForPathException: No build target could be found for the path: C:\Users\rishi\BIG DATA\SCALA\tuple.scala
	at scala.meta.internal.metals.debug.DebugDiscovery.validate(DebugDiscovery.scala:88)
	at scala.meta.internal.metals.debug.DebugDiscovery.debugDiscovery(DebugDiscovery.scala:164)
	at scala.meta.internal.metals.MetalsLspService.$anonfun$debugDiscovery$3(MetalsLspService.scala:1603)
	at scala.meta.internal.metals.MetalsLspService.afterCompilationFinished(MetalsLspService.scala:1598)
	at scala.meta.internal.metals.MetalsLspService.debugDiscovery(MetalsLspService.scala:1603)
	at scala.meta.internal.metals.WorkspaceLspService.executeCommand(WorkspaceLspService.scala:1157)
	at scala.meta.metals.lsp.DelegatingScalaService.executeCommand(DelegatingScalaService.scala:184)
	at jdk.internal.reflect.DirectMethodHandleAccessor.invoke(DirectMethodHandleAccessor.java:104)
	at java.lang.reflect.Method.invoke(Method.java:565)
	at org.eclipse.lsp4j.jsonrpc.services.GenericEndpoint.lambda$recursiveFindRpcMethods$0(GenericEndpoint.java:65)
	at org.eclipse.lsp4j.jsonrpc.services.GenericEndpoint.request(GenericEndpoint.java:128)
	at org.eclipse.lsp4j.jsonrpc.RemoteEndpoint.handleRequest(RemoteEndpoint.java:265)
	at org.eclipse.lsp4j.jsonrpc.RemoteEndpoint.consume(RemoteEndpoint.java:195)
	at org.eclipse.lsp4j.jsonrpc.json.StreamMessageProducer.handleMessage(StreamMessageProducer.java:189)
	at org.eclipse.lsp4j.jsonrpc.json.StreamMessageProducer.listen(StreamMessageProducer.java:97)
	at org.eclipse.lsp4j.jsonrpc.json.ConcurrentMessageProcessor.run(ConcurrentMessageProcessor.java:97)
	at java.util.concurrent.Executors$RunnableAdapter.call(Executors.java:545)
	at java.util.concurrent.FutureTask.run(FutureTask.java:330)
	at java.util.concurrent.ThreadPoolExecutor.runWorker(ThreadPoolExecutor.java:1090)
	at java.util.concurrent.ThreadPoolExecutor$Worker.run(ThreadPoolExecutor.java:614)
	at java.lang.Thread.run(Thread.java:1516)

2026.08.06 10:05:57 INFO  no build target found for C:\Users\rishi\BIG DATA\SCALA\Modifies_Studentprofile.scala. Using presentation compiler with project's scala-library version: 3.3.8
2026.08.06 10:05:57 INFO  no build target found for C:\Users\rishi\BIG DATA\SCALA\Modifies_Studentprofile.scala. Using presentation compiler with project's scala-library version: 3.3.8
2026.08.06 10:05:58 INFO  no build target found for C:\Users\rishi\BIG DATA\SCALA\Modifies_Studentprofile.scala. Using presentation compiler with project's scala-library version: 3.3.8
2026.08.06 10:06:00 INFO  no build target found for C:\Users\rishi\BIG DATA\SCALA\StudentProfile.scala. Using presentation compiler with project's scala-library version: 3.3.8
2026.08.06 10:06:00 INFO  no build target found for C:\Users\rishi\BIG DATA\SCALA\StudentProfile.scala. Using presentation compiler with project's scala-library version: 3.3.8
2026.08.06 10:06:00 INFO  no build target found for C:\Users\rishi\BIG DATA\SCALA\StudentProfile.scala. Using presentation compiler with project's scala-library version: 3.3.8
2026.08.06 10:06:00 INFO  no build target found for C:\Users\rishi\BIG DATA\SCALA\StudentProfile.scala. Using presentation compiler with project's scala-library version: 3.3.8
2026.08.06 10:06:01 INFO  no build target found for C:\Users\rishi\BIG DATA\SCALA\Modifies_Studentprofile.scala. Using presentation compiler with project's scala-library version: 3.3.8
2026.08.06 10:06:01 WARN  no build target for: C:\Users\rishi\BIG DATA\SCALA\Modifies_Studentprofile.scala
2026.08.06 10:06:01 INFO  no build target found for C:\Users\rishi\BIG DATA\SCALA\Modifies_Studentprofile.scala. Using presentation compiler with project's scala-library version: 3.3.8
2026.08.06 10:06:01 INFO  no build target found for C:\Users\rishi\BIG DATA\SCALA\Modifies_Studentprofile.scala. Using presentation compiler with project's scala-library version: 3.3.8
2026.08.06 10:06:01 INFO  no build target found for C:\Users\rishi\BIG DATA\SCALA\Modifies_Studentprofile.scala. Using presentation compiler with project's scala-library version: 3.3.8
2026.08.06 10:06:01 INFO  no build target found for C:\Users\rishi\BIG DATA\SCALA\Modifies_Studentprofile.scala. Using presentation compiler with project's scala-library version: 3.3.8
2026.08.06 10:06:02 INFO  no build target found for C:\Users\rishi\BIG DATA\SCALA\Modifies_Studentprofile.scala. Using presentation compiler with project's scala-library version: 3.3.8
2026.08.06 10:06:02 INFO  no build target found for C:\Users\rishi\BIG DATA\SCALA\Modifies_Studentprofile.scala. Using presentation compiler with project's scala-library version: 3.3.8
2026.08.06 10:06:02 INFO  no build target found for C:\Users\rishi\BIG DATA\SCALA\Modifies_Studentprofile.scala. Using presentation compiler with project's scala-library version: 3.3.8
2026.08.06 10:06:02 INFO  no build target found for C:\Users\rishi\BIG DATA\SCALA\Modifies_Studentprofile.scala. Using presentation compiler with project's scala-library version: 3.3.8
2026.08.06 10:06:02 INFO  no build target found for C:\Users\rishi\BIG DATA\SCALA\Modifies_Studentprofile.scala. Using presentation compiler with project's scala-library version: 3.3.8
2026.08.06 10:06:04 INFO  no build target found for C:\Users\rishi\BIG DATA\SCALA\Modifies_Studentprofile.scala. Using presentation compiler with project's scala-library version: 3.3.8
2026.08.06 10:06:04 INFO  no build target found for C:\Users\rishi\BIG DATA\SCALA\Modifies_Studentprofile.scala. Using presentation compiler with project's scala-library version: 3.3.8
2026.08.06 10:06:04 INFO  no build target found for C:\Users\rishi\BIG DATA\SCALA\Modifies_Studentprofile.scala. Using presentation compiler with project's scala-library version: 3.3.8
2026.08.06 10:06:06 INFO  no build target found for C:\Users\rishi\BIG DATA\SCALA\Modifies_Studentprofile.scala. Using presentation compiler with project's scala-library version: 3.3.8
2026.08.06 10:06:09 INFO  no build target found for C:\Users\rishi\BIG DATA\SCALA\Modifies_Studentprofile.scala. Using presentation compiler with project's scala-library version: 3.3.8
2026.08.06 10:06:09 INFO  no build target found for C:\Users\rishi\BIG DATA\SCALA\Modifies_Studentprofile.scala. Using presentation compiler with project's scala-library version: 3.3.8
2026.08.06 10:06:09 INFO  no build target found for C:\Users\rishi\BIG DATA\SCALA\Modifies_Studentprofile.scala. Using presentation compiler with project's scala-library version: 3.3.8
2026.08.06 10:06:10 INFO  no build target found for C:\Users\rishi\BIG DATA\SCALA\Modifies_Studentprofile.scala. Using presentation compiler with project's scala-library version: 3.3.8
2026.08.06 10:06:11 INFO  no build target found for C:\Users\rishi\BIG DATA\SCALA\Modifies_Studentprofile.scala. Using presentation compiler with project's scala-library version: 3.3.8
2026.08.06 10:06:12 INFO  no build target found for C:\Users\rishi\BIG DATA\SCALA\Modifies_Studentprofile.scala. Using presentation compiler with project's scala-library version: 3.3.8
2026.08.06 10:06:12 INFO  no build target found for C:\Users\rishi\BIG DATA\SCALA\Modifies_Studentprofile.scala. Using presentation compiler with project's scala-library version: 3.3.8
2026.08.06 10:06:14 INFO  no build target found for C:\Users\rishi\BIG DATA\SCALA\Modifies_Studentprofile.scala. Using presentation compiler with project's scala-library version: 3.3.8
2026.08.06 10:06:14 INFO  no build target found for C:\Users\rishi\BIG DATA\SCALA\Modifies_Studentprofile.scala. Using presentation compiler with project's scala-library version: 3.3.8
2026.08.06 10:06:17 INFO  no build target found for C:\Users\rishi\BIG DATA\SCALA\Modifies_Studentprofile.scala. Using presentation compiler with project's scala-library version: 3.3.8
2026.08.06 10:07:32 INFO  no build target found for C:\Users\rishi\BIG DATA\SCALA\Modifies_Studentprofile.scala. Using presentation compiler with project's scala-library version: 3.3.8
2026.08.06 10:07:45 INFO  no build target found for C:\Users\rishi\BIG DATA\SCALA\Modifies_Studentprofile.scala. Using presentation compiler with project's scala-library version: 3.3.8
2026.08.06 10:07:47 INFO  no build target found for C:\Users\rishi\BIG DATA\SCALA\tuple.scala. Using presentation compiler with project's scala-library version: 3.3.8
2026.08.06 10:07:47 WARN  no build target for: C:\Users\rishi\BIG DATA\SCALA\tuple.scala
2026.08.06 10:07:47 INFO  no build target found for C:\Users\rishi\BIG DATA\SCALA\tuple.scala. Using presentation compiler with project's scala-library version: 3.3.8
2026.08.06 10:07:48 INFO  no build target found for C:\Users\rishi\BIG DATA\SCALA\tuple.scala. Using presentation compiler with project's scala-library version: 3.3.8
2026.08.06 10:08:19 INFO  no build target found for C:\Users\rishi\BIG DATA\SCALA\Modifies_Studentprofile.scala. Using presentation compiler with project's scala-library version: 3.3.8
2026.08.06 10:08:19 WARN  no build target for: C:\Users\rishi\BIG DATA\SCALA\Modifies_Studentprofile.scala
2026.08.06 10:08:19 INFO  no build target found for C:\Users\rishi\BIG DATA\SCALA\Modifies_Studentprofile.scala. Using presentation compiler with project's scala-library version: 3.3.8
2026.08.06 10:08:19 INFO  no build target found for C:\Users\rishi\BIG DATA\SCALA\Modifies_Studentprofile.scala. Using presentation compiler with project's scala-library version: 3.3.8
2026.08.06 10:08:19 INFO  no build target found for C:\Users\rishi\BIG DATA\SCALA\Modifies_Studentprofile.scala. Using presentation compiler with project's scala-library version: 3.3.8
2026.08.06 10:08:21 INFO  no build target found for C:\Users\rishi\BIG DATA\SCALA\StudentProfile.scala. Using presentation compiler with project's scala-library version: 3.3.8
2026.08.06 10:08:21 WARN  no build target for: C:\Users\rishi\BIG DATA\SCALA\StudentProfile.scala
2026.08.06 10:08:21 INFO  no build target found for C:\Users\rishi\BIG DATA\SCALA\StudentProfile.scala. Using presentation compiler with project's scala-library version: 3.3.8
2026.08.06 10:08:21 INFO  no build target found for C:\Users\rishi\BIG DATA\SCALA\StudentProfile.scala. Using presentation compiler with project's scala-library version: 3.3.8
2026.08.06 10:08:21 INFO  no build target found for C:\Users\rishi\BIG DATA\SCALA\StudentProfile.scala. Using presentation compiler with project's scala-library version: 3.3.8
2026.08.06 10:08:23 INFO  no build target found for C:\Users\rishi\BIG DATA\SCALA\StudentProfile.scala. Using presentation compiler with project's scala-library version: 3.3.8
2026.08.06 10:08:23 INFO  no build target found for C:\Users\rishi\BIG DATA\SCALA\StudentProfile.scala. Using presentation compiler with project's scala-library version: 3.3.8
2026.08.06 10:08:23 INFO  no build target found for C:\Users\rishi\BIG DATA\SCALA\StudentProfile.scala. Using presentation compiler with project's scala-library version: 3.3.8
2026.08.06 10:08:26 INFO  no build target found for C:\Users\rishi\BIG DATA\SCALA\Sum.scala. Using presentation compiler with project's scala-library version: 3.3.8
2026.08.06 10:08:26 WARN  no build target for: C:\Users\rishi\BIG DATA\SCALA\Sum.scala
2026.08.06 10:08:26 INFO  no build target found for C:\Users\rishi\BIG DATA\SCALA\Sum.scala. Using presentation compiler with project's scala-library version: 3.3.8
2026.08.06 10:08:26 INFO  no build target found for C:\Users\rishi\BIG DATA\SCALA\Sum.scala. Using presentation compiler with project's scala-library version: 3.3.8
2026.08.06 10:08:26 INFO  no build target found for C:\Users\rishi\BIG DATA\SCALA\Sum.scala. Using presentation compiler with project's scala-library version: 3.3.8
2026.08.06 10:08:31 ERROR scala.meta.internal.metals.debug.DiscoveryFailures$BuildTargetNotFoundForPathException: No build target could be found for the path: C:\Users\rishi\BIG DATA\SCALA\Sum.scala
	at scala.meta.internal.metals.debug.DebugDiscovery.validate(DebugDiscovery.scala:88)
	at scala.meta.internal.metals.debug.DebugDiscovery.debugDiscovery(DebugDiscovery.scala:164)
	at scala.meta.internal.metals.debug.DebugDiscovery.runCommandDiscovery(DebugDiscovery.scala:66)
	at scala.meta.internal.metals.MetalsLspService.$anonfun$discoverMainClasses$1(MetalsLspService.scala:1641)
	at scala.meta.internal.metals.MetalsLspService.afterCompilationFinished(MetalsLspService.scala:1598)
	at scala.meta.internal.metals.MetalsLspService.discoverMainClasses(MetalsLspService.scala:1641)
	at scala.meta.internal.metals.WorkspaceLspService.executeCommand(WorkspaceLspService.scala:943)
	at scala.meta.metals.lsp.DelegatingScalaService.executeCommand(DelegatingScalaService.scala:184)
	at jdk.internal.reflect.DirectMethodHandleAccessor.invoke(DirectMethodHandleAccessor.java:104)
	at java.lang.reflect.Method.invoke(Method.java:565)
	at org.eclipse.lsp4j.jsonrpc.services.GenericEndpoint.lambda$recursiveFindRpcMethods$0(GenericEndpoint.java:65)
	at org.eclipse.lsp4j.jsonrpc.services.GenericEndpoint.request(GenericEndpoint.java:128)
	at org.eclipse.lsp4j.jsonrpc.RemoteEndpoint.handleRequest(RemoteEndpoint.java:265)
	at org.eclipse.lsp4j.jsonrpc.RemoteEndpoint.consume(RemoteEndpoint.java:195)
	at org.eclipse.lsp4j.jsonrpc.json.StreamMessageProducer.handleMessage(StreamMessageProducer.java:189)
	at org.eclipse.lsp4j.jsonrpc.json.StreamMessageProducer.listen(StreamMessageProducer.java:97)
	at org.eclipse.lsp4j.jsonrpc.json.ConcurrentMessageProcessor.run(ConcurrentMessageProcessor.java:97)
	at java.util.concurrent.Executors$RunnableAdapter.call(Executors.java:545)
	at java.util.concurrent.FutureTask.run(FutureTask.java:330)
	at java.util.concurrent.ThreadPoolExecutor.runWorker(ThreadPoolExecutor.java:1090)
	at java.util.concurrent.ThreadPoolExecutor$Worker.run(ThreadPoolExecutor.java:614)
	at java.lang.Thread.run(Thread.java:1516)

2026.08.06 10:08:31 WARN  no build target for: C:\Users\rishi\BIG DATA\SCALA\Modifies_Studentprofile.scala
2026.08.06 10:08:31 INFO  no build target found for C:\Users\rishi\BIG DATA\SCALA\Modifies_Studentprofile.scala. Using presentation compiler with project's scala-library version: 3.3.8
2026.08.06 10:08:31 INFO  no build target found for C:\Users\rishi\BIG DATA\SCALA\Sum.scala. Using presentation compiler with project's scala-library version: 3.3.8
2026.08.06 10:08:31 ERROR scala.meta.internal.metals.debug.DiscoveryFailures$BuildTargetNotFoundForPathException: No build target could be found for the path: C:\Users\rishi\BIG DATA\SCALA\Sum.scala
	at scala.meta.internal.metals.debug.DebugDiscovery.validate(DebugDiscovery.scala:88)
	at scala.meta.internal.metals.debug.DebugDiscovery.debugDiscovery(DebugDiscovery.scala:164)
	at scala.meta.internal.metals.MetalsLspService.$anonfun$debugDiscovery$3(MetalsLspService.scala:1603)
	at scala.meta.internal.metals.MetalsLspService.afterCompilationFinished(MetalsLspService.scala:1598)
	at scala.meta.internal.metals.MetalsLspService.debugDiscovery(MetalsLspService.scala:1603)
	at scala.meta.internal.metals.WorkspaceLspService.executeCommand(WorkspaceLspService.scala:1157)
	at scala.meta.metals.lsp.DelegatingScalaService.executeCommand(DelegatingScalaService.scala:184)
	at jdk.internal.reflect.DirectMethodHandleAccessor.invoke(DirectMethodHandleAccessor.java:104)
	at java.lang.reflect.Method.invoke(Method.java:565)
	at org.eclipse.lsp4j.jsonrpc.services.GenericEndpoint.lambda$recursiveFindRpcMethods$0(GenericEndpoint.java:65)
	at org.eclipse.lsp4j.jsonrpc.services.GenericEndpoint.request(GenericEndpoint.java:128)
	at org.eclipse.lsp4j.jsonrpc.RemoteEndpoint.handleRequest(RemoteEndpoint.java:265)
	at org.eclipse.lsp4j.jsonrpc.RemoteEndpoint.consume(RemoteEndpoint.java:195)
	at org.eclipse.lsp4j.jsonrpc.json.StreamMessageProducer.handleMessage(StreamMessageProducer.java:189)
	at org.eclipse.lsp4j.jsonrpc.json.StreamMessageProducer.listen(StreamMessageProducer.java:97)
	at org.eclipse.lsp4j.jsonrpc.json.ConcurrentMessageProcessor.run(ConcurrentMessageProcessor.java:97)
	at java.util.concurrent.Executors$RunnableAdapter.call(Executors.java:545)
	at java.util.concurrent.FutureTask.run(FutureTask.java:330)
	at java.util.concurrent.ThreadPoolExecutor.runWorker(ThreadPoolExecutor.java:1090)
	at java.util.concurrent.ThreadPoolExecutor$Worker.run(ThreadPoolExecutor.java:614)
	at java.lang.Thread.run(Thread.java:1516)

2026.08.06 10:09:21 INFO  no build target found for C:\Users\rishi\BIG DATA\SCALA\tuple.scala. Using presentation compiler with project's scala-library version: 3.3.8
2026.08.06 10:09:21 WARN  no build target for: C:\Users\rishi\BIG DATA\SCALA\tuple.scala
2026.08.06 10:09:21 INFO  no build target found for C:\Users\rishi\BIG DATA\SCALA\tuple.scala. Using presentation compiler with project's scala-library version: 3.3.8
2026.08.06 10:09:21 ERROR scala.meta.internal.metals.debug.DiscoveryFailures$BuildTargetNotFoundForPathException: No build target could be found for the path: C:\Users\rishi\BIG DATA\SCALA\Sum.scala
	at scala.meta.internal.metals.debug.DebugDiscovery.validate(DebugDiscovery.scala:88)
	at scala.meta.internal.metals.debug.DebugDiscovery.debugDiscovery(DebugDiscovery.scala:164)
	at scala.meta.internal.metals.MetalsLspService.$anonfun$debugDiscovery$3(MetalsLspService.scala:1603)
	at scala.meta.internal.metals.MetalsLspService.afterCompilationFinished(MetalsLspService.scala:1598)
	at scala.meta.internal.metals.MetalsLspService.debugDiscovery(MetalsLspService.scala:1603)
	at scala.meta.internal.metals.WorkspaceLspService.executeCommand(WorkspaceLspService.scala:1157)
	at scala.meta.metals.lsp.DelegatingScalaService.executeCommand(DelegatingScalaService.scala:184)
	at jdk.internal.reflect.DirectMethodHandleAccessor.invoke(DirectMethodHandleAccessor.java:104)
	at java.lang.reflect.Method.invoke(Method.java:565)
	at org.eclipse.lsp4j.jsonrpc.services.GenericEndpoint.lambda$recursiveFindRpcMethods$0(GenericEndpoint.java:65)
	at org.eclipse.lsp4j.jsonrpc.services.GenericEndpoint.request(GenericEndpoint.java:128)
	at org.eclipse.lsp4j.jsonrpc.RemoteEndpoint.handleRequest(RemoteEndpoint.java:265)
	at org.eclipse.lsp4j.jsonrpc.RemoteEndpoint.consume(RemoteEndpoint.java:195)
	at org.eclipse.lsp4j.jsonrpc.json.StreamMessageProducer.handleMessage(StreamMessageProducer.java:189)
	at org.eclipse.lsp4j.jsonrpc.json.StreamMessageProducer.listen(StreamMessageProducer.java:97)
	at org.eclipse.lsp4j.jsonrpc.json.ConcurrentMessageProcessor.run(ConcurrentMessageProcessor.java:97)
	at java.util.concurrent.Executors$RunnableAdapter.call(Executors.java:545)
	at java.util.concurrent.FutureTask.run(FutureTask.java:330)
	at java.util.concurrent.ThreadPoolExecutor.runWorker(ThreadPoolExecutor.java:1090)
	at java.util.concurrent.ThreadPoolExecutor$Worker.run(ThreadPoolExecutor.java:614)
	at java.lang.Thread.run(Thread.java:1516)

2026.08.06 10:09:21 INFO  no build target found for C:\Users\rishi\BIG DATA\SCALA\tuple.scala. Using presentation compiler with project's scala-library version: 3.3.8
2026.08.06 10:09:21 INFO  no build target found for C:\Users\rishi\BIG DATA\SCALA\tuple.scala. Using presentation compiler with project's scala-library version: 3.3.8
2026.08.06 10:09:42 INFO  Shutting down server
2026.08.06 10:09:42 INFO  Memory monitor stopped
2026.08.06 10:09:42 INFO  shutting down Metals
2026.08.06 10:09:42 ERROR Unexpected error initializing server: 
org.eclipse.lsp4j.jsonrpc.ResponseErrorException: Request window/showMessageRequest failed with message: Canceled
	at org.eclipse.lsp4j.jsonrpc.RemoteEndpoint.handleResponse(RemoteEndpoint.java:214)
	at org.eclipse.lsp4j.jsonrpc.RemoteEndpoint.consume(RemoteEndpoint.java:198)
	at org.eclipse.lsp4j.jsonrpc.json.StreamMessageProducer.handleMessage(StreamMessageProducer.java:189)
	at org.eclipse.lsp4j.jsonrpc.json.StreamMessageProducer.listen(StreamMessageProducer.java:97)
	at org.eclipse.lsp4j.jsonrpc.json.ConcurrentMessageProcessor.run(ConcurrentMessageProcessor.java:97)
	at java.util.concurrent.Executors$RunnableAdapter.call(Executors.java:545)
	at java.util.concurrent.FutureTask.run(FutureTask.java:330)
	at java.util.concurrent.ThreadPoolExecutor.runWorker(ThreadPoolExecutor.java:1090)
	at java.util.concurrent.ThreadPoolExecutor$Worker.run(ThreadPoolExecutor.java:614)
	at java.lang.Thread.run(Thread.java:1516)

2026.08.06 10:09:42 INFO  Exiting server
2026.08.06 14:56:08 INFO  Started: Metals version 1.6.8 in folders 'C:\Users\rishi\BIG DATA\SCALA' for client Visual Studio Code 1.131.0.
2026.08.06 14:56:08 INFO  Memory monitor started
2026.08.06 14:56:10 WARN  Using H2 2.4.240 which is newer than the version Flyway has been verified with. The latest verified version of H2 is 2.3.232.
2026.08.06 14:56:11 INFO  no build target found for C:\Users\rishi\BIG DATA\SCALA\tuple.scala. Using presentation compiler with project's scala-library version: 3.3.8
Aug 06, 2026 2:56:14 PM org.eclipse.lsp4j.jsonrpc.services.GenericEndpoint notify
INFO: Unsupported notification method: $/setTrace
2026.08.06 15:36:02 INFO  Shutting down server
2026.08.06 15:36:02 INFO  Memory monitor stopped
2026.08.06 15:36:02 INFO  shutting down Metals
2026.08.06 15:36:02 INFO  Exiting server
2026.08.06 15:36:02 ERROR Unexpected error initializing server: 
org.eclipse.lsp4j.jsonrpc.ResponseErrorException: Request window/showMessageRequest failed with message: Canceled
	at org.eclipse.lsp4j.jsonrpc.RemoteEndpoint.handleResponse(RemoteEndpoint.java:214)
	at org.eclipse.lsp4j.jsonrpc.RemoteEndpoint.consume(RemoteEndpoint.java:198)
	at org.eclipse.lsp4j.jsonrpc.json.StreamMessageProducer.handleMessage(StreamMessageProducer.java:189)
	at org.eclipse.lsp4j.jsonrpc.json.StreamMessageProducer.listen(StreamMessageProducer.java:97)
	at org.eclipse.lsp4j.jsonrpc.json.ConcurrentMessageProcessor.run(ConcurrentMessageProcessor.java:97)
	at java.util.concurrent.Executors$RunnableAdapter.call(Executors.java:545)
	at java.util.concurrent.FutureTask.run(FutureTask.java:330)
	at java.util.concurrent.ThreadPoolExecutor.runWorker(ThreadPoolExecutor.java:1090)
	at java.util.concurrent.ThreadPoolExecutor$Worker.run(ThreadPoolExecutor.java:614)
	at java.lang.Thread.run(Thread.java:1516)

2026.08.10 09:04:34 INFO  Started: Metals version 1.6.8 in folders 'C:\Users\rishi\BIG DATA\SCALA' for client Visual Studio Code 1.131.0.
2026.08.10 09:04:34 INFO  Memory monitor started
2026.08.10 09:04:36 WARN  Using H2 2.4.240 which is newer than the version Flyway has been verified with. The latest verified version of H2 is 2.3.232.
2026.08.10 09:24:37 INFO  no build target found for C:\Users\rishi\BIG DATA\SCALA\StudentProfile.scala. Using presentation compiler with project's scala-library version: 3.3.8
2026.08.10 09:24:40 INFO  no build target found for C:\Users\rishi\BIG DATA\SCALA\StudentProfile.scala. Using presentation compiler with project's scala-library version: 3.3.8
Aug 10, 2026 9:24:40 AM org.eclipse.lsp4j.jsonrpc.RemoteEndpoint handleCancellation
WARNING: Unmatched cancel notification for request id 1
2026.08.10 09:24:40 INFO  no build target found for C:\Users\rishi\BIG DATA\SCALA\StudentProfile.scala. Using presentation compiler with project's scala-library version: 3.3.8
2026.08.10 09:24:40 INFO  no build target found for C:\Users\rishi\BIG DATA\SCALA\StudentProfile.scala. Using presentation compiler with project's scala-library version: 3.3.8
2026.08.11 00:06:01 WARN  Using H2 2.4.240 which is newer than the version Flyway has been verified with. The latest verified version of H2 is 2.3.232.
2026.08.11 00:06:01 INFO  no build target found for C:\Users\rishi\OneDrive\Desktop\Quantum\ADD_MATRIX_2D.scala. Using presentation compiler with project's scala-library version: 3.3.8
2026.08.11 00:06:01 INFO  no build target found for C:\Users\rishi\OneDrive\Desktop\Quantum\ADD_MATRIX_2D.scala. Using presentation compiler with project's scala-library version: 3.3.8
2026.08.11 00:06:01 WARN  scala-cli >= 0.1.3 not found in PATH, fetching and starting a JVM-based Scala CLI
2026.08.11 00:06:03 INFO  Running List(C:\Program Files\Java\jdk-26.0.1\bin\java.exe, -cp, C:\Users\rishi\AppData\Local\Coursier\cache\v1\https\repo1.maven.org\maven2\org\virtuslab\scala-cli\cli_3\1.14.0\cli_3-1.14.0.jar;C:\Users\rishi\AppData\Local\Coursier\cache\v1\https\repo1.maven.org\maven2\com\github\alexarchambault\case-app_3\2.1.0\case-app_3-2.1.0.jar;C:\Users\rishi\AppData\Local\Coursier\cache\v1\https\repo1.maven.org\maven2\io\get-coursier\coursier-launcher_2.13\2.1.25-M25\coursier-launcher_2.13-2.1.25-M25.jar;C:\Users\rishi\AppData\Local\Coursier\cache\v1\https\repo1.maven.org\maven2\io\get-coursier\coursier-proxy-setup\2.1.25-M25\coursier-proxy-setup-2.1.25-M25.jar;C:\Users\rishi\AppData\Local\Coursier\cache\v1\https\repo1.maven.org\maven2\io\get-coursier\publish\publish_3\0.4.4\publish_3-0.4.4.jar;C:\Users\rishi\AppData\Local\Coursier\cache\v1\https\repo1.maven.org\maven2\com\google\jimfs\jimfs\1.3.1\jimfs-1.3.1.jar;C:\Users\rishi\AppData\Local\Coursier\cache\v1\https\repo1.maven.org\maven2\io\get-coursier\jniutils\windows-jni-utils\0.3.3\windows-jni-utils-0.3.3.jar;C:\Users\rishi\AppData\Local\Coursier\cache\v1\https\repo1.maven.org\maven2\com\github\plokhotnyuk\jsoniter-scala\jsoniter-scala-core_3\2.38.8\jsoniter-scala-core_3-2.38.8.jar;C:\Users\rishi\AppData\Local\Coursier\cache\v1\https\repo1.maven.org\maven2\org\virtuslab\scala-cli\libsodiumjni\0.0.4\libsodiumjni-0.0.4.jar;C:\Users\rishi\AppData\Local\Coursier\cache\v1\https\repo1.maven.org\maven2\org\scalameta\metaconfig-typesafe-config_3\0.18.2\metaconfig-typesafe-config_3-0.18.2.jar;C:\Users\rishi\AppData\Local\Coursier\cache\v1\https\repo1.maven.org\maven2\ai\kien\python-native-libs_3\0.2.5\python-native-libs_3-0.2.5.jar;C:\Users\rishi\AppData\Local\Coursier\cache\v1\https\repo1.maven.org\maven2\org\virtuslab\scala-packager_3\0.2.1\scala-packager_3-0.2.1.jar;C:\Users\rishi\AppData\Local\Coursier\cache\v1\https\repo1.maven.org\maven2\org\virtuslab\scala-cli-signing\cli_3\0.2.13\cli_3-0.2.13.jar;C:\Users\rishi\AppData\Local\Coursier\cache\v1\https\repo1.maven.org\maven2\org\slf4j\slf4j-nop\2.0.17\slf4j-nop-2.0.17.jar;C:\Users\rishi\AppData\Local\Coursier\cache\v1\https\repo1.maven.org\maven2\com\softwaremill\sttp\client3\core_3\3.11.0\core_3-3.11.0.jar;C:\Users\rishi\AppData\Local\Coursier\cache\v1\https\repo1.maven.org\maven2\ch\epfl\scala\scalafix-interfaces\0.14.5\scalafix-interfaces-0.14.5.jar;C:\Users\rishi\AppData\Local\Coursier\cache\v1\https\repo1.maven.org\maven2\org\virtuslab\scala-cli\scala3-graal_3\1.9.1\scala3-graal_3-1.9.1.jar;C:\Users\rishi\AppData\Local\Coursier\cache\v1\https\repo1.maven.org\maven2\org\virtuslab\scala-cli\scala3-graal-processor_3\1.9.1\scala3-graal-processor_3-1.9.1.jar;C:\Users\rishi\AppData\Local\Coursier\cache\v1\https\repo1.maven.org\maven2\org\scala-lang\scala3-library_3\3.3.7\scala3-library_3-3.3.7.jar;C:\Users\rishi\AppData\Local\Coursier\cache\v1\https\repo1.maven.org\maven2\org\virtuslab\scala-cli\build-module_3\1.14.0\build-module_3-1.14.0.jar;C:\Users\rishi\AppData\Local\Coursier\cache\v1\https\repo1.maven.org\maven2\org\virtuslab\scala-cli\config_3\1.14.0\config_3-1.14.0.jar;C:\Users\rishi\AppData\Local\Coursier\cache\v1\https\repo1.maven.org\maven2\org\virtuslab\scala-cli\specification-level_3\1.14.0\specification-level_3-1.14.0.jar;C:\Users\rishi\AppData\Local\Coursier\cache\v1\https\repo1.maven.org\maven2\com\lihaoyi\sourcecode_3\0.4.3-M5\sourcecode_3-0.4.3-M5.jar;C:\Users\rishi\AppData\Local\Coursier\cache\v1\https\repo1.maven.org\maven2\com\github\alexarchambault\case-app-annotations_3\2.1.0\case-app-annotations_3-2.1.0.jar;C:\Users\rishi\AppData\Local\Coursier\cache\v1\https\repo1.maven.org\maven2\com\github\alexarchambault\case-app-util_3\2.1.0\case-app-util_3-2.1.0.jar;C:\Users\rishi\AppData\Local\Coursier\cache\v1\https\repo1.maven.org\maven2\io\github\alexarchambault\scala-cli\tmp\zip-input-stream\0.1.1\zip-input-stream-0.1.1.jar;C:\Users\rishi\AppData\Local\Coursier\cache\v1\https\repo1.maven.org\maven2\org\scala-lang\scala-library\2.13.18\scala-library-2.13.18.jar;C:\Users\rishi\AppData\Local\Coursier\cache\v1\https\repo1.maven.org\maven2\io\get-coursier\coursier-cache_2.13\2.1.25-M25\coursier-cache_2.13-2.1.25-M25.jar;C:\Users\rishi\AppData\Local\Coursier\cache\v1\https\repo1.maven.org\maven2\io\get-coursier\coursier-core_2.13\2.1.25-M25\coursier-core_2.13-2.1.25-M25.jar;C:\Users\rishi\AppData\Local\Coursier\cache\v1\https\repo1.maven.org\maven2\com\google\guava\guava\33.5.0-jre\guava-33.5.0-jre.jar;C:\Users\rishi\AppData\Local\Coursier\cache\v1\https\repo1.maven.org\maven2\net\java\dev\jna\jna\5.17.0\jna-5.17.0.jar;C:\Users\rishi\AppData\Local\Coursier\cache\v1\https\repo1.maven.org\maven2\net\java\dev\jna\jna-platform\5.12.1\jna-platform-5.12.1.jar;C:\Users\rishi\AppData\Local\Coursier\cache\v1\https\repo1.maven.org\maven2\org\scalameta\metaconfig-core_3\0.18.2\metaconfig-core_3-0.18.2.jar;C:\Users\rishi\AppData\Local\Coursier\cache\v1\https\repo1.maven.org\maven2\com\typesafe\config\1.4.5\config-1.4.5.jar;C:\Users\rishi\AppData\Local\Coursier\cache\v1\https\repo1.maven.org\maven2\org\scala-lang\modules\scala-collection-compat_3\2.14.0\scala-collection-compat_3-2.14.0.jar;C:\Users\rishi\AppData\Local\Coursier\cache\v1\https\repo1.maven.org\maven2\commons-io\commons-io\2.21.0\commons-io-2.21.0.jar;C:\Users\rishi\AppData\Local\Coursier\cache\v1\https\repo1.maven.org\maven2\com\google\cloud\tools\jib-core\0.27.3\jib-core-0.27.3.jar;C:\Users\rishi\AppData\Local\Coursier\cache\v1\https\repo1.maven.org\maven2\com\lihaoyi\os-lib_3\0.11.8\os-lib_3-0.11.8.jar;C:\Users\rishi\AppData\Local\Coursier\cache\v1\https\repo1.maven.org\maven2\org\bouncycastle\bcpg-jdk18on\1.83\bcpg-jdk18on-1.83.jar;C:\Users\rishi\AppData\Local\Coursier\cache\v1\https\repo1.maven.org\maven2\org\bouncycastle\bcutil-jdk18on\1.83\bcutil-jdk18on-1.83.jar;C:\Users\rishi\AppData\Local\Coursier\cache\v1\https\repo1.maven.org\maven2\org\virtuslab\scala-cli-signing\shared_3\0.2.13\shared_3-0.2.13.jar;C:\Users\rishi\AppData\Local\Coursier\cache\v1\https\repo1.maven.org\maven2\org\slf4j\slf4j-api\2.0.17\slf4j-api-2.0.17.jar;C:\Users\rishi\AppData\Local\Coursier\cache\v1\https\repo1.maven.org\maven2\com\softwaremill\sttp\model\core_3\1.7.11\core_3-1.7.11.jar;C:\Users\rishi\AppData\Local\Coursier\cache\v1\https\repo1.maven.org\maven2\com\softwaremill\sttp\shared\core_3\1.3.22\core_3-1.3.22.jar;C:\Users\rishi\AppData\Local\Coursier\cache\v1\https\repo1.maven.org\maven2\com\softwaremill\sttp\shared\ws_3\1.3.22\ws_3-1.3.22.jar;C:\Users\rishi\AppData\Local\Coursier\cache\v1\https\repo1.maven.org\maven2\io\get-coursier\interface\1.0.28\interface-1.0.28.jar;C:\Users\rishi\AppData\Local\Coursier\cache\v1\https\repo1.maven.org\maven2\org\ow2\asm\asm\9.9.1\asm-9.9.1.jar;C:\Users\rishi\AppData\Local\Coursier\cache\v1\https\repo1.maven.org\maven2\org\virtuslab\scala-cli\java-class-name\java-class-name_3\0.1.9\java-class-name_3-0.1.9.jar;C:\Users\rishi\AppData\Local\Coursier\cache\v1\https\repo1.maven.org\maven2\org\scalameta\semanticdb-shared_2.13\4.15.2\semanticdb-shared_2.13-4.15.2.jar;C:\Users\rishi\AppData\Local\Coursier\cache\v1\https\repo1.maven.org\maven2\org\scala-native\test-runner_3\0.5.11\test-runner_3-0.5.11.jar;C:\Users\rishi\AppData\Local\Coursier\cache\v1\https\repo1.maven.org\maven2\com\lihaoyi\pprint_3\0.9.5\pprint_3-0.9.5.jar;C:\Users\rishi\AppData\Local\Coursier\cache\v1\https\repo1.maven.org\maven2\org\scala-js\scalajs-env-nodejs_3\1.5.0\scalajs-env-nodejs_3-1.5.0.jar;C:\Users\rishi\AppData\Local\Coursier\cache\v1\https\repo1.maven.org\maven2\org\scala-js\scalajs-sbt-test-adapter_2.13\1.21.0\scalajs-sbt-test-adapter_2.13-1.21.0.jar;C:\Users\rishi\AppData\Local\Coursier\cache\v1\https\repo1.maven.org\maven2\com\swoval\file-tree-views\2.1.12\file-tree-views-2.1.12.jar;C:\Users\rishi\AppData\Local\Coursier\cache\v1\https\repo1.maven.org\maven2\org\virtuslab\scala-cli\zip-input-stream\zip-input-stream\0.1.3\zip-input-stream-0.1.3.jar;C:\Users\rishi\AppData\Local\Coursier\cache\v1\https\repo1.maven.org\maven2\org\virtuslab\scala-cli\options_3\1.14.0\options_3-1.14.0.jar;C:\Users\rishi\AppData\Local\Coursier\cache\v1\https\repo1.maven.org\maven2\org\virtuslab\scala-cli\directives_3\1.14.0\directives_3-1.14.0.jar;C:\Users\rishi\AppData\Local\Coursier\cache\v1\https\repo1.maven.org\maven2\org\virtuslab\scala-cli\scala-cli-bsp\1.14.0\scala-cli-bsp-1.14.0.jar;C:\Users\rishi\AppData\Local\Coursier\cache\v1\https\repo1.maven.org\maven2\org\virtuslab\scala-cli\test-runner_3\1.14.0\test-runner_3-1.14.0.jar;C:\Users\rishi\AppData\Local\Coursier\cache\v1\https\repo1.maven.org\maven2\org\virtuslab\scala-cli\tasty-lib_3\1.14.0\tasty-lib_3-1.14.0.jar;C:\Users\rishi\AppData\Local\Coursier\cache\v1\https\repo1.maven.org\maven2\io\github\alexarchambault\windows-ansi\windows-ansi\0.0.6\windows-ansi-0.0.6.jar;C:\Users\rishi\AppData\Local\Coursier\cache\v1\https\repo1.maven.org\maven2\io\get-coursier\cache-util\2.1.25-M25\cache-util-2.1.25-M25.jar;C:\Users\rishi\AppData\Local\Coursier\cache\v1\https\repo1.maven.org\maven2\io\get-coursier\coursier-paths\2.1.25-M25\coursier-paths-2.1.25-M25.jar;C:\Users\rishi\AppData\Local\Coursier\cache\v1\https\repo1.maven.org\maven2\io\get-coursier\coursier-util_2.13\2.1.25-M25\coursier-util_2.13-2.1.25-M25.jar;C:\Users\rishi\AppData\Local\Coursier\cache\v1\https\repo1.maven.org\maven2\io\get-coursier\versions_2.13\0.5.3\versions_2.13-0.5.3.jar;C:\Users\rishi\AppData\Local\Coursier\cache\v1\https\repo1.maven.org\maven2\io\github\alexarchambault\concurrent-reference-hash-map\1.1.0\concurrent-reference-hash-map-1.1.0.jar;C:\Users\rishi\AppData\Local\Coursier\cache\v1\https\repo1.maven.org\maven2\org\scala-lang\modules\scala-xml_2.13\2.4.0\scala-xml_2.13-2.4.0.jar;C:\Users\rishi\AppData\Local\Coursier\cache\v1\https\repo1.maven.org\maven2\com\google\guava\failureaccess\1.0.3\failureaccess-1.0.3.jar;C:\Users\rishi\AppData\Local\Coursier\cache\v1\https\repo1.maven.org\maven2\com\google\guava\listenablefuture\9999.0-empty-to-avoid-conflict-with-guava\listenablefuture-9999.0-empty-to-avoid-conflict-with-guava.jar;C:\Users\rishi\AppData\Local\Coursier\cache\v1\https\repo1.maven.org\maven2\org\jspecify\jspecify\1.0.0\jspecify-1.0.0.jar;C:\Users\rishi\AppData\Local\Coursier\cache\v1\https\repo1.maven.org\maven2\com\google\errorprone\error_prone_annotations\2.41.0\error_prone_annotations-2.41.0.jar;C:\Users\rishi\AppData\Local\Coursier\cache\v1\https\repo1.maven.org\maven2\com\google\j2objc\j2objc-annotations\3.1\j2objc-annotations-3.1.jar;C:\Users\rishi\AppData\Local\Coursier\cache\v1\https\repo1.maven.org\maven2\org\scalameta\metaconfig-pprint_3\0.18.2\metaconfig-pprint_3-0.18.2.jar;C:\Users\rishi\AppData\Local\Coursier\cache\v1\https\repo1.maven.org\maven2\org\typelevel\paiges-core_3\0.4.4\paiges-core_3-0.4.4.jar;C:\Users\rishi\AppData\Local\Coursier\cache\v1\https\repo1.maven.org\maven2\org\scala-lang\scala-reflect\2.13.18\scala-reflect-2.13.18.jar;C:\Users\rishi\AppData\Local\Coursier\cache\v1\https\repo1.maven.org\maven2\com\google\cloud\tools\jib-build-plan\0.4.0\jib-build-plan-0.4.0.jar;C:\Users\rishi\AppData\Local\Coursier\cache\v1\https\repo1.maven.org\maven2\com\google\http-client\google-http-client\1.42.2\google-http-client-1.42.2.jar;C:\Users\rishi\AppData\Local\Coursier\cache\v1\https\repo1.maven.org\maven2\com\google\http-client\google-http-client-apache-v2\1.42.2\google-http-client-apache-v2-1.42.2.jar;C:\Users\rishi\AppData\Local\Coursier\cache\v1\https\repo1.maven.org\maven2\com\google\auth\google-auth-library-oauth2-http\1.10.0\google-auth-library-oauth2-http-1.10.0.jar;C:\Users\rishi\AppData\Local\Coursier\cache\v1\https\repo1.maven.org\maven2\org\apache\commons\commons-compress\1.28.0\commons-compress-1.28.0.jar;C:\Users\rishi\AppData\Local\Coursier\cache\v1\https\repo1.maven.org\maven2\com\fasterxml\jackson\core\jackson-databind\2.15.2\jackson-databind-2.15.2.jar;C:\Users\rishi\AppData\Local\Coursier\cache\v1\https\repo1.maven.org\maven2\com\fasterxml\jackson\datatype\jackson-datatype-jsr310\2.15.2\jackson-datatype-jsr310-2.15.2.jar;C:\Users\rishi\AppData\Local\Coursier\cache\v1\https\repo1.maven.org\maven2\com\lihaoyi\geny_3\1.1.1\geny_3-1.1.1.jar;C:\Users\rishi\AppData\Local\Coursier\cache\v1\https\repo1.maven.org\maven2\com\lihaoyi\os-zip\0.11.8\os-zip-0.11.8.jar;C:\Users\rishi\AppData\Local\Coursier\cache\v1\https\repo1.maven.org\maven2\org\bouncycastle\bcprov-jdk18on\1.83\bcprov-jdk18on-1.83.jar;C:\Users\rishi\AppData\Local\Coursier\cache\v1\https\repo1.maven.org\maven2\org\jline\jline-terminal-jni\3.25.0\jline-terminal-jni-3.25.0.jar;C:\Users\rishi\AppData\Local\Coursier\cache\v1\https\repo1.maven.org\maven2\org\jline\jline-native\3.25.0\jline-native-3.25.0.jar;C:\Users\rishi\AppData\Local\Coursier\cache\v1\https\repo1.maven.org\maven2\org\scala-lang\scala3-compiler_3\3.3.7\scala3-compiler_3-3.3.7.jar;C:\Users\rishi\AppData\Local\Coursier\cache\v1\https\repo1.maven.org\maven2\org\scalameta\scalameta_2.13\4.15.2\scalameta_2.13-4.15.2.jar;C:\Users\rishi\AppData\Local\Coursier\cache\v1\https\repo1.maven.org\maven2\org\scala-lang\scalap\2.13.15\scalap-2.13.15.jar;C:\Users\rishi\AppData\Local\Coursier\cache\v1\https\repo1.maven.org\maven2\com\thesamet\scalapb\scalapb-runtime_2.13\0.11.17\scalapb-runtime_2.13-0.11.17.jar;C:\Users\rishi\AppData\Local\Coursier\cache\v1\https\repo1.maven.org\maven2\org\scala-native\tools_3\0.5.11\tools_3-0.5.11.jar;C:\Users\rishi\AppData\Local\Coursier\cache\v1\https\repo1.maven.org\maven2\org\scala-sbt\test-interface\1.0\test-interface-1.0.jar;C:\Users\rishi\AppData\Local\Coursier\cache\v1\https\repo1.maven.org\maven2\com\lihaoyi\fansi_3\0.5.1\fansi_3-0.5.1.jar;C:\Users\rishi\AppData\Local\Coursier\cache\v1\https\repo1.maven.org\maven2\org\scala-js\scalajs-js-envs_3\1.5.0\scalajs-js-envs_3-1.5.0.jar;C:\Users\rishi\AppData\Local\Coursier\cache\v1\https\repo1.maven.org\maven2\ch\epfl\scala\bloop-config_2.13\2.3.3\bloop-config_2.13-2.3.3.jar;C:\Users\rishi\AppData\Local\Coursier\cache\v1\https\repo1.maven.org\maven2\org\virtuslab\scala-cli\core_3\1.14.0\core_3-1.14.0.jar;C:\Users\rishi\AppData\Local\Coursier\cache\v1\https\repo1.maven.org\maven2\org\virtuslab\scala-cli\build-macros_3\1.14.0\build-macros_3-1.14.0.jar;C:\Users\rishi\AppData\Local\Coursier\cache\v1\https\repo1.maven.org\maven2\org\virtuslab\scala-cli\directives-parser_3\1.14.0\directives-parser_3-1.14.0.jar;C:\Users\rishi\AppData\Local\Coursier\cache\v1\https\repo1.maven.org\maven2\ch\epfl\scala\bsp4j\2.1.1\bsp4j-2.1.1.jar;C:\Users\rishi\AppData\Local\Coursier\cache\v1\https\repo1.maven.org\maven2\org\fusesource\jansi\jansi\2.4.1\jansi-2.4.1.jar;C:\Users\rishi\AppData\Local\Coursier\cache\v1\https\repo1.maven.org\maven2\io\github\alexarchambault\is-terminal\0.1.2\is-terminal-0.1.2.jar;C:\Users\rishi\AppData\Local\Coursier\cache\v1\https\repo1.maven.org\maven2\org\apache\httpcomponents\httpclient\4.5.13\httpclient-4.5.13.jar;C:\Users\rishi\AppData\Local\Coursier\cache\v1\https\repo1.maven.org\maven2\org\apache\httpcomponents\httpcore\4.4.15\httpcore-4.4.15.jar;C:\Users\rishi\AppData\Local\Coursier\cache\v1\https\repo1.maven.org\maven2\com\google\code\findbugs\jsr305\3.0.2\jsr305-3.0.2.jar;C:\Users\rishi\AppData\Local\Coursier\cache\v1\https\repo1.maven.org\maven2\io\opencensus\opencensus-api\0.31.1\opencensus-api-0.31.1.jar;C:\Users\rishi\AppData\Local\Coursier\cache\v1\https\repo1.maven.org\maven2\io\opencensus\opencensus-contrib-http-util\0.31.1\opencensus-contrib-http-util-0.31.1.jar;C:\Users\rishi\AppData\Local\Coursier\cache\v1\https\repo1.maven.org\maven2\com\google\auto\value\auto-value-annotations\1.9\auto-value-annotations-1.9.jar;C:\Users\rishi\AppData\Local\Coursier\cache\v1\https\repo1.maven.org\maven2\com\google\auth\google-auth-library-credentials\1.10.0\google-auth-library-credentials-1.10.0.jar;C:\Users\rishi\AppData\Local\Coursier\cache\v1\https\repo1.maven.org\maven2\com\google\http-client\google-http-client-gson\1.42.2\google-http-client-gson-1.42.2.jar;C:\Users\rishi\AppData\Local\Coursier\cache\v1\https\repo1.maven.org\maven2\commons-codec\commons-codec\1.20.0\commons-codec-1.20.0.jar;C:\Users\rishi\AppData\Local\Coursier\cache\v1\https\repo1.maven.org\maven2\org\apache\commons\commons-lang3\3.18.0\commons-lang3-3.18.0.jar;C:\Users\rishi\AppData\Local\Coursier\cache\v1\https\repo1.maven.org\maven2\com\fasterxml\jackson\core\jackson-annotations\2.15.2\jackson-annotations-2.15.2.jar;C:\Users\rishi\AppData\Local\Coursier\cache\v1\https\repo1.maven.org\maven2\com\fasterxml\jackson\core\jackson-core\2.15.2\jackson-core-2.15.2.jar;C:\Users\rishi\AppData\Local\Coursier\cache\v1\https\repo1.maven.org\maven2\org\scala-lang\scala3-interfaces\3.3.7\scala3-interfaces-3.3.7.jar;C:\Users\rishi\AppData\Local\Coursier\cache\v1\https\repo1.maven.org\maven2\org\scala-lang\tasty-core_3\3.3.7\tasty-core_3-3.3.7.jar;C:\Users\rishi\AppData\Local\Coursier\cache\v1\https\repo1.maven.org\maven2\org\scala-lang\modules\scala-asm\9.8.0-scala-1\scala-asm-9.8.0-scala-1.jar;C:\Users\rishi\AppData\Local\Coursier\cache\v1\https\repo1.maven.org\maven2\org\scala-sbt\compiler-interface\1.10.7\compiler-interface-1.10.7.jar;C:\Users\rishi\AppData\Local\Coursier\cache\v1\https\repo1.maven.org\maven2\org\scalameta\parsers_2.13\4.15.2\parsers_2.13-4.15.2.jar;C:\Users\rishi\AppData\Local\Coursier\cache\v1\https\repo1.maven.org\maven2\org\scala-lang\scala-compiler\2.13.15\scala-compiler-2.13.15.jar;C:\Users\rishi\AppData\Local\Coursier\cache\v1\https\repo1.maven.org\maven2\com\thesamet\scalapb\lenses_2.13\0.11.17\lenses_2.13-0.11.17.jar;C:\Users\rishi\AppData\Local\Coursier\cache\v1\https\repo1.maven.org\maven2\com\google\protobuf\protobuf-java\3.19.6\protobuf-java-3.19.6.jar;C:\Users\rishi\AppData\Local\Coursier\cache\v1\https\repo1.maven.org\maven2\org\scala-native\nir_3\0.5.11\nir_3-0.5.11.jar;C:\Users\rishi\AppData\Local\Coursier\cache\v1\https\repo1.maven.org\maven2\org\scala-native\util_3\0.5.11\util_3-0.5.11.jar;C:\Users\rishi\AppData\Local\Coursier\cache\v1\https\repo1.maven.org\maven2\org\scala-js\scalajs-logging_3\1.2.0\scalajs-logging_3-1.2.0.jar;C:\Users\rishi\AppData\Local\Coursier\cache\v1\https\repo1.maven.org\maven2\com\lihaoyi\unroll-annotation_2.13\0.1.12\unroll-annotation_2.13-0.1.12.jar;C:\Users\rishi\AppData\Local\Coursier\cache\v1\https\repo1.maven.org\maven2\ch\epfl\scala\bloop-rifle_2.13\2.0.19\bloop-rifle_2.13-2.0.19.jar;C:\Users\rishi\AppData\Local\Coursier\cache\v1\https\repo1.maven.org\maven2\io\get-coursier\coursier-jvm_2.13\2.1.25-M25\coursier-jvm_2.13-2.1.25-M25.jar;C:\Users\rishi\AppData\Local\Coursier\cache\v1\https\repo1.maven.org\maven2\io\get-coursier\dependency_3\0.3.2\dependency_3-0.3.2.jar;C:\Users\rishi\AppData\Local\Coursier\cache\v1\https\repo1.maven.org\maven2\org\eclipse\jgit\org.eclipse.jgit\7.5.0.202512021534-r\org.eclipse.jgit-7.5.0.202512021534-r.jar;C:\Users\rishi\AppData\Local\Coursier\cache\v1\https\repo1.maven.org\maven2\org\scala-js\scalajs-env-jsdom-nodejs_2.13\1.1.1\scalajs-env-jsdom-nodejs_2.13-1.1.1.jar;C:\Users\rishi\AppData\Local\Coursier\cache\v1\https\repo1.maven.org\maven2\org\eclipse\lsp4j\org.eclipse.lsp4j.generator\0.20.1\org.eclipse.lsp4j.generator-0.20.1.jar;C:\Users\rishi\AppData\Local\Coursier\cache\v1\https\repo1.maven.org\maven2\org\eclipse\lsp4j\org.eclipse.lsp4j.jsonrpc\0.20.1\org.eclipse.lsp4j.jsonrpc-0.20.1.jar;C:\Users\rishi\AppData\Local\Coursier\cache\v1\https\repo1.maven.org\maven2\commons-logging\commons-logging\1.2\commons-logging-1.2.jar;C:\Users\rishi\AppData\Local\Coursier\cache\v1\https\repo1.maven.org\maven2\io\grpc\grpc-context\1.27.2\grpc-context-1.27.2.jar;C:\Users\rishi\AppData\Local\Coursier\cache\v1\https\repo1.maven.org\maven2\com\google\code\gson\gson\2.10.1\gson-2.10.1.jar;C:\Users\rishi\AppData\Local\Coursier\cache\v1\https\repo1.maven.org\maven2\org\scala-sbt\util-interface\1.10.7\util-interface-1.10.7.jar;C:\Users\rishi\AppData\Local\Coursier\cache\v1\https\repo1.maven.org\maven2\org\scalameta\trees_2.13\4.15.2\trees_2.13-4.15.2.jar;C:\Users\rishi\AppData\Local\Coursier\cache\v1\https\repo1.maven.org\maven2\io\github\java-diff-utils\java-diff-utils\4.12\java-diff-utils-4.12.jar;C:\Users\rishi\AppData\Local\Coursier\cache\v1\https\repo1.maven.org\maven2\ch\epfl\scala\libdaemon_2.13\0.0.12\libdaemon_2.13-0.0.12.jar;C:\Users\rishi\AppData\Local\Coursier\cache\v1\https\repo1.maven.org\maven2\io\github\alexarchambault\scala-cli\snailgun\snailgun-core_2.13\0.4.1-sc2\snailgun-core_2.13-0.4.1-sc2.jar;C:\Users\rishi\AppData\Local\Coursier\cache\v1\https\repo1.maven.org\maven2\io\get-coursier\coursier_2.13\2.1.25-M25\coursier_2.13-2.1.25-M25.jar;C:\Users\rishi\AppData\Local\Coursier\cache\v1\https\repo1.maven.org\maven2\io\get-coursier\coursier-archive-cache_2.13\2.1.25-M25\coursier-archive-cache_2.13-2.1.25-M25.jar;C:\Users\rishi\AppData\Local\Coursier\cache\v1\https\repo1.maven.org\maven2\io\get-coursier\coursier-env_2.13\2.1.25-M25\coursier-env_2.13-2.1.25-M25.jar;C:\Users\rishi\AppData\Local\Coursier\cache\v1\https\repo1.maven.org\maven2\io\get-coursier\coursier-exec\2.1.25-M25\coursier-exec-2.1.25-M25.jar;C:\Users\rishi\AppData\Local\Coursier\cache\v1\https\repo1.maven.org\maven2\com\googlecode\javaewah\JavaEWAH\1.2.3\JavaEWAH-1.2.3.jar;C:\Users\rishi\AppData\Local\Coursier\cache\v1\https\repo1.maven.org\maven2\org\eclipse\xtend\org.eclipse.xtend.lib\2.28.0\org.eclipse.xtend.lib-2.28.0.jar;C:\Users\rishi\AppData\Local\Coursier\cache\v1\https\repo1.maven.org\maven2\org\scalameta\common_2.13\4.15.2\common_2.13-4.15.2.jar;C:\Users\rishi\AppData\Local\Coursier\cache\v1\https\repo1.maven.org\maven2\org\scalameta\io_2.13\4.15.2\io_2.13-4.15.2.jar;C:\Users\rishi\AppData\Local\Coursier\cache\v1\https\repo1.maven.org\maven2\org\codehaus\plexus\plexus-archiver\4.11.0\plexus-archiver-4.11.0.jar;C:\Users\rishi\AppData\Local\Coursier\cache\v1\https\repo1.maven.org\maven2\org\codehaus\plexus\plexus-container-default\2.1.1\plexus-container-default-2.1.1.jar;C:\Users\rishi\AppData\Local\Coursier\cache\v1\https\repo1.maven.org\maven2\org\codehaus\plexus\plexus-utils\4.0.3\plexus-utils-4.0.3.jar;C:\Users\rishi\AppData\Local\Coursier\cache\v1\https\repo1.maven.org\maven2\org\apache\tika\tika-core\3.2.3\tika-core-3.2.3.jar;C:\Users\rishi\AppData\Local\Coursier\cache\v1\https\repo1.maven.org\maven2\com\github\luben\zstd-jni\1.5.7-6\zstd-jni-1.5.7-6.jar;C:\Users\rishi\AppData\Local\Coursier\cache\v1\https\repo1.maven.org\maven2\org\eclipse\xtext\org.eclipse.xtext.xbase.lib\2.28.0\org.eclipse.xtext.xbase.lib-2.28.0.jar;C:\Users\rishi\AppData\Local\Coursier\cache\v1\https\repo1.maven.org\maven2\org\eclipse\xtend\org.eclipse.xtend.lib.macro\2.28.0\org.eclipse.xtend.lib.macro-2.28.0.jar;C:\Users\rishi\AppData\Local\Coursier\cache\v1\https\repo1.maven.org\maven2\javax\inject\javax.inject\1\javax.inject-1.jar;C:\Users\rishi\AppData\Local\Coursier\cache\v1\https\repo1.maven.org\maven2\org\codehaus\plexus\plexus-io\3.6.0\plexus-io-3.6.0.jar;C:\Users\rishi\AppData\Local\Coursier\cache\v1\https\repo1.maven.org\maven2\org\tukaani\xz\1.11\xz-1.11.jar;C:\Users\rishi\AppData\Local\Coursier\cache\v1\https\repo1.maven.org\maven2\org\codehaus\plexus\plexus-classworlds\2.6.0\plexus-classworlds-2.6.0.jar;C:\Users\rishi\AppData\Local\Coursier\cache\v1\https\repo1.maven.org\maven2\org\apache\xbean\xbean-reflect\3.7\xbean-reflect-3.7.jar, scala.cli.ScalaCli, bsp, --workspace, C:\Users\rishi\AppData\Local\Temp\metals-scala-cli17111837842632148257, --semantic-db-source-root, C:\Users\rishi\OneDrive\Desktop\Quantum, C:\Users\rishi\OneDrive\Desktop\Quantum\ADD_MATRIX_2D.scala)
2026.08.11 00:06:03 INFO  Tracing is disabled for protocol BSP. To enable tracing of incoming and outgoing JSON messages, create an empty file at C:\Users\rishi\OneDrive\Desktop\Quantum\.metals\bsp.trace.json or C:\Users\rishi\AppData\Local\scalameta\metals\cache\bsp.trace.json
2026.08.11 00:06:04 INFO  Scala CLI: WARNING: A terminally deprecated method in sun.misc.Unsafe has been called
2026.08.11 00:06:04 INFO  Scala CLI: WARNING: sun.misc.Unsafe::objectFieldOffset has been called by scala.runtime.LazyVals$ (file:/C:/Users/rishi/AppData/Local/Coursier/cache/v1/https/repo1.maven.org/maven2/org/scala-lang/scala3-library_3/3.3.7/scala3-library_3-3.3.7.jar)
2026.08.11 00:06:04 INFO  Scala CLI: WARNING: Please consider reporting this to the maintainers of class scala.runtime.LazyVals$
2026.08.11 00:06:04 INFO  Scala CLI: WARNING: sun.misc.Unsafe::objectFieldOffset will be removed in a future release
2026.08.11 00:06:04 INFO  Scala CLI: WARNING: A restricted method in java.lang.System has been called
2026.08.11 00:06:04 INFO  Scala CLI: WARNING: java.lang.System::load has been called by coursier.jniutils.LoadWindowsLibrary in an unnamed module (file:/C:/Users/rishi/AppData/Local/Coursier/cache/v1/https/repo1.maven.org/maven2/io/get-coursier/jniutils/windows-jni-utils/0.3.3/windows-jni-utils-0.3.3.jar)
2026.08.11 00:06:04 INFO  Scala CLI: WARNING: Use --enable-native-access=ALL-UNNAMED to avoid a warning for callers in this module
2026.08.11 00:06:04 INFO  Scala CLI: WARNING: Restricted methods will be blocked in a future release unless native access is enabled
2026.08.11 00:06:04 INFO  Scala CLI: 
2026.08.11 00:06:08 INFO  Scala CLI: Starting compilation server
2026.08.11 00:06:11 INFO  Connected to Scala CLI server v1.14.0
2026.08.11 00:06:12 INFO  compiling metals-scala-cli17111837842632148257_e6eaade075-1e2f384006 (1 scala source)
2026.08.11 00:06:13 WARN  Using H2 2.4.240 which is newer than the version Flyway has been verified with. The latest verified version of H2 is 2.3.232.
2026.08.11 00:06:14 INFO  time: compiled metals-scala-cli17111837842632148257_e6eaade075-1e2f384006 in 2.34s
2026.08.11 00:06:15 INFO  time: indexed workspace in 3.69s
2026.08.11 00:06:15 INFO  Scala CLI started for C:\Users\rishi\OneDrive\Desktop\Quantum\ADD_MATRIX_2D.scala
2026.08.11 00:06:33 INFO  Report absolute-path: ### java.nio.file.FileSystemNotFoundException: Provider "untitled" not installed

Uri: untitled:Untitled-2


#### Error stacktrace:

```
java.base/java.nio.file.Path.of(Path.java:210)
	java.base/java.nio.file.Paths.get(Paths.java:95)
	scala.meta.internal.mtags.MtagsEnrichments$XtensionURIMtags.toAbsolutePath(MtagsEnrichments.scala:149)
	scala.meta.internal.mtags.MtagsEnrichments$XtensionStringMtags.toAbsolutePath(MtagsEnrichments.scala:221)
	scala.meta.internal.metals.MetalsEnrichments$XtensionString.toAbsolutePath(MetalsEnrichments.scala:787)
	scala.meta.internal.metals.MetalsEnrichments$XtensionString.toAbsolutePath(MetalsEnrichments.scala:784)
	scala.meta.internal.metals.MetalsEnrichments$XtensionString.toAbsolutePathSafe(MetalsEnrichments.scala:768)
	scala.meta.internal.metals.WorkspaceLspService.getServiceForOpt(WorkspaceLspService.scala:358)
	scala.meta.internal.metals.WorkspaceLspService.getServiceFor(WorkspaceLspService.scala:367)
	scala.meta.internal.metals.WorkspaceLspService.executeCommand(WorkspaceLspService.scala:1156)
	scala.meta.metals.lsp.DelegatingScalaService.executeCommand(DelegatingScalaService.scala:184)
	java.base/jdk.internal.reflect.DirectMethodHandleAccessor.invoke(DirectMethodHandleAccessor.java:104)
	java.base/java.lang.reflect.Method.invoke(Method.java:565)
	org.eclipse.lsp4j.jsonrpc.services.GenericEndpoint.lambda$recursiveFindRpcMethods$0(GenericEndpoint.java:65)
	org.eclipse.lsp4j.jsonrpc.services.GenericEndpoint.request(GenericEndpoint.java:128)
	org.eclipse.lsp4j.jsonrpc.RemoteEndpoint.handleRequest(RemoteEndpoint.java:265)
	org.eclipse.lsp4j.jsonrpc.RemoteEndpoint.consume(RemoteEndpoint.java:195)
	org.eclipse.lsp4j.jsonrpc.json.StreamMessageProducer.handleMessage(StreamMessageProducer.java:189)
	org.eclipse.lsp4j.jsonrpc.json.StreamMessageProducer.listen(StreamMessageProducer.java:97)
	org.eclipse.lsp4j.jsonrpc.json.ConcurrentMessageProcessor.run(ConcurrentMessageProcessor.java:97)
	java.base/java.util.concurrent.Executors$RunnableAdapter.call(Executors.java:545)
	java.base/java.util.concurrent.FutureTask.run(FutureTask.java:330)
	java.base/java.util.concurrent.ThreadPoolExecutor.runWorker(ThreadPoolExecutor.java:1090)
	java.base/java.util.concurrent.ThreadPoolExecutor$Worker.run(ThreadPoolExecutor.java:614)
	java.base/java.lang.Thread.run(Thread.java:1516)
```

Aug 11, 2026 12:06:33 AM org.eclipse.lsp4j.jsonrpc.RemoteEndpoint fallbackResponseError
SEVERE: Internal error: Provider "untitled" not installed
java.nio.file.FileSystemNotFoundException: Provider "untitled" not installed
	at java.base/java.nio.file.Path.of(Path.java:210)
	at java.base/java.nio.file.Paths.get(Paths.java:95)
	at scala.meta.internal.mtags.MtagsEnrichments$XtensionURIMtags.toAbsolutePath(MtagsEnrichments.scala:149)
	at scala.meta.internal.mtags.MtagsEnrichments$XtensionStringMtags.toAbsolutePath(MtagsEnrichments.scala:221)
	at scala.meta.internal.metals.MetalsEnrichments$XtensionString.toAbsolutePath(MetalsEnrichments.scala:787)
	at scala.meta.internal.metals.MetalsEnrichments$XtensionString.toAbsolutePath(MetalsEnrichments.scala:784)
	at scala.meta.internal.metals.MetalsLspService.$anonfun$afterCompilationFinished$1(MetalsLspService.scala:1577)
	at scala.Option.map(Option.scala:242)
	at scala.meta.internal.metals.MetalsLspService.afterCompilationFinished(MetalsLspService.scala:1577)
	at scala.meta.internal.metals.MetalsLspService.debugDiscovery(MetalsLspService.scala:1603)
	at scala.meta.internal.metals.WorkspaceLspService.executeCommand(WorkspaceLspService.scala:1157)
	at scala.meta.metals.lsp.DelegatingScalaService.executeCommand(DelegatingScalaService.scala:184)
	at java.base/jdk.internal.reflect.DirectMethodHandleAccessor.invoke(DirectMethodHandleAccessor.java:104)
	at java.base/java.lang.reflect.Method.invoke(Method.java:565)
	at org.eclipse.lsp4j.jsonrpc.services.GenericEndpoint.lambda$recursiveFindRpcMethods$0(GenericEndpoint.java:65)
	at org.eclipse.lsp4j.jsonrpc.services.GenericEndpoint.request(GenericEndpoint.java:128)
	at org.eclipse.lsp4j.jsonrpc.RemoteEndpoint.handleRequest(RemoteEndpoint.java:265)
	at org.eclipse.lsp4j.jsonrpc.RemoteEndpoint.consume(RemoteEndpoint.java:195)
	at org.eclipse.lsp4j.jsonrpc.json.StreamMessageProducer.handleMessage(StreamMessageProducer.java:189)
	at org.eclipse.lsp4j.jsonrpc.json.StreamMessageProducer.listen(StreamMessageProducer.java:97)
	at org.eclipse.lsp4j.jsonrpc.json.ConcurrentMessageProcessor.run(ConcurrentMessageProcessor.java:97)
	at java.base/java.util.concurrent.Executors$RunnableAdapter.call(Executors.java:545)
	at java.base/java.util.concurrent.FutureTask.run(FutureTask.java:330)
	at java.base/java.util.concurrent.ThreadPoolExecutor.runWorker(ThreadPoolExecutor.java:1090)
	at java.base/java.util.concurrent.ThreadPoolExecutor$Worker.run(ThreadPoolExecutor.java:614)
	at java.base/java.lang.Thread.run(Thread.java:1516)

2026.08.11 00:06:44 INFO  no build target found for C:\Users\rishi\BIG DATA\SCALA\build.sbt. Using presentation compiler with project's scala-library version: 3.3.8
2026.08.11 00:06:44 INFO  no build target found for C:\Users\rishi\BIG DATA\SCALA\build.sbt. Using presentation compiler with project's scala-library version: 3.3.8
2026.08.11 00:06:44 WARN  Could not find semantic tokens for: file:///C:/Users/rishi/BIG%20DATA/SCALA/build.sbt
Aug 11, 2026 12:06:45 AM org.eclipse.lsp4j.jsonrpc.RemoteEndpoint handleNotification
WARNING: Notification threw an exception: {
  "jsonrpc": "2.0",
  "method": "metals/didFocusTextDocument",
  "params": [
    "untitled:Untitled-2"
  ]
}
java.nio.file.FileSystemNotFoundException: Provider "untitled" not installed
	at java.base/java.nio.file.Path.of(Path.java:210)
	at java.base/java.nio.file.Paths.get(Paths.java:95)
	at scala.meta.internal.mtags.MtagsEnrichments$XtensionURIMtags.toAbsolutePath(MtagsEnrichments.scala:149)
	at scala.meta.internal.mtags.MtagsEnrichments$XtensionStringMtags.toAbsolutePath(MtagsEnrichments.scala:221)
	at scala.meta.internal.metals.MetalsEnrichments$XtensionString.toAbsolutePath(MetalsEnrichments.scala:787)
	at scala.meta.internal.metals.MetalsEnrichments$XtensionString.toAbsolutePath(MetalsEnrichments.scala:784)
	at scala.meta.internal.metals.WorkspaceLspService.didFocus(WorkspaceLspService.scala:808)
	at scala.meta.metals.lsp.DelegatingScalaService.didFocus(DelegatingScalaService.scala:42)
	at java.base/jdk.internal.reflect.DirectMethodHandleAccessor.invoke(DirectMethodHandleAccessor.java:104)
	at java.base/java.lang.reflect.Method.invoke(Method.java:565)
	at org.eclipse.lsp4j.jsonrpc.services.GenericEndpoint.lambda$recursiveFindRpcMethods$0(GenericEndpoint.java:65)
	at org.eclipse.lsp4j.jsonrpc.services.GenericEndpoint.notify(GenericEndpoint.java:160)
	at org.eclipse.lsp4j.jsonrpc.RemoteEndpoint.handleNotification(RemoteEndpoint.java:225)
	at org.eclipse.lsp4j.jsonrpc.RemoteEndpoint.consume(RemoteEndpoint.java:192)
	at org.eclipse.lsp4j.jsonrpc.json.StreamMessageProducer.handleMessage(StreamMessageProducer.java:189)
	at org.eclipse.lsp4j.jsonrpc.json.StreamMessageProducer.listen(StreamMessageProducer.java:97)
	at org.eclipse.lsp4j.jsonrpc.json.ConcurrentMessageProcessor.run(ConcurrentMessageProcessor.java:97)
	at java.base/java.util.concurrent.Executors$RunnableAdapter.call(Executors.java:545)
	at java.base/java.util.concurrent.FutureTask.run(FutureTask.java:330)
	at java.base/java.util.concurrent.ThreadPoolExecutor.runWorker(ThreadPoolExecutor.java:1090)
	at java.base/java.util.concurrent.ThreadPoolExecutor$Worker.run(ThreadPoolExecutor.java:614)
	at java.base/java.lang.Thread.run(Thread.java:1516)

2026.08.11 00:06:47 INFO  compiling metals-scala-cli17111837842632148257_e6eaade075-1e2f384006 (1 scala source)
2026.08.11 00:06:50 WARN  there was 1 deprecation warning; re-run with -deprecation for details
2026.08.11 00:06:50 INFO  time: compiled metals-scala-cli17111837842632148257_e6eaade075-1e2f384006 in 3.13s
2026.08.11 00:06:51 INFO  Tracing is disabled for protocol dap-server. To enable tracing of incoming and outgoing JSON messages, create an empty file at C:\Users\rishi\AppData\Local\Temp\fallback-service4494945030332920264\.metals\dap-server.trace.json or C:\Users\rishi\AppData\Local\scalameta\metals\cache\dap-server.trace.json
2026.08.11 00:06:51 INFO  Tracing is disabled for protocol dap-client. To enable tracing of incoming and outgoing JSON messages, create an empty file at C:\Users\rishi\AppData\Local\Temp\fallback-service4494945030332920264\.metals\dap-client.trace.json or C:\Users\rishi\AppData\Local\scalameta\metals\cache\dap-client.trace.json
2026.08.11 00:06:51 INFO  Starting debug proxy for [MatrixAddition]
2026.08.11 00:06:57 WARN  Cannot fetch expression compiler of Scala 3.8.3:  Error downloading ch.epfl.scala:scala-expression-compiler_3.8.3:4.2.8
  not found: C:\Users\rishi\.ivy2\local\ch.epfl.scala\scala-expression-compiler_3.8.3\4.2.8\ivys\ivy.xml
  not found: https://repo1.maven.org/maven2/ch/epfl/scala/scala-expression-compiler_3.8.3/4.2.8/scala-expression-compiler_3.8.3-4.2.8.pom
2026.08.11 00:06:57 INFO  Loaded expression compiler in 5 seconds
2026.08.11 00:06:57 INFO  Loaded step filter in 277 milliseconds
2026.08.11 00:07:01 INFO  Loaded all sources and classes in 3 seconds
2026.08.11 00:07:02 INFO  Initialized Scala 3 decoder in 1 second
2026.08.11 00:07:02 INFO  Trying to attach to remote debuggee VM kubernetes.docker.internal:63580 .
2026.08.11 00:07:02 INFO  Attaching to debuggee VM succeeded.
2026.08.11 00:07:03 INFO  Canceling debug proxy for [MatrixAddition]
2026.08.11 00:07:02 INFO  Closing debug server tcp://0.0.0.0:63578
2026.08.11 00:07:51 INFO  no build target found for C:\Users\rishi\BIG DATA\SCALA\ADD_MATRIX_2D.scala. Using presentation compiler with project's scala-library version: 3.3.8
2026.08.11 00:07:59 INFO  no build target found for C:\Users\rishi\BIG DATA\SCALA\ADD_MATRIX_2D.scala. Using presentation compiler with project's scala-library version: 3.3.8
2026.08.11 00:07:59 WARN  no build target for: C:\Users\rishi\BIG DATA\SCALA\ADD_MATRIX_2D.scala
2026.08.11 00:07:59 INFO  Shut down connection with build server.
2026.08.11 00:07:59 INFO  no build target found for C:\Users\rishi\BIG DATA\SCALA\ADD_MATRIX_2D.scala. Using presentation compiler with project's scala-library version: 3.3.8
2026.08.11 00:07:59 WARN  no build target for: C:\Users\rishi\BIG DATA\SCALA\ADD_MATRIX_2D.scala
2026.08.11 00:07:59 INFO  no build target found for C:\Users\rishi\BIG DATA\SCALA\ADD_MATRIX_2D.scala. Using presentation compiler with project's scala-library version: 3.3.8
2026.08.11 00:08:07 INFO  no build target found for C:\Users\rishi\BIG DATA\SCALA\ADD_MATRIX_2D.scala. Using presentation compiler with project's scala-library version: 3.3.8
2026.08.11 00:08:08 INFO  no build target found for C:\Users\rishi\BIG DATA\SCALA\ADD_MATRIX_2D.scala. Using presentation compiler with project's scala-library version: 3.3.8
2026.08.11 00:08:07 INFO  no build target found for C:\Users\rishi\BIG DATA\SCALA\ADD_MATRIX_2D.scala. Using presentation compiler with project's scala-library version: 3.3.8
2026.08.11 00:08:07 INFO  no build target found for C:\Users\rishi\BIG DATA\SCALA\ADD_MATRIX_2D.scala. Using presentation compiler with project's scala-library version: 3.3.8
2026.08.11 00:08:07 INFO  no build target found for C:\Users\rishi\BIG DATA\SCALA\ADD_MATRIX_2D.scala. Using presentation compiler with project's scala-library version: 3.3.8
2026.08.11 00:08:08 INFO  no build target found for C:\Users\rishi\BIG DATA\SCALA\ADD_MATRIX_2D.scala. Using presentation compiler with project's scala-library version: 3.3.8
2026.08.11 00:08:10 INFO  no build target found for C:\Users\rishi\BIG DATA\SCALA\ADD_MATRIX_2D.scala. Using presentation compiler with project's scala-library version: 3.3.8
2026.08.11 00:08:10 INFO  no build target found for C:\Users\rishi\BIG DATA\SCALA\ADD_MATRIX_2D.scala. Using presentation compiler with project's scala-library version: 3.3.8
2026.08.11 00:08:10 INFO  no build target found for C:\Users\rishi\BIG DATA\SCALA\ADD_MATRIX_2D.scala. Using presentation compiler with project's scala-library version: 3.3.8
2026.08.11 00:08:10 INFO  no build target found for C:\Users\rishi\BIG DATA\SCALA\ADD_MATRIX_2D.scala. Using presentation compiler with project's scala-library version: 3.3.8
2026.08.11 00:08:10 INFO  no build target found for C:\Users\rishi\BIG DATA\SCALA\ADD_MATRIX_2D.scala. Using presentation compiler with project's scala-library version: 3.3.8
2026.08.11 00:08:11 INFO  no build target found for C:\Users\rishi\BIG DATA\SCALA\ADD_MATRIX_2D.scala. Using presentation compiler with project's scala-library version: 3.3.8
2026.08.11 00:08:11 INFO  no build target found for C:\Users\rishi\BIG DATA\SCALA\ADD_MATRIX_2D.scala. Using presentation compiler with project's scala-library version: 3.3.8
2026.08.11 00:08:11 INFO  no build target found for C:\Users\rishi\BIG DATA\SCALA\ADD_MATRIX_2D.scala. Using presentation compiler with project's scala-library version: 3.3.8
2026.08.11 00:08:11 INFO  no build target found for C:\Users\rishi\BIG DATA\SCALA\ADD_MATRIX_2D.scala. Using presentation compiler with project's scala-library version: 3.3.8
2026.08.11 00:08:11 INFO  no build target found for C:\Users\rishi\BIG DATA\SCALA\ADD_MATRIX_2D.scala. Using presentation compiler with project's scala-library version: 3.3.8
2026.08.11 00:08:11 INFO  no build target found for C:\Users\rishi\BIG DATA\SCALA\ADD_MATRIX_2D.scala. Using presentation compiler with project's scala-library version: 3.3.8
2026.08.11 00:08:12 INFO  no build target found for C:\Users\rishi\BIG DATA\SCALA\ADD_MATRIX_2D.scala. Using presentation compiler with project's scala-library version: 3.3.8
2026.08.11 00:08:11 INFO  no build target found for C:\Users\rishi\BIG DATA\SCALA\ADD_MATRIX_2D.scala. Using presentation compiler with project's scala-library version: 3.3.8
2026.08.11 00:08:11 INFO  no build target found for C:\Users\rishi\BIG DATA\SCALA\ADD_MATRIX_2D.scala. Using presentation compiler with project's scala-library version: 3.3.8
2026.08.11 00:08:12 INFO  no build target found for C:\Users\rishi\BIG DATA\SCALA\ADD_MATRIX_2D.scala. Using presentation compiler with project's scala-library version: 3.3.8
Aug 11, 2026 12:08:12 AM org.eclipse.lsp4j.jsonrpc.RemoteEndpoint handleCancellation
WARNING: Unmatched cancel notification for request id 94
2026.08.11 00:08:12 INFO  no build target found for C:\Users\rishi\BIG DATA\SCALA\ADD_MATRIX_2D.scala. Using presentation compiler with project's scala-library version: 3.3.8
2026.08.11 00:08:12 INFO  no build target found for C:\Users\rishi\BIG DATA\SCALA\ADD_MATRIX_2D.scala. Using presentation compiler with project's scala-library version: 3.3.8
2026.08.11 00:08:12 INFO  no build target found for C:\Users\rishi\BIG DATA\SCALA\ADD_MATRIX_2D.scala. Using presentation compiler with project's scala-library version: 3.3.8
2026.08.11 00:08:12 INFO  no build target found for C:\Users\rishi\BIG DATA\SCALA\ADD_MATRIX_2D.scala. Using presentation compiler with project's scala-library version: 3.3.8
2026.08.11 00:08:13 INFO  no build target found for C:\Users\rishi\BIG DATA\SCALA\ADD_MATRIX_2D.scala. Using presentation compiler with project's scala-library version: 3.3.8
2026.08.11 00:08:12 INFO  no build target found for C:\Users\rishi\BIG DATA\SCALA\ADD_MATRIX_2D.scala. Using presentation compiler with project's scala-library version: 3.3.8
2026.08.11 00:08:13 INFO  no build target found for C:\Users\rishi\BIG DATA\SCALA\ADD_MATRIX_2D.scala. Using presentation compiler with project's scala-library version: 3.3.8
2026.08.11 00:08:13 INFO  no build target found for C:\Users\rishi\BIG DATA\SCALA\ADD_MATRIX_2D.scala. Using presentation compiler with project's scala-library version: 3.3.8
2026.08.11 00:08:14 INFO  no build target found for C:\Users\rishi\BIG DATA\SCALA\ADD_MATRIX_2D.scala. Using presentation compiler with project's scala-library version: 3.3.8
2026.08.11 00:08:13 INFO  no build target found for C:\Users\rishi\BIG DATA\SCALA\ADD_MATRIX_2D.scala. Using presentation compiler with project's scala-library version: 3.3.8
2026.08.11 00:08:13 INFO  no build target found for C:\Users\rishi\BIG DATA\SCALA\ADD_MATRIX_2D.scala. Using presentation compiler with project's scala-library version: 3.3.8
Aug 11, 2026 12:08:14 AM org.eclipse.lsp4j.jsonrpc.RemoteEndpoint handleCancellation
WARNING: Unmatched cancel notification for request id 114
2026.08.11 00:08:13 INFO  no build target found for C:\Users\rishi\BIG DATA\SCALA\ADD_MATRIX_2D.scala. Using presentation compiler with project's scala-library version: 3.3.8
2026.08.11 00:08:14 INFO  no build target found for C:\Users\rishi\BIG DATA\SCALA\ADD_MATRIX_2D.scala. Using presentation compiler with project's scala-library version: 3.3.8
2026.08.11 00:08:13 INFO  no build target found for C:\Users\rishi\BIG DATA\SCALA\ADD_MATRIX_2D.scala. Using presentation compiler with project's scala-library version: 3.3.8
2026.08.11 00:08:14 INFO  no build target found for C:\Users\rishi\BIG DATA\SCALA\ADD_MATRIX_2D.scala. Using presentation compiler with project's scala-library version: 3.3.8
2026.08.11 00:08:15 INFO  no build target found for C:\Users\rishi\BIG DATA\SCALA\ADD_MATRIX_2D.scala. Using presentation compiler with project's scala-library version: 3.3.8
2026.08.11 00:08:14 INFO  no build target found for C:\Users\rishi\BIG DATA\SCALA\ADD_MATRIX_2D.scala. Using presentation compiler with project's scala-library version: 3.3.8
2026.08.11 00:08:14 INFO  no build target found for C:\Users\rishi\BIG DATA\SCALA\ADD_MATRIX_2D.scala. Using presentation compiler with project's scala-library version: 3.3.8
2026.08.11 00:08:14 INFO  no build target found for C:\Users\rishi\BIG DATA\SCALA\ADD_MATRIX_2D.scala. Using presentation compiler with project's scala-library version: 3.3.8
2026.08.11 00:08:15 INFO  no build target found for C:\Users\rishi\BIG DATA\SCALA\ADD_MATRIX_2D.scala. Using presentation compiler with project's scala-library version: 3.3.8
2026.08.11 00:08:14 INFO  no build target found for C:\Users\rishi\BIG DATA\SCALA\ADD_MATRIX_2D.scala. Using presentation compiler with project's scala-library version: 3.3.8
2026.08.11 00:08:28 INFO  no build target found for C:\Users\rishi\BIG DATA\SCALA\ADD_MATRIX_2D.scala. Using presentation compiler with project's scala-library version: 3.3.8
2026.08.11 00:11:47 INFO  no build target found for C:\Users\rishi\BIG DATA\SCALA\ADD_MATRIX_2D.scala. Using presentation compiler with project's scala-library version: 3.3.8
2026.08.11 00:11:50 INFO  no build target found for C:\Users\rishi\BIG DATA\SCALA\ADD_MATRIX_2D.scala. Using presentation compiler with project's scala-library version: 3.3.8
2026.08.11 00:11:50 INFO  no build target found for C:\Users\rishi\BIG DATA\SCALA\ADD_MATRIX_2D.scala. Using presentation compiler with project's scala-library version: 3.3.8
2026.08.11 00:11:51 INFO  no build target found for C:\Users\rishi\BIG DATA\SCALA\ADD_MATRIX_2D.scala. Using presentation compiler with project's scala-library version: 3.3.8
2026.08.11 00:11:51 INFO  no build target found for C:\Users\rishi\BIG DATA\SCALA\ADD_MATRIX_2D.scala. Using presentation compiler with project's scala-library version: 3.3.8
2026.08.11 00:11:51 INFO  no build target found for C:\Users\rishi\BIG DATA\SCALA\ADD_MATRIX_2D.scala. Using presentation compiler with project's scala-library version: 3.3.8
2026.08.11 00:12:07 INFO  no build target found for C:\Users\rishi\BIG DATA\SCALA\ADD_MATRIX_2D.scala. Using presentation compiler with project's scala-library version: 3.3.8
2026.08.11 00:12:10 INFO  no build target found for C:\Users\rishi\BIG DATA\SCALA\ADD_MATRIX_2D.scala. Using presentation compiler with project's scala-library version: 3.3.8
2026.08.11 00:12:11 WARN  no build target for: C:\Users\rishi\BIG DATA\SCALA\ADD_MATRIX_2D.scala
2026.08.11 00:12:11 INFO  no build target found for C:\Users\rishi\BIG DATA\SCALA\ADD_MATRIX_2D.scala. Using presentation compiler with project's scala-library version: 3.3.8
2026.08.11 00:12:11 INFO  no build target found for C:\Users\rishi\BIG DATA\SCALA\ADD_MATRIX_2D.scala. Using presentation compiler with project's scala-library version: 3.3.8
2026.08.11 00:12:17 INFO  no build target found for C:\Users\rishi\BIG DATA\SCALA\ADD_MATRIX_2D.scala. Using presentation compiler with project's scala-library version: 3.3.8
2026.08.11 00:12:19 INFO  no build target found for C:\Users\rishi\BIG DATA\SCALA\ADD_MATRIX_2D.scala. Using presentation compiler with project's scala-library version: 3.3.8
2026.08.11 00:12:56 INFO  no build target found for C:\Users\rishi\BIG DATA\SCALA\ADD_MATRIX_2D.scala. Using presentation compiler with project's scala-library version: 3.3.8
2026.08.11 00:13:03 INFO  no build target found for C:\Users\rishi\BIG DATA\SCALA\ADD_MATRIX_2D.scala. Using presentation compiler with project's scala-library version: 3.3.8
2026.08.11 00:13:24 WARN  no build target for: C:\Users\rishi\BIG DATA\SCALA\ADD_MATRIX_2D.scala
2026.08.11 00:13:24 INFO  no build target found for C:\Users\rishi\BIG DATA\SCALA\ADD_MATRIX_2D.scala. Using presentation compiler with project's scala-library version: 3.3.8
2026.08.11 00:13:29 INFO  no build target found for C:\Users\rishi\BIG DATA\SCALA\ADD_MATRIX_2D.scala. Using presentation compiler with project's scala-library version: 3.3.8
2026.08.11 00:13:29 INFO  no build target found for C:\Users\rishi\BIG DATA\SCALA\ADD_MATRIX_2D.scala. Using presentation compiler with project's scala-library version: 3.3.8
2026.08.11 00:15:37 INFO  no build target found for C:\Users\rishi\BIG DATA\SCALA\MULTIPLY_3D_matrix.scala. Using presentation compiler with project's scala-library version: 3.3.8
2026.08.11 00:15:40 INFO  no build target found for C:\Users\rishi\BIG DATA\SCALA\MULTIPLY_3D_matrix.scala. Using presentation compiler with project's scala-library version: 3.3.8
2026.08.11 00:15:40 WARN  no build target for: C:\Users\rishi\BIG DATA\SCALA\MULTIPLY_3D_matrix.scala
2026.08.11 00:15:40 INFO  no build target found for C:\Users\rishi\BIG DATA\SCALA\MULTIPLY_3D_matrix.scala. Using presentation compiler with project's scala-library version: 3.3.8
2026.08.11 00:15:40 INFO  no build target found for C:\Users\rishi\BIG DATA\SCALA\MULTIPLY_3D_matrix.scala. Using presentation compiler with project's scala-library version: 3.3.8
2026.08.11 00:15:42 INFO  no build target found for C:\Users\rishi\BIG DATA\SCALA\MULTIPLY_3D_matrix.scala. Using presentation compiler with project's scala-library version: 3.3.8
2026.08.11 00:15:45 INFO  no build target found for C:\Users\rishi\BIG DATA\SCALA\MULTIPLY_3D_matrix.scala. Using presentation compiler with project's scala-library version: 3.3.8
2026.08.11 00:15:45 INFO  no build target found for C:\Users\rishi\BIG DATA\SCALA\MULTIPLY_3D_matrix.scala. Using presentation compiler with project's scala-library version: 3.3.8
2026.08.11 00:15:45 ERROR scala.meta.internal.metals.debug.DiscoveryFailures$BuildTargetNotFoundForPathException: No build target could be found for the path: C:\Users\rishi\BIG DATA\SCALA\MULTIPLY_3D_matrix.scala
	at scala.meta.internal.metals.debug.DebugDiscovery.validate(DebugDiscovery.scala:88)
	at scala.meta.internal.metals.debug.DebugDiscovery.debugDiscovery(DebugDiscovery.scala:164)
	at scala.meta.internal.metals.debug.DebugDiscovery.runCommandDiscovery(DebugDiscovery.scala:66)
	at scala.meta.internal.metals.MetalsLspService.$anonfun$discoverMainClasses$1(MetalsLspService.scala:1641)
	at scala.meta.internal.metals.MetalsLspService.afterCompilationFinished(MetalsLspService.scala:1598)
	at scala.meta.internal.metals.MetalsLspService.discoverMainClasses(MetalsLspService.scala:1641)
	at scala.meta.internal.metals.WorkspaceLspService.executeCommand(WorkspaceLspService.scala:943)
	at scala.meta.metals.lsp.DelegatingScalaService.executeCommand(DelegatingScalaService.scala:184)
	at jdk.internal.reflect.DirectMethodHandleAccessor.invoke(DirectMethodHandleAccessor.java:104)
	at java.lang.reflect.Method.invoke(Method.java:565)
	at org.eclipse.lsp4j.jsonrpc.services.GenericEndpoint.lambda$recursiveFindRpcMethods$0(GenericEndpoint.java:65)
	at org.eclipse.lsp4j.jsonrpc.services.GenericEndpoint.request(GenericEndpoint.java:128)
	at org.eclipse.lsp4j.jsonrpc.RemoteEndpoint.handleRequest(RemoteEndpoint.java:265)
	at org.eclipse.lsp4j.jsonrpc.RemoteEndpoint.consume(RemoteEndpoint.java:195)
	at org.eclipse.lsp4j.jsonrpc.json.StreamMessageProducer.handleMessage(StreamMessageProducer.java:189)
	at org.eclipse.lsp4j.jsonrpc.json.StreamMessageProducer.listen(StreamMessageProducer.java:97)
	at org.eclipse.lsp4j.jsonrpc.json.ConcurrentMessageProcessor.run(ConcurrentMessageProcessor.java:97)
	at java.util.concurrent.Executors$RunnableAdapter.call(Executors.java:545)
	at java.util.concurrent.FutureTask.run(FutureTask.java:330)
	at java.util.concurrent.ThreadPoolExecutor.runWorker(ThreadPoolExecutor.java:1090)
	at java.util.concurrent.ThreadPoolExecutor$Worker.run(ThreadPoolExecutor.java:614)
	at java.lang.Thread.run(Thread.java:1516)

2026.08.11 00:15:45 INFO  no build target found for C:\Users\rishi\BIG DATA\SCALA\MULTIPLY_3D_matrix.scala. Using presentation compiler with project's scala-library version: 3.3.8
2026.08.11 00:15:45 INFO  no build target found for C:\Users\rishi\BIG DATA\SCALA\MULTIPLY_3D_matrix.scala. Using presentation compiler with project's scala-library version: 3.3.8
2026.08.11 00:15:45 INFO  no build target found for C:\Users\rishi\BIG DATA\SCALA\MULTIPLY_3D_matrix.scala. Using presentation compiler with project's scala-library version: 3.3.8
2026.08.11 00:15:46 ERROR scala.meta.internal.metals.debug.DiscoveryFailures$BuildTargetNotFoundForPathException: No build target could be found for the path: C:\Users\rishi\BIG DATA\SCALA\MULTIPLY_3D_matrix.scala
	at scala.meta.internal.metals.debug.DebugDiscovery.validate(DebugDiscovery.scala:88)
	at scala.meta.internal.metals.debug.DebugDiscovery.debugDiscovery(DebugDiscovery.scala:164)
	at scala.meta.internal.metals.MetalsLspService.$anonfun$debugDiscovery$3(MetalsLspService.scala:1603)
	at scala.meta.internal.metals.MetalsLspService.afterCompilationFinished(MetalsLspService.scala:1598)
	at scala.meta.internal.metals.MetalsLspService.debugDiscovery(MetalsLspService.scala:1603)
	at scala.meta.internal.metals.WorkspaceLspService.executeCommand(WorkspaceLspService.scala:1157)
	at scala.meta.metals.lsp.DelegatingScalaService.executeCommand(DelegatingScalaService.scala:184)
	at jdk.internal.reflect.DirectMethodHandleAccessor.invoke(DirectMethodHandleAccessor.java:104)
	at java.lang.reflect.Method.invoke(Method.java:565)
	at org.eclipse.lsp4j.jsonrpc.services.GenericEndpoint.lambda$recursiveFindRpcMethods$0(GenericEndpoint.java:65)
	at org.eclipse.lsp4j.jsonrpc.services.GenericEndpoint.request(GenericEndpoint.java:128)
	at org.eclipse.lsp4j.jsonrpc.RemoteEndpoint.handleRequest(RemoteEndpoint.java:265)
	at org.eclipse.lsp4j.jsonrpc.RemoteEndpoint.consume(RemoteEndpoint.java:195)
	at org.eclipse.lsp4j.jsonrpc.json.StreamMessageProducer.handleMessage(StreamMessageProducer.java:189)
	at org.eclipse.lsp4j.jsonrpc.json.StreamMessageProducer.listen(StreamMessageProducer.java:97)
	at org.eclipse.lsp4j.jsonrpc.json.ConcurrentMessageProcessor.run(ConcurrentMessageProcessor.java:97)
	at java.util.concurrent.Executors$RunnableAdapter.call(Executors.java:545)
	at java.util.concurrent.FutureTask.run(FutureTask.java:330)
	at java.util.concurrent.ThreadPoolExecutor.runWorker(ThreadPoolExecutor.java:1090)
	at java.util.concurrent.ThreadPoolExecutor$Worker.run(ThreadPoolExecutor.java:614)
	at java.lang.Thread.run(Thread.java:1516)

2026.08.11 00:15:45 INFO  no build target found for C:\Users\rishi\BIG DATA\SCALA\MULTIPLY_3D_matrix.scala. Using presentation compiler with project's scala-library version: 3.3.8
2026.08.11 00:15:46 INFO  no build target found for C:\Users\rishi\BIG DATA\SCALA\MULTIPLY_3D_matrix.scala. Using presentation compiler with project's scala-library version: 3.3.8
2026.08.11 00:15:47 INFO  no build target found for C:\Users\rishi\BIG DATA\SCALA\MULTIPLY_3D_matrix.scala. Using presentation compiler with project's scala-library version: 3.3.8
2026.08.11 00:15:47 INFO  no build target found for C:\Users\rishi\BIG DATA\SCALA\MULTIPLY_3D_matrix.scala. Using presentation compiler with project's scala-library version: 3.3.8
2026.08.11 00:15:47 INFO  no build target found for C:\Users\rishi\BIG DATA\SCALA\MULTIPLY_3D_matrix.scala. Using presentation compiler with project's scala-library version: 3.3.8
2026.08.11 00:15:47 INFO  no build target found for C:\Users\rishi\BIG DATA\SCALA\MULTIPLY_3D_matrix.scala. Using presentation compiler with project's scala-library version: 3.3.8
2026.08.11 00:15:47 INFO  no build target found for C:\Users\rishi\BIG DATA\SCALA\MULTIPLY_3D_matrix.scala. Using presentation compiler with project's scala-library version: 3.3.8
2026.08.11 00:15:48 INFO  no build target found for C:\Users\rishi\BIG DATA\SCALA\MULTIPLY_3D_matrix.scala. Using presentation compiler with project's scala-library version: 3.3.8
2026.08.11 00:15:47 INFO  no build target found for C:\Users\rishi\BIG DATA\SCALA\MULTIPLY_3D_matrix.scala. Using presentation compiler with project's scala-library version: 3.3.8
2026.08.11 00:15:48 INFO  no build target found for C:\Users\rishi\BIG DATA\SCALA\MULTIPLY_3D_matrix.scala. Using presentation compiler with project's scala-library version: 3.3.8
2026.08.11 00:15:48 INFO  no build target found for C:\Users\rishi\BIG DATA\SCALA\MULTIPLY_3D_matrix.scala. Using presentation compiler with project's scala-library version: 3.3.8
2026.08.11 00:16:22 ERROR scala.meta.internal.metals.debug.DiscoveryFailures$BuildTargetNotFoundForPathException: No build target could be found for the path: C:\Users\rishi\BIG DATA\SCALA\MULTIPLY_3D_matrix.scala
	at scala.meta.internal.metals.debug.DebugDiscovery.validate(DebugDiscovery.scala:88)
	at scala.meta.internal.metals.debug.DebugDiscovery.debugDiscovery(DebugDiscovery.scala:164)
	at scala.meta.internal.metals.MetalsLspService.$anonfun$debugDiscovery$3(MetalsLspService.scala:1603)
	at scala.meta.internal.metals.MetalsLspService.afterCompilationFinished(MetalsLspService.scala:1598)
	at scala.meta.internal.metals.MetalsLspService.debugDiscovery(MetalsLspService.scala:1603)
	at scala.meta.internal.metals.WorkspaceLspService.executeCommand(WorkspaceLspService.scala:1157)
	at scala.meta.metals.lsp.DelegatingScalaService.executeCommand(DelegatingScalaService.scala:184)
	at jdk.internal.reflect.DirectMethodHandleAccessor.invoke(DirectMethodHandleAccessor.java:104)
	at java.lang.reflect.Method.invoke(Method.java:565)
	at org.eclipse.lsp4j.jsonrpc.services.GenericEndpoint.lambda$recursiveFindRpcMethods$0(GenericEndpoint.java:65)
	at org.eclipse.lsp4j.jsonrpc.services.GenericEndpoint.request(GenericEndpoint.java:128)
	at org.eclipse.lsp4j.jsonrpc.RemoteEndpoint.handleRequest(RemoteEndpoint.java:265)
	at org.eclipse.lsp4j.jsonrpc.RemoteEndpoint.consume(RemoteEndpoint.java:195)
	at org.eclipse.lsp4j.jsonrpc.json.StreamMessageProducer.handleMessage(StreamMessageProducer.java:189)
	at org.eclipse.lsp4j.jsonrpc.json.StreamMessageProducer.listen(StreamMessageProducer.java:97)
	at org.eclipse.lsp4j.jsonrpc.json.ConcurrentMessageProcessor.run(ConcurrentMessageProcessor.java:97)
	at java.util.concurrent.Executors$RunnableAdapter.call(Executors.java:545)
	at java.util.concurrent.FutureTask.run(FutureTask.java:330)
	at java.util.concurrent.ThreadPoolExecutor.runWorker(ThreadPoolExecutor.java:1090)
	at java.util.concurrent.ThreadPoolExecutor$Worker.run(ThreadPoolExecutor.java:614)
	at java.lang.Thread.run(Thread.java:1516)

2026.08.11 00:16:22 INFO  no build target found for C:\Users\rishi\BIG DATA\SCALA\MULTIPLY_3D_matrix.scala. Using presentation compiler with project's scala-library version: 3.3.8
2026.08.11 00:16:22 INFO  no build target found for C:\Users\rishi\BIG DATA\SCALA\MULTIPLY_3D_matrix.scala. Using presentation compiler with project's scala-library version: 3.3.8
2026.08.11 00:16:22 INFO  no build target found for C:\Users\rishi\BIG DATA\SCALA\MULTIPLY_3D_matrix.scala. Using presentation compiler with project's scala-library version: 3.3.8
2026.08.11 00:16:23 INFO  no build target found for C:\Users\rishi\BIG DATA\SCALA\MULTIPLY_3D_matrix.scala. Using presentation compiler with project's scala-library version: 3.3.8
2026.08.11 00:16:29 INFO  no build target found for C:\Users\rishi\BIG DATA\SCALA\MULTIPLY_3D_matrix.scala. Using presentation compiler with project's scala-library version: 3.3.8
2026.08.11 00:16:29 INFO  no build target found for C:\Users\rishi\BIG DATA\SCALA\MULTIPLY_3D_matrix.scala. Using presentation compiler with project's scala-library version: 3.3.8
2026.08.11 00:16:29 INFO  no build target found for C:\Users\rishi\BIG DATA\SCALA\MULTIPLY_3D_matrix.scala. Using presentation compiler with project's scala-library version: 3.3.8
2026.08.11 00:16:30 INFO  no build target found for C:\Users\rishi\BIG DATA\SCALA\MULTIPLY_3D_matrix.scala. Using presentation compiler with project's scala-library version: 3.3.8
2026.08.11 00:16:30 INFO  no build target found for C:\Users\rishi\BIG DATA\SCALA\MULTIPLY_3D_matrix.scala. Using presentation compiler with project's scala-library version: 3.3.8
2026.08.11 00:16:30 INFO  no build target found for C:\Users\rishi\BIG DATA\SCALA\MULTIPLY_3D_matrix.scala. Using presentation compiler with project's scala-library version: 3.3.8
2026.08.11 00:16:31 INFO  no build target found for C:\Users\rishi\BIG DATA\SCALA\MULTIPLY_3D_matrix.scala. Using presentation compiler with project's scala-library version: 3.3.8
2026.08.11 00:16:31 INFO  no build target found for C:\Users\rishi\BIG DATA\SCALA\MULTIPLY_3D_matrix.scala. Using presentation compiler with project's scala-library version: 3.3.8
2026.08.11 00:16:32 INFO  no build target found for C:\Users\rishi\BIG DATA\SCALA\MULTIPLY_3D_matrix.scala. Using presentation compiler with project's scala-library version: 3.3.8
2026.08.11 00:16:31 INFO  no build target found for C:\Users\rishi\BIG DATA\SCALA\MULTIPLY_3D_matrix.scala. Using presentation compiler with project's scala-library version: 3.3.8
2026.08.11 00:16:35 INFO  no build target found for C:\Users\rishi\BIG DATA\SCALA\MULTIPLY_3D_matrix.scala. Using presentation compiler with project's scala-library version: 3.3.8
2026.08.11 00:16:35 INFO  no build target found for C:\Users\rishi\BIG DATA\SCALA\MULTIPLY_3D_matrix.scala. Using presentation compiler with project's scala-library version: 3.3.8
2026.08.11 00:16:35 INFO  no build target found for C:\Users\rishi\BIG DATA\SCALA\MULTIPLY_3D_matrix.scala. Using presentation compiler with project's scala-library version: 3.3.8
2026.08.11 00:16:35 INFO  no build target found for C:\Users\rishi\BIG DATA\SCALA\MULTIPLY_3D_matrix.scala. Using presentation compiler with project's scala-library version: 3.3.8
2026.08.11 00:16:35 INFO  no build target found for C:\Users\rishi\BIG DATA\SCALA\MULTIPLY_3D_matrix.scala. Using presentation compiler with project's scala-library version: 3.3.8
2026.08.11 00:16:35 INFO  no build target found for C:\Users\rishi\BIG DATA\SCALA\MULTIPLY_3D_matrix.scala. Using presentation compiler with project's scala-library version: 3.3.8
2026.08.11 00:16:35 INFO  no build target found for C:\Users\rishi\BIG DATA\SCALA\MULTIPLY_3D_matrix.scala. Using presentation compiler with project's scala-library version: 3.3.8
2026.08.11 00:16:36 INFO  no build target found for C:\Users\rishi\BIG DATA\SCALA\MULTIPLY_3D_matrix.scala. Using presentation compiler with project's scala-library version: 3.3.8
2026.08.11 00:16:36 INFO  no build target found for C:\Users\rishi\BIG DATA\SCALA\MULTIPLY_3D_matrix.scala. Using presentation compiler with project's scala-library version: 3.3.8
2026.08.11 00:16:45 INFO  no build target found for C:\Users\rishi\BIG DATA\SCALA\MULTIPLY_3D_matrix.scala. Using presentation compiler with project's scala-library version: 3.3.8
2026.08.11 00:16:48 INFO  no build target found for C:\Users\rishi\BIG DATA\SCALA\MULTIPLY_3D_matrix.scala. Using presentation compiler with project's scala-library version: 3.3.8
2026.08.11 00:16:49 INFO  no build target found for C:\Users\rishi\BIG DATA\SCALA\MULTIPLY_3D_matrix.scala. Using presentation compiler with project's scala-library version: 3.3.8
2026.08.11 00:16:49 WARN  no build target for: C:\Users\rishi\BIG DATA\SCALA\MULTIPLY_3D_matrix.scala
2026.08.11 00:16:49 INFO  no build target found for C:\Users\rishi\BIG DATA\SCALA\MULTIPLY_3D_matrix.scala. Using presentation compiler with project's scala-library version: 3.3.8
2026.08.11 00:16:57 INFO  no build target found for C:\Users\rishi\BIG DATA\SCALA\MULTIPLY_3D_matrix.scala. Using presentation compiler with project's scala-library version: 3.3.8
2026.08.11 00:17:34 INFO  no build target found for C:\Users\rishi\BIG DATA\SCALA\MULTIPLY_3D_matrix.scala. Using presentation compiler with project's scala-library version: 3.3.8
2026.08.11 00:19:28 INFO  no build target found for C:\Users\rishi\BIG DATA\SCALA\TRANSPOSE.scala. Using presentation compiler with project's scala-library version: 3.3.8
2026.08.11 00:20:24 INFO  no build target found for C:\Users\rishi\BIG DATA\SCALA\TRANSPOSE.scala. Using presentation compiler with project's scala-library version: 3.3.8
2026.08.11 00:20:24 WARN  no build target for: C:\Users\rishi\BIG DATA\SCALA\TRANSPOSE.scala
2026.08.11 00:20:24 INFO  no build target found for C:\Users\rishi\BIG DATA\SCALA\TRANSPOSE.scala. Using presentation compiler with project's scala-library version: 3.3.8
2026.08.11 00:20:24 INFO  no build target found for C:\Users\rishi\BIG DATA\SCALA\TRANSPOSE.scala. Using presentation compiler with project's scala-library version: 3.3.8
2026.08.11 00:20:26 INFO  no build target found for C:\Users\rishi\BIG DATA\SCALA\TRANSPOSE.scala. Using presentation compiler with project's scala-library version: 3.3.8
2026.08.11 00:20:33 ERROR scala.meta.internal.metals.debug.DiscoveryFailures$BuildTargetNotFoundForPathException: No build target could be found for the path: C:\Users\rishi\BIG DATA\SCALA\TRANSPOSE.scala
	at scala.meta.internal.metals.debug.DebugDiscovery.validate(DebugDiscovery.scala:88)
	at scala.meta.internal.metals.debug.DebugDiscovery.debugDiscovery(DebugDiscovery.scala:164)
	at scala.meta.internal.metals.debug.DebugDiscovery.runCommandDiscovery(DebugDiscovery.scala:66)
	at scala.meta.internal.metals.MetalsLspService.$anonfun$discoverMainClasses$1(MetalsLspService.scala:1641)
	at scala.meta.internal.metals.MetalsLspService.afterCompilationFinished(MetalsLspService.scala:1598)
	at scala.meta.internal.metals.MetalsLspService.discoverMainClasses(MetalsLspService.scala:1641)
	at scala.meta.internal.metals.WorkspaceLspService.executeCommand(WorkspaceLspService.scala:943)
	at scala.meta.metals.lsp.DelegatingScalaService.executeCommand(DelegatingScalaService.scala:184)
	at jdk.internal.reflect.DirectMethodHandleAccessor.invoke(DirectMethodHandleAccessor.java:104)
	at java.lang.reflect.Method.invoke(Method.java:565)
	at org.eclipse.lsp4j.jsonrpc.services.GenericEndpoint.lambda$recursiveFindRpcMethods$0(GenericEndpoint.java:65)
	at org.eclipse.lsp4j.jsonrpc.services.GenericEndpoint.request(GenericEndpoint.java:128)
	at org.eclipse.lsp4j.jsonrpc.RemoteEndpoint.handleRequest(RemoteEndpoint.java:265)
	at org.eclipse.lsp4j.jsonrpc.RemoteEndpoint.consume(RemoteEndpoint.java:195)
	at org.eclipse.lsp4j.jsonrpc.json.StreamMessageProducer.handleMessage(StreamMessageProducer.java:189)
	at org.eclipse.lsp4j.jsonrpc.json.StreamMessageProducer.listen(StreamMessageProducer.java:97)
	at org.eclipse.lsp4j.jsonrpc.json.ConcurrentMessageProcessor.run(ConcurrentMessageProcessor.java:97)
	at java.util.concurrent.Executors$RunnableAdapter.call(Executors.java:545)
	at java.util.concurrent.FutureTask.run(FutureTask.java:330)
	at java.util.concurrent.ThreadPoolExecutor.runWorker(ThreadPoolExecutor.java:1090)
	at java.util.concurrent.ThreadPoolExecutor$Worker.run(ThreadPoolExecutor.java:614)
	at java.lang.Thread.run(Thread.java:1516)

2026.08.11 00:20:33 ERROR scala.meta.internal.metals.debug.DiscoveryFailures$BuildTargetNotFoundForPathException: No build target could be found for the path: C:\Users\rishi\BIG DATA\SCALA\TRANSPOSE.scala
	at scala.meta.internal.metals.debug.DebugDiscovery.validate(DebugDiscovery.scala:88)
	at scala.meta.internal.metals.debug.DebugDiscovery.debugDiscovery(DebugDiscovery.scala:164)
	at scala.meta.internal.metals.MetalsLspService.$anonfun$debugDiscovery$3(MetalsLspService.scala:1603)
	at scala.meta.internal.metals.MetalsLspService.afterCompilationFinished(MetalsLspService.scala:1598)
	at scala.meta.internal.metals.MetalsLspService.debugDiscovery(MetalsLspService.scala:1603)
	at scala.meta.internal.metals.WorkspaceLspService.executeCommand(WorkspaceLspService.scala:1157)
	at scala.meta.metals.lsp.DelegatingScalaService.executeCommand(DelegatingScalaService.scala:184)
	at jdk.internal.reflect.DirectMethodHandleAccessor.invoke(DirectMethodHandleAccessor.java:104)
	at java.lang.reflect.Method.invoke(Method.java:565)
	at org.eclipse.lsp4j.jsonrpc.services.GenericEndpoint.lambda$recursiveFindRpcMethods$0(GenericEndpoint.java:65)
	at org.eclipse.lsp4j.jsonrpc.services.GenericEndpoint.request(GenericEndpoint.java:128)
	at org.eclipse.lsp4j.jsonrpc.RemoteEndpoint.handleRequest(RemoteEndpoint.java:265)
	at org.eclipse.lsp4j.jsonrpc.RemoteEndpoint.consume(RemoteEndpoint.java:195)
	at org.eclipse.lsp4j.jsonrpc.json.StreamMessageProducer.handleMessage(StreamMessageProducer.java:189)
	at org.eclipse.lsp4j.jsonrpc.json.StreamMessageProducer.listen(StreamMessageProducer.java:97)
	at org.eclipse.lsp4j.jsonrpc.json.ConcurrentMessageProcessor.run(ConcurrentMessageProcessor.java:97)
	at java.util.concurrent.Executors$RunnableAdapter.call(Executors.java:545)
	at java.util.concurrent.FutureTask.run(FutureTask.java:330)
	at java.util.concurrent.ThreadPoolExecutor.runWorker(ThreadPoolExecutor.java:1090)
	at java.util.concurrent.ThreadPoolExecutor$Worker.run(ThreadPoolExecutor.java:614)
	at java.lang.Thread.run(Thread.java:1516)

2026.08.11 00:20:37 ERROR scala.meta.internal.metals.debug.DiscoveryFailures$BuildTargetNotFoundForPathException: No build target could be found for the path: C:\Users\rishi\BIG DATA\SCALA\TRANSPOSE.scala
	at scala.meta.internal.metals.debug.DebugDiscovery.validate(DebugDiscovery.scala:88)
	at scala.meta.internal.metals.debug.DebugDiscovery.debugDiscovery(DebugDiscovery.scala:164)
	at scala.meta.internal.metals.MetalsLspService.$anonfun$debugDiscovery$3(MetalsLspService.scala:1603)
	at scala.meta.internal.metals.MetalsLspService.afterCompilationFinished(MetalsLspService.scala:1598)
	at scala.meta.internal.metals.MetalsLspService.debugDiscovery(MetalsLspService.scala:1603)
	at scala.meta.internal.metals.WorkspaceLspService.executeCommand(WorkspaceLspService.scala:1157)
	at scala.meta.metals.lsp.DelegatingScalaService.executeCommand(DelegatingScalaService.scala:184)
	at jdk.internal.reflect.DirectMethodHandleAccessor.invoke(DirectMethodHandleAccessor.java:104)
	at java.lang.reflect.Method.invoke(Method.java:565)
	at org.eclipse.lsp4j.jsonrpc.services.GenericEndpoint.lambda$recursiveFindRpcMethods$0(GenericEndpoint.java:65)
	at org.eclipse.lsp4j.jsonrpc.services.GenericEndpoint.request(GenericEndpoint.java:128)
	at org.eclipse.lsp4j.jsonrpc.RemoteEndpoint.handleRequest(RemoteEndpoint.java:265)
	at org.eclipse.lsp4j.jsonrpc.RemoteEndpoint.consume(RemoteEndpoint.java:195)
	at org.eclipse.lsp4j.jsonrpc.json.StreamMessageProducer.handleMessage(StreamMessageProducer.java:189)
	at org.eclipse.lsp4j.jsonrpc.json.StreamMessageProducer.listen(StreamMessageProducer.java:97)
	at org.eclipse.lsp4j.jsonrpc.json.ConcurrentMessageProcessor.run(ConcurrentMessageProcessor.java:97)
	at java.util.concurrent.Executors$RunnableAdapter.call(Executors.java:545)
	at java.util.concurrent.FutureTask.run(FutureTask.java:330)
	at java.util.concurrent.ThreadPoolExecutor.runWorker(ThreadPoolExecutor.java:1090)
	at java.util.concurrent.ThreadPoolExecutor$Worker.run(ThreadPoolExecutor.java:614)
	at java.lang.Thread.run(Thread.java:1516)

2026.08.11 00:20:59 INFO  no build target found for C:\Users\rishi\BIG DATA\SCALA\TRANSPOSE.scala. Using presentation compiler with project's scala-library version: 3.3.8
2026.08.11 00:21:02 ERROR scala.meta.internal.metals.debug.DiscoveryFailures$BuildTargetNotFoundForPathException: No build target could be found for the path: C:\Users\rishi\BIG DATA\SCALA\TRANSPOSE.scala
	at scala.meta.internal.metals.debug.DebugDiscovery.validate(DebugDiscovery.scala:88)
	at scala.meta.internal.metals.debug.DebugDiscovery.debugDiscovery(DebugDiscovery.scala:164)
	at scala.meta.internal.metals.MetalsLspService.$anonfun$debugDiscovery$3(MetalsLspService.scala:1603)
	at scala.meta.internal.metals.MetalsLspService.afterCompilationFinished(MetalsLspService.scala:1598)
	at scala.meta.internal.metals.MetalsLspService.debugDiscovery(MetalsLspService.scala:1603)
	at scala.meta.internal.metals.WorkspaceLspService.executeCommand(WorkspaceLspService.scala:1157)
	at scala.meta.metals.lsp.DelegatingScalaService.executeCommand(DelegatingScalaService.scala:184)
	at jdk.internal.reflect.DirectMethodHandleAccessor.invoke(DirectMethodHandleAccessor.java:104)
	at java.lang.reflect.Method.invoke(Method.java:565)
	at org.eclipse.lsp4j.jsonrpc.services.GenericEndpoint.lambda$recursiveFindRpcMethods$0(GenericEndpoint.java:65)
	at org.eclipse.lsp4j.jsonrpc.services.GenericEndpoint.request(GenericEndpoint.java:128)
	at org.eclipse.lsp4j.jsonrpc.RemoteEndpoint.handleRequest(RemoteEndpoint.java:265)
	at org.eclipse.lsp4j.jsonrpc.RemoteEndpoint.consume(RemoteEndpoint.java:195)
	at org.eclipse.lsp4j.jsonrpc.json.StreamMessageProducer.handleMessage(StreamMessageProducer.java:189)
	at org.eclipse.lsp4j.jsonrpc.json.StreamMessageProducer.listen(StreamMessageProducer.java:97)
	at org.eclipse.lsp4j.jsonrpc.json.ConcurrentMessageProcessor.run(ConcurrentMessageProcessor.java:97)
	at java.util.concurrent.Executors$RunnableAdapter.call(Executors.java:545)
	at java.util.concurrent.FutureTask.run(FutureTask.java:330)
	at java.util.concurrent.ThreadPoolExecutor.runWorker(ThreadPoolExecutor.java:1090)
	at java.util.concurrent.ThreadPoolExecutor$Worker.run(ThreadPoolExecutor.java:614)
	at java.lang.Thread.run(Thread.java:1516)

2026.08.11 00:21:04 WARN  no build target for: C:\Users\rishi\BIG DATA\SCALA\TRANSPOSE.scala
2026.08.11 00:21:04 INFO  no build target found for C:\Users\rishi\BIG DATA\SCALA\TRANSPOSE.scala. Using presentation compiler with project's scala-library version: 3.3.8
2026.08.11 00:21:04 INFO  no build target found for C:\Users\rishi\BIG DATA\SCALA\TRANSPOSE.scala. Using presentation compiler with project's scala-library version: 3.3.8
2026.08.11 00:21:07 WARN  no build target for: C:\Users\rishi\BIG DATA\SCALA\TRANSPOSE.scala
2026.08.11 00:21:07 ERROR scala.meta.internal.metals.debug.DiscoveryFailures$BuildTargetNotFoundForPathException: No build target could be found for the path: C:\Users\rishi\BIG DATA\SCALA\TRANSPOSE.scala
	at scala.meta.internal.metals.debug.DebugDiscovery.validate(DebugDiscovery.scala:88)
	at scala.meta.internal.metals.debug.DebugDiscovery.debugDiscovery(DebugDiscovery.scala:164)
	at scala.meta.internal.metals.MetalsLspService.$anonfun$debugDiscovery$3(MetalsLspService.scala:1603)
	at scala.meta.internal.metals.MetalsLspService.afterCompilationFinished(MetalsLspService.scala:1598)
	at scala.meta.internal.metals.MetalsLspService.debugDiscovery(MetalsLspService.scala:1603)
	at scala.meta.internal.metals.WorkspaceLspService.executeCommand(WorkspaceLspService.scala:1157)
	at scala.meta.metals.lsp.DelegatingScalaService.executeCommand(DelegatingScalaService.scala:184)
	at jdk.internal.reflect.DirectMethodHandleAccessor.invoke(DirectMethodHandleAccessor.java:104)
	at java.lang.reflect.Method.invoke(Method.java:565)
	at org.eclipse.lsp4j.jsonrpc.services.GenericEndpoint.lambda$recursiveFindRpcMethods$0(GenericEndpoint.java:65)
	at org.eclipse.lsp4j.jsonrpc.services.GenericEndpoint.request(GenericEndpoint.java:128)
	at org.eclipse.lsp4j.jsonrpc.RemoteEndpoint.handleRequest(RemoteEndpoint.java:265)
	at org.eclipse.lsp4j.jsonrpc.RemoteEndpoint.consume(RemoteEndpoint.java:195)
	at org.eclipse.lsp4j.jsonrpc.json.StreamMessageProducer.handleMessage(StreamMessageProducer.java:189)
	at org.eclipse.lsp4j.jsonrpc.json.StreamMessageProducer.listen(StreamMessageProducer.java:97)
	at org.eclipse.lsp4j.jsonrpc.json.ConcurrentMessageProcessor.run(ConcurrentMessageProcessor.java:97)
	at java.util.concurrent.Executors$RunnableAdapter.call(Executors.java:545)
	at java.util.concurrent.FutureTask.run(FutureTask.java:330)
	at java.util.concurrent.ThreadPoolExecutor.runWorker(ThreadPoolExecutor.java:1090)
	at java.util.concurrent.ThreadPoolExecutor$Worker.run(ThreadPoolExecutor.java:614)
	at java.lang.Thread.run(Thread.java:1516)

2026.08.11 00:21:07 INFO  no build target found for C:\Users\rishi\BIG DATA\SCALA\TRANSPOSE.scala. Using presentation compiler with project's scala-library version: 3.3.8
2026.08.11 00:21:49 INFO  no build target found for C:\Users\rishi\BIG DATA\SCALA\TRANSPOSE.scala. Using presentation compiler with project's scala-library version: 3.3.8
2026.08.11 00:21:59 INFO  no build target found for C:\Users\rishi\BIG DATA\SCALA\TRANSPOSE.scala. Using presentation compiler with project's scala-library version: 3.3.8
2026.08.11 00:21:59 INFO  no build target found for C:\Users\rishi\BIG DATA\SCALA\TRANSPOSE.scala. Using presentation compiler with project's scala-library version: 3.3.8
2026.08.11 00:21:59 INFO  no build target found for C:\Users\rishi\BIG DATA\SCALA\TRANSPOSE.scala. Using presentation compiler with project's scala-library version: 3.3.8
2026.08.11 00:22:00 INFO  no build target found for C:\Users\rishi\BIG DATA\SCALA\TRANSPOSE.scala. Using presentation compiler with project's scala-library version: 3.3.8
2026.08.11 00:22:00 INFO  no build target found for C:\Users\rishi\BIG DATA\SCALA\TRANSPOSE.scala. Using presentation compiler with project's scala-library version: 3.3.8
2026.08.11 00:22:01 INFO  no build target found for C:\Users\rishi\BIG DATA\SCALA\TRANSPOSE.scala. Using presentation compiler with project's scala-library version: 3.3.8
2026.08.11 00:22:00 INFO  no build target found for C:\Users\rishi\BIG DATA\SCALA\TRANSPOSE.scala. Using presentation compiler with project's scala-library version: 3.3.8
2026.08.11 00:22:00 INFO  no build target found for C:\Users\rishi\BIG DATA\SCALA\TRANSPOSE.scala. Using presentation compiler with project's scala-library version: 3.3.8
2026.08.11 00:22:00 INFO  no build target found for C:\Users\rishi\BIG DATA\SCALA\TRANSPOSE.scala. Using presentation compiler with project's scala-library version: 3.3.8
2026.08.11 00:22:01 INFO  no build target found for C:\Users\rishi\BIG DATA\SCALA\TRANSPOSE.scala. Using presentation compiler with project's scala-library version: 3.3.8
2026.08.11 00:22:00 INFO  no build target found for C:\Users\rishi\BIG DATA\SCALA\TRANSPOSE.scala. Using presentation compiler with project's scala-library version: 3.3.8
2026.08.11 00:22:03 INFO  no build target found for C:\Users\rishi\BIG DATA\SCALA\TRANSPOSE.scala. Using presentation compiler with project's scala-library version: 3.3.8
2026.08.11 00:22:03 INFO  no build target found for C:\Users\rishi\BIG DATA\SCALA\TRANSPOSE.scala. Using presentation compiler with project's scala-library version: 3.3.8
2026.08.11 00:22:03 INFO  no build target found for C:\Users\rishi\BIG DATA\SCALA\TRANSPOSE.scala. Using presentation compiler with project's scala-library version: 3.3.8
2026.08.11 00:22:03 INFO  no build target found for C:\Users\rishi\BIG DATA\SCALA\TRANSPOSE.scala. Using presentation compiler with project's scala-library version: 3.3.8
2026.08.11 00:22:03 INFO  no build target found for C:\Users\rishi\BIG DATA\SCALA\TRANSPOSE.scala. Using presentation compiler with project's scala-library version: 3.3.8
2026.08.11 00:22:03 INFO  no build target found for C:\Users\rishi\BIG DATA\SCALA\TRANSPOSE.scala. Using presentation compiler with project's scala-library version: 3.3.8
2026.08.11 00:22:03 INFO  no build target found for C:\Users\rishi\BIG DATA\SCALA\TRANSPOSE.scala. Using presentation compiler with project's scala-library version: 3.3.8
2026.08.11 00:22:03 INFO  no build target found for C:\Users\rishi\BIG DATA\SCALA\TRANSPOSE.scala. Using presentation compiler with project's scala-library version: 3.3.8
2026.08.11 00:22:03 INFO  no build target found for C:\Users\rishi\BIG DATA\SCALA\TRANSPOSE.scala. Using presentation compiler with project's scala-library version: 3.3.8
2026.08.11 00:22:15 INFO  no build target found for C:\Users\rishi\BIG DATA\SCALA\TRANSPOSE.scala. Using presentation compiler with project's scala-library version: 3.3.8
2026.08.11 00:22:51 INFO  no build target found for C:\Users\rishi\BIG DATA\SCALA\TRANSPOSE.scala. Using presentation compiler with project's scala-library version: 3.3.8
2026.08.11 00:23:23 INFO  no build target found for C:\Users\rishi\BIG DATA\SCALA\TRANSPOSE.scala. Using presentation compiler with project's scala-library version: 3.3.8
2026.08.11 00:23:37 WARN  no build target for: C:\Users\rishi\BIG DATA\SCALA\TRANSPOSE.scala
2026.08.11 00:23:37 INFO  no build target found for C:\Users\rishi\BIG DATA\SCALA\TRANSPOSE.scala. Using presentation compiler with project's scala-library version: 3.3.8
2026.08.11 00:23:37 INFO  no build target found for C:\Users\rishi\BIG DATA\SCALA\TRANSPOSE.scala. Using presentation compiler with project's scala-library version: 3.3.8
2026.08.11 00:26:56 INFO  no build target found for C:\Users\rishi\BIG DATA\SCALA\3D_array.scala. Using presentation compiler with project's scala-library version: 3.3.8
2026.08.11 00:26:58 INFO  no build target found for C:\Users\rishi\BIG DATA\SCALA\3D_array.scala. Using presentation compiler with project's scala-library version: 3.3.8
2026.08.11 00:26:58 INFO  no build target found for C:\Users\rishi\BIG DATA\SCALA\3D_array.scala. Using presentation compiler with project's scala-library version: 3.3.8
2026.08.11 00:27:00 INFO  no build target found for C:\Users\rishi\BIG DATA\SCALA\3D_array.scala. Using presentation compiler with project's scala-library version: 3.3.8
2026.08.11 00:27:00 INFO  no build target found for C:\Users\rishi\BIG DATA\SCALA\3D_array.scala. Using presentation compiler with project's scala-library version: 3.3.8
2026.08.11 00:27:02 ERROR scala.meta.internal.metals.debug.DiscoveryFailures$BuildTargetNotFoundForPathException: No build target could be found for the path: C:\Users\rishi\BIG DATA\SCALA\3D_array.scala
	at scala.meta.internal.metals.debug.DebugDiscovery.validate(DebugDiscovery.scala:88)
	at scala.meta.internal.metals.debug.DebugDiscovery.debugDiscovery(DebugDiscovery.scala:164)
	at scala.meta.internal.metals.MetalsLspService.$anonfun$debugDiscovery$3(MetalsLspService.scala:1603)
	at scala.meta.internal.metals.MetalsLspService.afterCompilationFinished(MetalsLspService.scala:1598)
	at scala.meta.internal.metals.MetalsLspService.debugDiscovery(MetalsLspService.scala:1603)
	at scala.meta.internal.metals.WorkspaceLspService.executeCommand(WorkspaceLspService.scala:1157)
	at scala.meta.metals.lsp.DelegatingScalaService.executeCommand(DelegatingScalaService.scala:184)
	at jdk.internal.reflect.DirectMethodHandleAccessor.invoke(DirectMethodHandleAccessor.java:104)
	at java.lang.reflect.Method.invoke(Method.java:565)
	at org.eclipse.lsp4j.jsonrpc.services.GenericEndpoint.lambda$recursiveFindRpcMethods$0(GenericEndpoint.java:65)
	at org.eclipse.lsp4j.jsonrpc.services.GenericEndpoint.request(GenericEndpoint.java:128)
	at org.eclipse.lsp4j.jsonrpc.RemoteEndpoint.handleRequest(RemoteEndpoint.java:265)
	at org.eclipse.lsp4j.jsonrpc.RemoteEndpoint.consume(RemoteEndpoint.java:195)
	at org.eclipse.lsp4j.jsonrpc.json.StreamMessageProducer.handleMessage(StreamMessageProducer.java:189)
	at org.eclipse.lsp4j.jsonrpc.json.StreamMessageProducer.listen(StreamMessageProducer.java:97)
	at org.eclipse.lsp4j.jsonrpc.json.ConcurrentMessageProcessor.run(ConcurrentMessageProcessor.java:97)
	at java.util.concurrent.Executors$RunnableAdapter.call(Executors.java:545)
	at java.util.concurrent.FutureTask.run(FutureTask.java:330)
	at java.util.concurrent.ThreadPoolExecutor.runWorker(ThreadPoolExecutor.java:1090)
	at java.util.concurrent.ThreadPoolExecutor$Worker.run(ThreadPoolExecutor.java:614)
	at java.lang.Thread.run(Thread.java:1516)

2026.08.11 00:27:03 INFO  no build target found for C:\Users\rishi\BIG DATA\SCALA\3D_array.scala. Using presentation compiler with project's scala-library version: 3.3.8
2026.08.11 00:27:40 INFO  no build target found for C:\Users\rishi\BIG DATA\SCALA\3D_array.scala. Using presentation compiler with project's scala-library version: 3.3.8
2026.08.11 00:27:42 ERROR scala.meta.internal.metals.debug.DiscoveryFailures$BuildTargetNotFoundForPathException: No build target could be found for the path: C:\Users\rishi\BIG DATA\SCALA\3D_array.scala
	at scala.meta.internal.metals.debug.DebugDiscovery.validate(DebugDiscovery.scala:88)
	at scala.meta.internal.metals.debug.DebugDiscovery.debugDiscovery(DebugDiscovery.scala:164)
	at scala.meta.internal.metals.debug.DebugDiscovery.runCommandDiscovery(DebugDiscovery.scala:66)
	at scala.meta.internal.metals.MetalsLspService.$anonfun$discoverMainClasses$1(MetalsLspService.scala:1641)
	at scala.meta.internal.metals.MetalsLspService.afterCompilationFinished(MetalsLspService.scala:1598)
	at scala.meta.internal.metals.MetalsLspService.discoverMainClasses(MetalsLspService.scala:1641)
	at scala.meta.internal.metals.WorkspaceLspService.executeCommand(WorkspaceLspService.scala:943)
	at scala.meta.metals.lsp.DelegatingScalaService.executeCommand(DelegatingScalaService.scala:184)
	at jdk.internal.reflect.DirectMethodHandleAccessor.invoke(DirectMethodHandleAccessor.java:104)
	at java.lang.reflect.Method.invoke(Method.java:565)
	at org.eclipse.lsp4j.jsonrpc.services.GenericEndpoint.lambda$recursiveFindRpcMethods$0(GenericEndpoint.java:65)
	at org.eclipse.lsp4j.jsonrpc.services.GenericEndpoint.request(GenericEndpoint.java:128)
	at org.eclipse.lsp4j.jsonrpc.RemoteEndpoint.handleRequest(RemoteEndpoint.java:265)
	at org.eclipse.lsp4j.jsonrpc.RemoteEndpoint.consume(RemoteEndpoint.java:195)
	at org.eclipse.lsp4j.jsonrpc.json.StreamMessageProducer.handleMessage(StreamMessageProducer.java:189)
	at org.eclipse.lsp4j.jsonrpc.json.StreamMessageProducer.listen(StreamMessageProducer.java:97)
	at org.eclipse.lsp4j.jsonrpc.json.ConcurrentMessageProcessor.run(ConcurrentMessageProcessor.java:97)
	at java.util.concurrent.Executors$RunnableAdapter.call(Executors.java:545)
	at java.util.concurrent.FutureTask.run(FutureTask.java:330)
	at java.util.concurrent.ThreadPoolExecutor.runWorker(ThreadPoolExecutor.java:1090)
	at java.util.concurrent.ThreadPoolExecutor$Worker.run(ThreadPoolExecutor.java:614)
	at java.lang.Thread.run(Thread.java:1516)

2026.08.11 00:27:42 ERROR scala.meta.internal.metals.debug.DiscoveryFailures$BuildTargetNotFoundForPathException: No build target could be found for the path: C:\Users\rishi\BIG DATA\SCALA\3D_array.scala
	at scala.meta.internal.metals.debug.DebugDiscovery.validate(DebugDiscovery.scala:88)
	at scala.meta.internal.metals.debug.DebugDiscovery.debugDiscovery(DebugDiscovery.scala:164)
	at scala.meta.internal.metals.MetalsLspService.$anonfun$debugDiscovery$3(MetalsLspService.scala:1603)
	at scala.meta.internal.metals.MetalsLspService.afterCompilationFinished(MetalsLspService.scala:1598)
	at scala.meta.internal.metals.MetalsLspService.debugDiscovery(MetalsLspService.scala:1603)
	at scala.meta.internal.metals.WorkspaceLspService.executeCommand(WorkspaceLspService.scala:1157)
	at scala.meta.metals.lsp.DelegatingScalaService.executeCommand(DelegatingScalaService.scala:184)
	at jdk.internal.reflect.DirectMethodHandleAccessor.invoke(DirectMethodHandleAccessor.java:104)
	at java.lang.reflect.Method.invoke(Method.java:565)
	at org.eclipse.lsp4j.jsonrpc.services.GenericEndpoint.lambda$recursiveFindRpcMethods$0(GenericEndpoint.java:65)
	at org.eclipse.lsp4j.jsonrpc.services.GenericEndpoint.request(GenericEndpoint.java:128)
	at org.eclipse.lsp4j.jsonrpc.RemoteEndpoint.handleRequest(RemoteEndpoint.java:265)
	at org.eclipse.lsp4j.jsonrpc.RemoteEndpoint.consume(RemoteEndpoint.java:195)
	at org.eclipse.lsp4j.jsonrpc.json.StreamMessageProducer.handleMessage(StreamMessageProducer.java:189)
	at org.eclipse.lsp4j.jsonrpc.json.StreamMessageProducer.listen(StreamMessageProducer.java:97)
	at org.eclipse.lsp4j.jsonrpc.json.ConcurrentMessageProcessor.run(ConcurrentMessageProcessor.java:97)
	at java.util.concurrent.Executors$RunnableAdapter.call(Executors.java:545)
	at java.util.concurrent.FutureTask.run(FutureTask.java:330)
	at java.util.concurrent.ThreadPoolExecutor.runWorker(ThreadPoolExecutor.java:1090)
	at java.util.concurrent.ThreadPoolExecutor$Worker.run(ThreadPoolExecutor.java:614)
	at java.lang.Thread.run(Thread.java:1516)

2026.08.11 00:27:54 INFO  no build target found for C:\Users\rishi\BIG DATA\SCALA\3D_array.scala. Using presentation compiler with project's scala-library version: 3.3.8
2026.08.11 00:27:54 INFO  no build target found for C:\Users\rishi\BIG DATA\SCALA\3D_array.scala. Using presentation compiler with project's scala-library version: 3.3.8
2026.08.11 00:27:55 INFO  no build target found for C:\Users\rishi\BIG DATA\SCALA\3D_array.scala. Using presentation compiler with project's scala-library version: 3.3.8
2026.08.11 00:27:54 INFO  no build target found for C:\Users\rishi\BIG DATA\SCALA\3D_array.scala. Using presentation compiler with project's scala-library version: 3.3.8
2026.08.11 00:27:55 ERROR scala.meta.internal.metals.debug.DiscoveryFailures$BuildTargetNotFoundForPathException: No build target could be found for the path: C:\Users\rishi\BIG DATA\SCALA\3D_array.scala
	at scala.meta.internal.metals.debug.DebugDiscovery.validate(DebugDiscovery.scala:88)
	at scala.meta.internal.metals.debug.DebugDiscovery.debugDiscovery(DebugDiscovery.scala:164)
	at scala.meta.internal.metals.MetalsLspService.$anonfun$debugDiscovery$3(MetalsLspService.scala:1603)
	at scala.meta.internal.metals.MetalsLspService.afterCompilationFinished(MetalsLspService.scala:1598)
	at scala.meta.internal.metals.MetalsLspService.debugDiscovery(MetalsLspService.scala:1603)
	at scala.meta.internal.metals.WorkspaceLspService.executeCommand(WorkspaceLspService.scala:1157)
	at scala.meta.metals.lsp.DelegatingScalaService.executeCommand(DelegatingScalaService.scala:184)
	at jdk.internal.reflect.DirectMethodHandleAccessor.invoke(DirectMethodHandleAccessor.java:104)
	at java.lang.reflect.Method.invoke(Method.java:565)
	at org.eclipse.lsp4j.jsonrpc.services.GenericEndpoint.lambda$recursiveFindRpcMethods$0(GenericEndpoint.java:65)
	at org.eclipse.lsp4j.jsonrpc.services.GenericEndpoint.request(GenericEndpoint.java:128)
	at org.eclipse.lsp4j.jsonrpc.RemoteEndpoint.handleRequest(RemoteEndpoint.java:265)
	at org.eclipse.lsp4j.jsonrpc.RemoteEndpoint.consume(RemoteEndpoint.java:195)
	at org.eclipse.lsp4j.jsonrpc.json.StreamMessageProducer.handleMessage(StreamMessageProducer.java:189)
	at org.eclipse.lsp4j.jsonrpc.json.StreamMessageProducer.listen(StreamMessageProducer.java:97)
	at org.eclipse.lsp4j.jsonrpc.json.ConcurrentMessageProcessor.run(ConcurrentMessageProcessor.java:97)
	at java.util.concurrent.Executors$RunnableAdapter.call(Executors.java:545)
	at java.util.concurrent.FutureTask.run(FutureTask.java:330)
	at java.util.concurrent.ThreadPoolExecutor.runWorker(ThreadPoolExecutor.java:1090)
	at java.util.concurrent.ThreadPoolExecutor$Worker.run(ThreadPoolExecutor.java:614)
	at java.lang.Thread.run(Thread.java:1516)

2026.08.11 00:27:55 INFO  no build target found for C:\Users\rishi\BIG DATA\SCALA\3D_array.scala. Using presentation compiler with project's scala-library version: 3.3.8
2026.08.11 00:27:55 INFO  no build target found for C:\Users\rishi\BIG DATA\SCALA\3D_array.scala. Using presentation compiler with project's scala-library version: 3.3.8
2026.08.11 00:27:55 INFO  no build target found for C:\Users\rishi\BIG DATA\SCALA\3D_array.scala. Using presentation compiler with project's scala-library version: 3.3.8
Aug 11, 2026 12:27:55 AM org.eclipse.lsp4j.jsonrpc.RemoteEndpoint handleCancellation
WARNING: Unmatched cancel notification for request id 426
2026.08.11 00:27:55 INFO  no build target found for C:\Users\rishi\BIG DATA\SCALA\3D_array.scala. Using presentation compiler with project's scala-library version: 3.3.8
2026.08.11 00:27:55 INFO  no build target found for C:\Users\rishi\BIG DATA\SCALA\3D_array.scala. Using presentation compiler with project's scala-library version: 3.3.8
2026.08.11 00:27:55 INFO  no build target found for C:\Users\rishi\BIG DATA\SCALA\3D_array.scala. Using presentation compiler with project's scala-library version: 3.3.8
2026.08.11 00:27:55 INFO  no build target found for C:\Users\rishi\BIG DATA\SCALA\3D_array.scala. Using presentation compiler with project's scala-library version: 3.3.8
2026.08.11 00:27:55 INFO  no build target found for C:\Users\rishi\BIG DATA\SCALA\3D_array.scala. Using presentation compiler with project's scala-library version: 3.3.8
2026.08.11 00:27:55 INFO  no build target found for C:\Users\rishi\BIG DATA\SCALA\3D_array.scala. Using presentation compiler with project's scala-library version: 3.3.8
2026.08.11 00:27:56 INFO  no build target found for C:\Users\rishi\BIG DATA\SCALA\3D_array.scala. Using presentation compiler with project's scala-library version: 3.3.8
2026.08.11 00:27:56 INFO  no build target found for C:\Users\rishi\BIG DATA\SCALA\3D_array.scala. Using presentation compiler with project's scala-library version: 3.3.8
2026.08.11 00:27:56 INFO  no build target found for C:\Users\rishi\BIG DATA\SCALA\3D_array.scala. Using presentation compiler with project's scala-library version: 3.3.8
2026.08.11 00:27:56 INFO  no build target found for C:\Users\rishi\BIG DATA\SCALA\3D_array.scala. Using presentation compiler with project's scala-library version: 3.3.8
2026.08.11 00:27:56 INFO  no build target found for C:\Users\rishi\BIG DATA\SCALA\3D_array.scala. Using presentation compiler with project's scala-library version: 3.3.8
2026.08.11 00:27:57 INFO  no build target found for C:\Users\rishi\BIG DATA\SCALA\3D_array.scala. Using presentation compiler with project's scala-library version: 3.3.8
2026.08.11 00:27:56 INFO  no build target found for C:\Users\rishi\BIG DATA\SCALA\3D_array.scala. Using presentation compiler with project's scala-library version: 3.3.8
Aug 11, 2026 12:27:57 AM org.eclipse.lsp4j.jsonrpc.RemoteEndpoint handleCancellation
WARNING: Unmatched cancel notification for request id 444
2026.08.11 00:27:56 INFO  no build target found for C:\Users\rishi\BIG DATA\SCALA\3D_array.scala. Using presentation compiler with project's scala-library version: 3.3.8
2026.08.11 00:27:56 INFO  no build target found for C:\Users\rishi\BIG DATA\SCALA\3D_array.scala. Using presentation compiler with project's scala-library version: 3.3.8
2026.08.11 00:27:57 INFO  no build target found for C:\Users\rishi\BIG DATA\SCALA\3D_array.scala. Using presentation compiler with project's scala-library version: 3.3.8
2026.08.11 00:27:57 INFO  no build target found for C:\Users\rishi\BIG DATA\SCALA\3D_array.scala. Using presentation compiler with project's scala-library version: 3.3.8
2026.08.11 00:27:57 INFO  no build target found for C:\Users\rishi\BIG DATA\SCALA\3D_array.scala. Using presentation compiler with project's scala-library version: 3.3.8
2026.08.11 00:27:57 INFO  no build target found for C:\Users\rishi\BIG DATA\SCALA\3D_array.scala. Using presentation compiler with project's scala-library version: 3.3.8
2026.08.11 00:27:57 INFO  no build target found for C:\Users\rishi\BIG DATA\SCALA\3D_array.scala. Using presentation compiler with project's scala-library version: 3.3.8
2026.08.11 00:27:57 INFO  no build target found for C:\Users\rishi\BIG DATA\SCALA\3D_array.scala. Using presentation compiler with project's scala-library version: 3.3.8
2026.08.11 00:27:58 INFO  no build target found for C:\Users\rishi\BIG DATA\SCALA\3D_array.scala. Using presentation compiler with project's scala-library version: 3.3.8
2026.08.11 00:27:57 INFO  no build target found for C:\Users\rishi\BIG DATA\SCALA\3D_array.scala. Using presentation compiler with project's scala-library version: 3.3.8
2026.08.11 00:27:58 INFO  no build target found for C:\Users\rishi\BIG DATA\SCALA\3D_array.scala. Using presentation compiler with project's scala-library version: 3.3.8
2026.08.11 00:27:58 INFO  no build target found for C:\Users\rishi\BIG DATA\SCALA\3D_array.scala. Using presentation compiler with project's scala-library version: 3.3.8
2026.08.11 00:27:58 INFO  no build target found for C:\Users\rishi\BIG DATA\SCALA\3D_array.scala. Using presentation compiler with project's scala-library version: 3.3.8
2026.08.11 00:27:58 INFO  no build target found for C:\Users\rishi\BIG DATA\SCALA\3D_array.scala. Using presentation compiler with project's scala-library version: 3.3.8
2026.08.11 00:27:58 INFO  no build target found for C:\Users\rishi\BIG DATA\SCALA\3D_array.scala. Using presentation compiler with project's scala-library version: 3.3.8
2026.08.11 00:27:58 INFO  no build target found for C:\Users\rishi\BIG DATA\SCALA\3D_array.scala. Using presentation compiler with project's scala-library version: 3.3.8
2026.08.11 00:27:58 INFO  no build target found for C:\Users\rishi\BIG DATA\SCALA\3D_array.scala. Using presentation compiler with project's scala-library version: 3.3.8
2026.08.11 00:27:59 INFO  no build target found for C:\Users\rishi\BIG DATA\SCALA\3D_array.scala. Using presentation compiler with project's scala-library version: 3.3.8
2026.08.11 00:27:58 INFO  no build target found for C:\Users\rishi\BIG DATA\SCALA\3D_array.scala. Using presentation compiler with project's scala-library version: 3.3.8
2026.08.11 00:28:09 INFO  no build target found for C:\Users\rishi\BIG DATA\SCALA\3D_array.scala. Using presentation compiler with project's scala-library version: 3.3.8
2026.08.11 00:28:43 INFO  no build target found for C:\Users\rishi\BIG DATA\SCALA\3D_array.scala. Using presentation compiler with project's scala-library version: 3.3.8
2026.08.11 00:28:51 INFO  no build target found for C:\Users\rishi\BIG DATA\SCALA\3D_array.scala. Using presentation compiler with project's scala-library version: 3.3.8
2026.08.11 00:28:51 INFO  no build target found for C:\Users\rishi\BIG DATA\SCALA\3D_array.scala. Using presentation compiler with project's scala-library version: 3.3.8
2026.08.11 00:28:52 INFO  no build target found for C:\Users\rishi\BIG DATA\SCALA\3D_array.scala. Using presentation compiler with project's scala-library version: 3.3.8
2026.08.11 00:28:54 INFO  no build target found for C:\Users\rishi\BIG DATA\SCALA\3D_array.scala. Using presentation compiler with project's scala-library version: 3.3.8
2026.08.11 00:28:54 INFO  no build target found for C:\Users\rishi\BIG DATA\SCALA\3D_array.scala. Using presentation compiler with project's scala-library version: 3.3.8
2026.08.11 00:33:26 INFO  no build target found for C:\Users\rishi\BIG DATA\SCALA\3D_array.scala. Using presentation compiler with project's scala-library version: 3.3.8
2026.08.11 00:33:31 ERROR scala.meta.internal.metals.debug.DiscoveryFailures$BuildTargetNotFoundForPathException: No build target could be found for the path: C:\Users\rishi\BIG DATA\SCALA\3D_array.scala
	at scala.meta.internal.metals.debug.DebugDiscovery.validate(DebugDiscovery.scala:88)
	at scala.meta.internal.metals.debug.DebugDiscovery.debugDiscovery(DebugDiscovery.scala:164)
	at scala.meta.internal.metals.MetalsLspService.$anonfun$debugDiscovery$3(MetalsLspService.scala:1603)
	at scala.meta.internal.metals.MetalsLspService.afterCompilationFinished(MetalsLspService.scala:1598)
	at scala.meta.internal.metals.MetalsLspService.debugDiscovery(MetalsLspService.scala:1603)
	at scala.meta.internal.metals.WorkspaceLspService.executeCommand(WorkspaceLspService.scala:1157)
	at scala.meta.metals.lsp.DelegatingScalaService.executeCommand(DelegatingScalaService.scala:184)
	at jdk.internal.reflect.DirectMethodHandleAccessor.invoke(DirectMethodHandleAccessor.java:104)
	at java.lang.reflect.Method.invoke(Method.java:565)
	at org.eclipse.lsp4j.jsonrpc.services.GenericEndpoint.lambda$recursiveFindRpcMethods$0(GenericEndpoint.java:65)
	at org.eclipse.lsp4j.jsonrpc.services.GenericEndpoint.request(GenericEndpoint.java:128)
	at org.eclipse.lsp4j.jsonrpc.RemoteEndpoint.handleRequest(RemoteEndpoint.java:265)
	at org.eclipse.lsp4j.jsonrpc.RemoteEndpoint.consume(RemoteEndpoint.java:195)
	at org.eclipse.lsp4j.jsonrpc.json.StreamMessageProducer.handleMessage(StreamMessageProducer.java:189)
	at org.eclipse.lsp4j.jsonrpc.json.StreamMessageProducer.listen(StreamMessageProducer.java:97)
	at org.eclipse.lsp4j.jsonrpc.json.ConcurrentMessageProcessor.run(ConcurrentMessageProcessor.java:97)
	at java.util.concurrent.Executors$RunnableAdapter.call(Executors.java:545)
	at java.util.concurrent.FutureTask.run(FutureTask.java:330)
	at java.util.concurrent.ThreadPoolExecutor.runWorker(ThreadPoolExecutor.java:1090)
	at java.util.concurrent.ThreadPoolExecutor$Worker.run(ThreadPoolExecutor.java:614)
	at java.lang.Thread.run(Thread.java:1516)

2026.08.11 00:33:31 INFO  no build target found for C:\Users\rishi\BIG DATA\SCALA\3D_array.scala. Using presentation compiler with project's scala-library version: 3.3.8
2026.08.11 00:33:53 INFO  no build target found for C:\Users\rishi\BIG DATA\SCALA\3D_array.scala. Using presentation compiler with project's scala-library version: 3.3.8
2026.08.11 00:37:00 ERROR scala.meta.internal.metals.debug.DiscoveryFailures$BuildTargetNotFoundForPathException: No build target could be found for the path: C:\Users\rishi\BIG DATA\SCALA\3D_array.scala
	at scala.meta.internal.metals.debug.DebugDiscovery.validate(DebugDiscovery.scala:88)
	at scala.meta.internal.metals.debug.DebugDiscovery.debugDiscovery(DebugDiscovery.scala:164)
	at scala.meta.internal.metals.MetalsLspService.$anonfun$debugDiscovery$3(MetalsLspService.scala:1603)
	at scala.meta.internal.metals.MetalsLspService.afterCompilationFinished(MetalsLspService.scala:1598)
	at scala.meta.internal.metals.MetalsLspService.debugDiscovery(MetalsLspService.scala:1603)
	at scala.meta.internal.metals.WorkspaceLspService.executeCommand(WorkspaceLspService.scala:1157)
	at scala.meta.metals.lsp.DelegatingScalaService.executeCommand(DelegatingScalaService.scala:184)
	at jdk.internal.reflect.DirectMethodHandleAccessor.invoke(DirectMethodHandleAccessor.java:104)
	at java.lang.reflect.Method.invoke(Method.java:565)
	at org.eclipse.lsp4j.jsonrpc.services.GenericEndpoint.lambda$recursiveFindRpcMethods$0(GenericEndpoint.java:65)
	at org.eclipse.lsp4j.jsonrpc.services.GenericEndpoint.request(GenericEndpoint.java:128)
	at org.eclipse.lsp4j.jsonrpc.RemoteEndpoint.handleRequest(RemoteEndpoint.java:265)
	at org.eclipse.lsp4j.jsonrpc.RemoteEndpoint.consume(RemoteEndpoint.java:195)
	at org.eclipse.lsp4j.jsonrpc.json.StreamMessageProducer.handleMessage(StreamMessageProducer.java:189)
	at org.eclipse.lsp4j.jsonrpc.json.StreamMessageProducer.listen(StreamMessageProducer.java:97)
	at org.eclipse.lsp4j.jsonrpc.json.ConcurrentMessageProcessor.run(ConcurrentMessageProcessor.java:97)
	at java.util.concurrent.Executors$RunnableAdapter.call(Executors.java:545)
	at java.util.concurrent.FutureTask.run(FutureTask.java:330)
	at java.util.concurrent.ThreadPoolExecutor.runWorker(ThreadPoolExecutor.java:1090)
	at java.util.concurrent.ThreadPoolExecutor$Worker.run(ThreadPoolExecutor.java:614)
	at java.lang.Thread.run(Thread.java:1516)

2026.08.11 00:37:00 INFO  no build target found for C:\Users\rishi\BIG DATA\SCALA\3D_array.scala. Using presentation compiler with project's scala-library version: 3.3.8
2026.08.11 00:37:00 INFO  no build target found for C:\Users\rishi\BIG DATA\SCALA\3D_array.scala. Using presentation compiler with project's scala-library version: 3.3.8
2026.08.11 00:37:03 INFO  no build target found for C:\Users\rishi\BIG DATA\SCALA\3D_array.scala. Using presentation compiler with project's scala-library version: 3.3.8
2026.08.11 00:37:22 INFO  no build target found for C:\Users\rishi\BIG DATA\SCALA\3D_array.scala. Using presentation compiler with project's scala-library version: 3.3.8
2026.08.11 00:37:24 INFO  no build target found for C:\Users\rishi\BIG DATA\SCALA\3D_array.scala. Using presentation compiler with project's scala-library version: 3.3.8
2026.08.11 00:37:28 ERROR scala.meta.internal.metals.debug.DiscoveryFailures$BuildTargetNotFoundForPathException: No build target could be found for the path: C:\Users\rishi\BIG DATA\SCALA\3D_array.scala
	at scala.meta.internal.metals.debug.DebugDiscovery.validate(DebugDiscovery.scala:88)
	at scala.meta.internal.metals.debug.DebugDiscovery.debugDiscovery(DebugDiscovery.scala:164)
	at scala.meta.internal.metals.MetalsLspService.$anonfun$debugDiscovery$3(MetalsLspService.scala:1603)
	at scala.meta.internal.metals.MetalsLspService.afterCompilationFinished(MetalsLspService.scala:1598)
	at scala.meta.internal.metals.MetalsLspService.debugDiscovery(MetalsLspService.scala:1603)
	at scala.meta.internal.metals.WorkspaceLspService.executeCommand(WorkspaceLspService.scala:1157)
	at scala.meta.metals.lsp.DelegatingScalaService.executeCommand(DelegatingScalaService.scala:184)
	at jdk.internal.reflect.DirectMethodHandleAccessor.invoke(DirectMethodHandleAccessor.java:104)
	at java.lang.reflect.Method.invoke(Method.java:565)
	at org.eclipse.lsp4j.jsonrpc.services.GenericEndpoint.lambda$recursiveFindRpcMethods$0(GenericEndpoint.java:65)
	at org.eclipse.lsp4j.jsonrpc.services.GenericEndpoint.request(GenericEndpoint.java:128)
	at org.eclipse.lsp4j.jsonrpc.RemoteEndpoint.handleRequest(RemoteEndpoint.java:265)
	at org.eclipse.lsp4j.jsonrpc.RemoteEndpoint.consume(RemoteEndpoint.java:195)
	at org.eclipse.lsp4j.jsonrpc.json.StreamMessageProducer.handleMessage(StreamMessageProducer.java:189)
	at org.eclipse.lsp4j.jsonrpc.json.StreamMessageProducer.listen(StreamMessageProducer.java:97)
	at org.eclipse.lsp4j.jsonrpc.json.ConcurrentMessageProcessor.run(ConcurrentMessageProcessor.java:97)
	at java.util.concurrent.Executors$RunnableAdapter.call(Executors.java:545)
	at java.util.concurrent.FutureTask.run(FutureTask.java:330)
	at java.util.concurrent.ThreadPoolExecutor.runWorker(ThreadPoolExecutor.java:1090)
	at java.util.concurrent.ThreadPoolExecutor$Worker.run(ThreadPoolExecutor.java:614)
	at java.lang.Thread.run(Thread.java:1516)

2026.08.11 00:37:36 ERROR scala.meta.internal.metals.debug.DiscoveryFailures$BuildTargetNotFoundForPathException: No build target could be found for the path: C:\Users\rishi\BIG DATA\SCALA\3D_array.scala
	at scala.meta.internal.metals.debug.DebugDiscovery.validate(DebugDiscovery.scala:88)
	at scala.meta.internal.metals.debug.DebugDiscovery.debugDiscovery(DebugDiscovery.scala:164)
	at scala.meta.internal.metals.MetalsLspService.$anonfun$debugDiscovery$3(MetalsLspService.scala:1603)
	at scala.meta.internal.metals.MetalsLspService.afterCompilationFinished(MetalsLspService.scala:1598)
	at scala.meta.internal.metals.MetalsLspService.debugDiscovery(MetalsLspService.scala:1603)
	at scala.meta.internal.metals.WorkspaceLspService.executeCommand(WorkspaceLspService.scala:1157)
	at scala.meta.metals.lsp.DelegatingScalaService.executeCommand(DelegatingScalaService.scala:184)
	at jdk.internal.reflect.DirectMethodHandleAccessor.invoke(DirectMethodHandleAccessor.java:104)
	at java.lang.reflect.Method.invoke(Method.java:565)
	at org.eclipse.lsp4j.jsonrpc.services.GenericEndpoint.lambda$recursiveFindRpcMethods$0(GenericEndpoint.java:65)
	at org.eclipse.lsp4j.jsonrpc.services.GenericEndpoint.request(GenericEndpoint.java:128)
	at org.eclipse.lsp4j.jsonrpc.RemoteEndpoint.handleRequest(RemoteEndpoint.java:265)
	at org.eclipse.lsp4j.jsonrpc.RemoteEndpoint.consume(RemoteEndpoint.java:195)
	at org.eclipse.lsp4j.jsonrpc.json.StreamMessageProducer.handleMessage(StreamMessageProducer.java:189)
	at org.eclipse.lsp4j.jsonrpc.json.StreamMessageProducer.listen(StreamMessageProducer.java:97)
	at org.eclipse.lsp4j.jsonrpc.json.ConcurrentMessageProcessor.run(ConcurrentMessageProcessor.java:97)
	at java.util.concurrent.Executors$RunnableAdapter.call(Executors.java:545)
	at java.util.concurrent.FutureTask.run(FutureTask.java:330)
	at java.util.concurrent.ThreadPoolExecutor.runWorker(ThreadPoolExecutor.java:1090)
	at java.util.concurrent.ThreadPoolExecutor$Worker.run(ThreadPoolExecutor.java:614)
	at java.lang.Thread.run(Thread.java:1516)

2026.08.11 00:37:37 INFO  no build target found for C:\Users\rishi\BIG DATA\SCALA\3D_array.scala. Using presentation compiler with project's scala-library version: 3.3.8
2026.08.11 00:37:37 INFO  no build target found for C:\Users\rishi\BIG DATA\SCALA\3D_array.scala. Using presentation compiler with project's scala-library version: 3.3.8
2026.08.11 00:38:10 INFO  no build target found for C:\Users\rishi\BIG DATA\SCALA\3D_array.scala. Using presentation compiler with project's scala-library version: 3.3.8
2026.08.11 00:38:34 ERROR scala.meta.internal.metals.debug.DiscoveryFailures$BuildTargetNotFoundForPathException: No build target could be found for the path: C:\Users\rishi\BIG DATA\SCALA\3D_array.scala
	at scala.meta.internal.metals.debug.DebugDiscovery.validate(DebugDiscovery.scala:88)
	at scala.meta.internal.metals.debug.DebugDiscovery.debugDiscovery(DebugDiscovery.scala:164)
	at scala.meta.internal.metals.debug.DebugDiscovery.runCommandDiscovery(DebugDiscovery.scala:66)
	at scala.meta.internal.metals.MetalsLspService.$anonfun$discoverMainClasses$1(MetalsLspService.scala:1641)
	at scala.meta.internal.metals.MetalsLspService.afterCompilationFinished(MetalsLspService.scala:1598)
	at scala.meta.internal.metals.MetalsLspService.discoverMainClasses(MetalsLspService.scala:1641)
	at scala.meta.internal.metals.WorkspaceLspService.executeCommand(WorkspaceLspService.scala:943)
	at scala.meta.metals.lsp.DelegatingScalaService.executeCommand(DelegatingScalaService.scala:184)
	at jdk.internal.reflect.DirectMethodHandleAccessor.invoke(DirectMethodHandleAccessor.java:104)
	at java.lang.reflect.Method.invoke(Method.java:565)
	at org.eclipse.lsp4j.jsonrpc.services.GenericEndpoint.lambda$recursiveFindRpcMethods$0(GenericEndpoint.java:65)
	at org.eclipse.lsp4j.jsonrpc.services.GenericEndpoint.request(GenericEndpoint.java:128)
	at org.eclipse.lsp4j.jsonrpc.RemoteEndpoint.handleRequest(RemoteEndpoint.java:265)
	at org.eclipse.lsp4j.jsonrpc.RemoteEndpoint.consume(RemoteEndpoint.java:195)
	at org.eclipse.lsp4j.jsonrpc.json.StreamMessageProducer.handleMessage(StreamMessageProducer.java:189)
	at org.eclipse.lsp4j.jsonrpc.json.StreamMessageProducer.listen(StreamMessageProducer.java:97)
	at org.eclipse.lsp4j.jsonrpc.json.ConcurrentMessageProcessor.run(ConcurrentMessageProcessor.java:97)
	at java.util.concurrent.Executors$RunnableAdapter.call(Executors.java:545)
	at java.util.concurrent.FutureTask.run(FutureTask.java:330)
	at java.util.concurrent.ThreadPoolExecutor.runWorker(ThreadPoolExecutor.java:1090)
	at java.util.concurrent.ThreadPoolExecutor$Worker.run(ThreadPoolExecutor.java:614)
	at java.lang.Thread.run(Thread.java:1516)

2026.08.11 00:38:34 INFO  no build target found for C:\Users\rishi\BIG DATA\SCALA\3D_array.scala. Using presentation compiler with project's scala-library version: 3.3.8
2026.08.11 00:38:45 ERROR scala.meta.internal.metals.debug.DiscoveryFailures$BuildTargetNotFoundForPathException: No build target could be found for the path: C:\Users\rishi\BIG DATA\SCALA\3D_array.scala
	at scala.meta.internal.metals.debug.DebugDiscovery.validate(DebugDiscovery.scala:88)
	at scala.meta.internal.metals.debug.DebugDiscovery.debugDiscovery(DebugDiscovery.scala:164)
	at scala.meta.internal.metals.MetalsLspService.$anonfun$debugDiscovery$3(MetalsLspService.scala:1603)
	at scala.meta.internal.metals.MetalsLspService.afterCompilationFinished(MetalsLspService.scala:1598)
	at scala.meta.internal.metals.MetalsLspService.debugDiscovery(MetalsLspService.scala:1603)
	at scala.meta.internal.metals.WorkspaceLspService.executeCommand(WorkspaceLspService.scala:1157)
	at scala.meta.metals.lsp.DelegatingScalaService.executeCommand(DelegatingScalaService.scala:184)
	at jdk.internal.reflect.DirectMethodHandleAccessor.invoke(DirectMethodHandleAccessor.java:104)
	at java.lang.reflect.Method.invoke(Method.java:565)
	at org.eclipse.lsp4j.jsonrpc.services.GenericEndpoint.lambda$recursiveFindRpcMethods$0(GenericEndpoint.java:65)
	at org.eclipse.lsp4j.jsonrpc.services.GenericEndpoint.request(GenericEndpoint.java:128)
	at org.eclipse.lsp4j.jsonrpc.RemoteEndpoint.handleRequest(RemoteEndpoint.java:265)
	at org.eclipse.lsp4j.jsonrpc.RemoteEndpoint.consume(RemoteEndpoint.java:195)
	at org.eclipse.lsp4j.jsonrpc.json.StreamMessageProducer.handleMessage(StreamMessageProducer.java:189)
	at org.eclipse.lsp4j.jsonrpc.json.StreamMessageProducer.listen(StreamMessageProducer.java:97)
	at org.eclipse.lsp4j.jsonrpc.json.ConcurrentMessageProcessor.run(ConcurrentMessageProcessor.java:97)
	at java.util.concurrent.Executors$RunnableAdapter.call(Executors.java:545)
	at java.util.concurrent.FutureTask.run(FutureTask.java:330)
	at java.util.concurrent.ThreadPoolExecutor.runWorker(ThreadPoolExecutor.java:1090)
	at java.util.concurrent.ThreadPoolExecutor$Worker.run(ThreadPoolExecutor.java:614)
	at java.lang.Thread.run(Thread.java:1516)

2026.08.11 00:42:00 WARN  no build target for: C:\Users\rishi\BIG DATA\SCALA\3D_array.scala
2026.08.11 00:42:00 INFO  no build target found for C:\Users\rishi\BIG DATA\SCALA\3D_array.scala. Using presentation compiler with project's scala-library version: 3.3.8
2026.08.11 00:42:00 INFO  no build target found for C:\Users\rishi\BIG DATA\SCALA\3D_array.scala. Using presentation compiler with project's scala-library version: 3.3.8
2026.08.11 00:42:06 INFO  no build target found for C:\Users\rishi\BIG DATA\SCALA\3D_array.scala. Using presentation compiler with project's scala-library version: 3.3.8
2026.08.11 00:42:09 ERROR scala.meta.internal.metals.debug.DiscoveryFailures$BuildTargetNotFoundForPathException: No build target could be found for the path: C:\Users\rishi\BIG DATA\SCALA\3D_array.scala
	at scala.meta.internal.metals.debug.DebugDiscovery.validate(DebugDiscovery.scala:88)
	at scala.meta.internal.metals.debug.DebugDiscovery.debugDiscovery(DebugDiscovery.scala:164)
	at scala.meta.internal.metals.debug.DebugDiscovery.runCommandDiscovery(DebugDiscovery.scala:66)
	at scala.meta.internal.metals.MetalsLspService.$anonfun$discoverMainClasses$1(MetalsLspService.scala:1641)
	at scala.meta.internal.metals.MetalsLspService.afterCompilationFinished(MetalsLspService.scala:1598)
	at scala.meta.internal.metals.MetalsLspService.discoverMainClasses(MetalsLspService.scala:1641)
	at scala.meta.internal.metals.WorkspaceLspService.executeCommand(WorkspaceLspService.scala:943)
	at scala.meta.metals.lsp.DelegatingScalaService.executeCommand(DelegatingScalaService.scala:184)
	at jdk.internal.reflect.DirectMethodHandleAccessor.invoke(DirectMethodHandleAccessor.java:104)
	at java.lang.reflect.Method.invoke(Method.java:565)
	at org.eclipse.lsp4j.jsonrpc.services.GenericEndpoint.lambda$recursiveFindRpcMethods$0(GenericEndpoint.java:65)
	at org.eclipse.lsp4j.jsonrpc.services.GenericEndpoint.request(GenericEndpoint.java:128)
	at org.eclipse.lsp4j.jsonrpc.RemoteEndpoint.handleRequest(RemoteEndpoint.java:265)
	at org.eclipse.lsp4j.jsonrpc.RemoteEndpoint.consume(RemoteEndpoint.java:195)
	at org.eclipse.lsp4j.jsonrpc.json.StreamMessageProducer.handleMessage(StreamMessageProducer.java:189)
	at org.eclipse.lsp4j.jsonrpc.json.StreamMessageProducer.listen(StreamMessageProducer.java:97)
	at org.eclipse.lsp4j.jsonrpc.json.ConcurrentMessageProcessor.run(ConcurrentMessageProcessor.java:97)
	at java.util.concurrent.Executors$RunnableAdapter.call(Executors.java:545)
	at java.util.concurrent.FutureTask.run(FutureTask.java:330)
	at java.util.concurrent.ThreadPoolExecutor.runWorker(ThreadPoolExecutor.java:1090)
	at java.util.concurrent.ThreadPoolExecutor$Worker.run(ThreadPoolExecutor.java:614)
	at java.lang.Thread.run(Thread.java:1516)

2026.08.11 00:47:21 ERROR scala.meta.internal.metals.debug.DiscoveryFailures$BuildTargetNotFoundForPathException: No build target could be found for the path: C:\Users\rishi\BIG DATA\SCALA\3D_array.scala
	at scala.meta.internal.metals.debug.DebugDiscovery.validate(DebugDiscovery.scala:88)
	at scala.meta.internal.metals.debug.DebugDiscovery.debugDiscovery(DebugDiscovery.scala:164)
	at scala.meta.internal.metals.MetalsLspService.$anonfun$debugDiscovery$3(MetalsLspService.scala:1603)
	at scala.meta.internal.metals.MetalsLspService.afterCompilationFinished(MetalsLspService.scala:1598)
	at scala.meta.internal.metals.MetalsLspService.debugDiscovery(MetalsLspService.scala:1603)
	at scala.meta.internal.metals.WorkspaceLspService.executeCommand(WorkspaceLspService.scala:1157)
	at scala.meta.metals.lsp.DelegatingScalaService.executeCommand(DelegatingScalaService.scala:184)
	at jdk.internal.reflect.DirectMethodHandleAccessor.invoke(DirectMethodHandleAccessor.java:104)
	at java.lang.reflect.Method.invoke(Method.java:565)
	at org.eclipse.lsp4j.jsonrpc.services.GenericEndpoint.lambda$recursiveFindRpcMethods$0(GenericEndpoint.java:65)
	at org.eclipse.lsp4j.jsonrpc.services.GenericEndpoint.request(GenericEndpoint.java:128)
	at org.eclipse.lsp4j.jsonrpc.RemoteEndpoint.handleRequest(RemoteEndpoint.java:265)
	at org.eclipse.lsp4j.jsonrpc.RemoteEndpoint.consume(RemoteEndpoint.java:195)
	at org.eclipse.lsp4j.jsonrpc.json.StreamMessageProducer.handleMessage(StreamMessageProducer.java:189)
	at org.eclipse.lsp4j.jsonrpc.json.StreamMessageProducer.listen(StreamMessageProducer.java:97)
	at org.eclipse.lsp4j.jsonrpc.json.ConcurrentMessageProcessor.run(ConcurrentMessageProcessor.java:97)
	at java.util.concurrent.Executors$RunnableAdapter.call(Executors.java:545)
	at java.util.concurrent.FutureTask.run(FutureTask.java:330)
	at java.util.concurrent.ThreadPoolExecutor.runWorker(ThreadPoolExecutor.java:1090)
	at java.util.concurrent.ThreadPoolExecutor$Worker.run(ThreadPoolExecutor.java:614)
	at java.lang.Thread.run(Thread.java:1516)

2026.08.11 00:48:49 INFO  no build target found for C:\Users\rishi\BIG DATA\SCALA\3D_array.scala. Using presentation compiler with project's scala-library version: 3.3.8
2026.08.11 00:48:49 WARN  no build target for: C:\Users\rishi\BIG DATA\SCALA\3D_array.scala
2026.08.11 00:48:49 INFO  no build target found for C:\Users\rishi\BIG DATA\SCALA\3D_array.scala. Using presentation compiler with project's scala-library version: 3.3.8
2026.08.11 00:48:51 INFO  no build target found for C:\Users\rishi\BIG DATA\SCALA\3D_array.scala. Using presentation compiler with project's scala-library version: 3.3.8
2026.08.11 00:48:51 INFO  no build target found for C:\Users\rishi\BIG DATA\SCALA\3D_array.scala. Using presentation compiler with project's scala-library version: 3.3.8
2026.08.11 00:48:55 INFO  no build target found for C:\Users\rishi\BIG DATA\SCALA\3D_array.scala. Using presentation compiler with project's scala-library version: 3.3.8
2026.08.11 00:48:55 INFO  no build target found for C:\Users\rishi\BIG DATA\SCALA\3D_array.scala. Using presentation compiler with project's scala-library version: 3.3.8
Aug 11, 2026 12:50:11 AM org.eclipse.lsp4j.jsonrpc.RemoteEndpoint handleNotification
WARNING: Notification threw an exception: {
  "jsonrpc": "2.0",
  "method": "metals/didFocusTextDocument",
  "params": [
    "untitled:Untitled-5"
  ]
}
java.nio.file.FileSystemNotFoundException: Provider "untitled" not installed
	at java.base/java.nio.file.Path.of(Path.java:210)
	at java.base/java.nio.file.Paths.get(Paths.java:95)
	at scala.meta.internal.mtags.MtagsEnrichments$XtensionURIMtags.toAbsolutePath(MtagsEnrichments.scala:149)
	at scala.meta.internal.mtags.MtagsEnrichments$XtensionStringMtags.toAbsolutePath(MtagsEnrichments.scala:221)
	at scala.meta.internal.metals.MetalsEnrichments$XtensionString.toAbsolutePath(MetalsEnrichments.scala:787)
	at scala.meta.internal.metals.MetalsEnrichments$XtensionString.toAbsolutePath(MetalsEnrichments.scala:784)
	at scala.meta.internal.metals.WorkspaceLspService.didFocus(WorkspaceLspService.scala:808)
	at scala.meta.metals.lsp.DelegatingScalaService.didFocus(DelegatingScalaService.scala:42)
	at java.base/jdk.internal.reflect.DirectMethodHandleAccessor.invoke(DirectMethodHandleAccessor.java:104)
	at java.base/java.lang.reflect.Method.invoke(Method.java:565)
	at org.eclipse.lsp4j.jsonrpc.services.GenericEndpoint.lambda$recursiveFindRpcMethods$0(GenericEndpoint.java:65)
	at org.eclipse.lsp4j.jsonrpc.services.GenericEndpoint.notify(GenericEndpoint.java:160)
	at org.eclipse.lsp4j.jsonrpc.RemoteEndpoint.handleNotification(RemoteEndpoint.java:225)
	at org.eclipse.lsp4j.jsonrpc.RemoteEndpoint.consume(RemoteEndpoint.java:192)
	at org.eclipse.lsp4j.jsonrpc.json.StreamMessageProducer.handleMessage(StreamMessageProducer.java:189)
	at org.eclipse.lsp4j.jsonrpc.json.StreamMessageProducer.listen(StreamMessageProducer.java:97)
	at org.eclipse.lsp4j.jsonrpc.json.ConcurrentMessageProcessor.run(ConcurrentMessageProcessor.java:97)
	at java.base/java.util.concurrent.Executors$RunnableAdapter.call(Executors.java:545)
	at java.base/java.util.concurrent.FutureTask.run(FutureTask.java:330)
	at java.base/java.util.concurrent.ThreadPoolExecutor.runWorker(ThreadPoolExecutor.java:1090)
	at java.base/java.util.concurrent.ThreadPoolExecutor$Worker.run(ThreadPoolExecutor.java:614)
	at java.base/java.lang.Thread.run(Thread.java:1516)

2026.08.11 00:50:22 INFO  no build target found for C:\Users\rishi\BIG DATA\SCALA\Min_Max.scala. Using presentation compiler with project's scala-library version: 3.3.8
2026.08.11 00:50:24 INFO  no build target found for C:\Users\rishi\BIG DATA\SCALA\Min_Max.scala. Using presentation compiler with project's scala-library version: 3.3.8
2026.08.11 00:50:24 INFO  no build target found for C:\Users\rishi\BIG DATA\SCALA\Min_Max.scala. Using presentation compiler with project's scala-library version: 3.3.8
2026.08.11 00:50:25 INFO  no build target found for C:\Users\rishi\BIG DATA\SCALA\Min_Max.scala. Using presentation compiler with project's scala-library version: 3.3.8
2026.08.11 00:50:25 INFO  no build target found for C:\Users\rishi\BIG DATA\SCALA\Min_Max.scala. Using presentation compiler with project's scala-library version: 3.3.8
2026.08.11 00:50:30 ERROR scala.meta.internal.metals.debug.DiscoveryFailures$BuildTargetNotFoundForPathException: No build target could be found for the path: C:\Users\rishi\BIG DATA\SCALA\Min_Max.scala
	at scala.meta.internal.metals.debug.DebugDiscovery.validate(DebugDiscovery.scala:88)
	at scala.meta.internal.metals.debug.DebugDiscovery.debugDiscovery(DebugDiscovery.scala:164)
	at scala.meta.internal.metals.MetalsLspService.$anonfun$debugDiscovery$3(MetalsLspService.scala:1603)
	at scala.meta.internal.metals.MetalsLspService.afterCompilationFinished(MetalsLspService.scala:1598)
	at scala.meta.internal.metals.MetalsLspService.debugDiscovery(MetalsLspService.scala:1603)
	at scala.meta.internal.metals.WorkspaceLspService.executeCommand(WorkspaceLspService.scala:1157)
	at scala.meta.metals.lsp.DelegatingScalaService.executeCommand(DelegatingScalaService.scala:184)
	at jdk.internal.reflect.DirectMethodHandleAccessor.invoke(DirectMethodHandleAccessor.java:104)
	at java.lang.reflect.Method.invoke(Method.java:565)
	at org.eclipse.lsp4j.jsonrpc.services.GenericEndpoint.lambda$recursiveFindRpcMethods$0(GenericEndpoint.java:65)
	at org.eclipse.lsp4j.jsonrpc.services.GenericEndpoint.request(GenericEndpoint.java:128)
	at org.eclipse.lsp4j.jsonrpc.RemoteEndpoint.handleRequest(RemoteEndpoint.java:265)
	at org.eclipse.lsp4j.jsonrpc.RemoteEndpoint.consume(RemoteEndpoint.java:195)
	at org.eclipse.lsp4j.jsonrpc.json.StreamMessageProducer.handleMessage(StreamMessageProducer.java:189)
	at org.eclipse.lsp4j.jsonrpc.json.StreamMessageProducer.listen(StreamMessageProducer.java:97)
	at org.eclipse.lsp4j.jsonrpc.json.ConcurrentMessageProcessor.run(ConcurrentMessageProcessor.java:97)
	at java.util.concurrent.Executors$RunnableAdapter.call(Executors.java:545)
	at java.util.concurrent.FutureTask.run(FutureTask.java:330)
	at java.util.concurrent.ThreadPoolExecutor.runWorker(ThreadPoolExecutor.java:1090)
	at java.util.concurrent.ThreadPoolExecutor$Worker.run(ThreadPoolExecutor.java:614)
	at java.lang.Thread.run(Thread.java:1516)

2026.08.11 00:51:33 ERROR scala.meta.internal.metals.debug.DiscoveryFailures$BuildTargetNotFoundForPathException: No build target could be found for the path: C:\Users\rishi\BIG DATA\SCALA\Min_Max.scala
	at scala.meta.internal.metals.debug.DebugDiscovery.validate(DebugDiscovery.scala:88)
	at scala.meta.internal.metals.debug.DebugDiscovery.debugDiscovery(DebugDiscovery.scala:164)
	at scala.meta.internal.metals.debug.DebugDiscovery.runCommandDiscovery(DebugDiscovery.scala:66)
	at scala.meta.internal.metals.MetalsLspService.$anonfun$discoverMainClasses$1(MetalsLspService.scala:1641)
	at scala.meta.internal.metals.MetalsLspService.afterCompilationFinished(MetalsLspService.scala:1598)
	at scala.meta.internal.metals.MetalsLspService.discoverMainClasses(MetalsLspService.scala:1641)
	at scala.meta.internal.metals.WorkspaceLspService.executeCommand(WorkspaceLspService.scala:943)
	at scala.meta.metals.lsp.DelegatingScalaService.executeCommand(DelegatingScalaService.scala:184)
	at jdk.internal.reflect.DirectMethodHandleAccessor.invoke(DirectMethodHandleAccessor.java:104)
	at java.lang.reflect.Method.invoke(Method.java:565)
	at org.eclipse.lsp4j.jsonrpc.services.GenericEndpoint.lambda$recursiveFindRpcMethods$0(GenericEndpoint.java:65)
	at org.eclipse.lsp4j.jsonrpc.services.GenericEndpoint.request(GenericEndpoint.java:128)
	at org.eclipse.lsp4j.jsonrpc.RemoteEndpoint.handleRequest(RemoteEndpoint.java:265)
	at org.eclipse.lsp4j.jsonrpc.RemoteEndpoint.consume(RemoteEndpoint.java:195)
	at org.eclipse.lsp4j.jsonrpc.json.StreamMessageProducer.handleMessage(StreamMessageProducer.java:189)
	at org.eclipse.lsp4j.jsonrpc.json.StreamMessageProducer.listen(StreamMessageProducer.java:97)
	at org.eclipse.lsp4j.jsonrpc.json.ConcurrentMessageProcessor.run(ConcurrentMessageProcessor.java:97)
	at java.util.concurrent.Executors$RunnableAdapter.call(Executors.java:545)
	at java.util.concurrent.FutureTask.run(FutureTask.java:330)
	at java.util.concurrent.ThreadPoolExecutor.runWorker(ThreadPoolExecutor.java:1090)
	at java.util.concurrent.ThreadPoolExecutor$Worker.run(ThreadPoolExecutor.java:614)
	at java.lang.Thread.run(Thread.java:1516)

2026.08.11 00:51:33 ERROR scala.meta.internal.metals.debug.DiscoveryFailures$BuildTargetNotFoundForPathException: No build target could be found for the path: C:\Users\rishi\BIG DATA\SCALA\Min_Max.scala
	at scala.meta.internal.metals.debug.DebugDiscovery.validate(DebugDiscovery.scala:88)
	at scala.meta.internal.metals.debug.DebugDiscovery.debugDiscovery(DebugDiscovery.scala:164)
	at scala.meta.internal.metals.MetalsLspService.$anonfun$debugDiscovery$3(MetalsLspService.scala:1603)
	at scala.meta.internal.metals.MetalsLspService.afterCompilationFinished(MetalsLspService.scala:1598)
	at scala.meta.internal.metals.MetalsLspService.debugDiscovery(MetalsLspService.scala:1603)
	at scala.meta.internal.metals.WorkspaceLspService.executeCommand(WorkspaceLspService.scala:1157)
	at scala.meta.metals.lsp.DelegatingScalaService.executeCommand(DelegatingScalaService.scala:184)
	at jdk.internal.reflect.DirectMethodHandleAccessor.invoke(DirectMethodHandleAccessor.java:104)
	at java.lang.reflect.Method.invoke(Method.java:565)
	at org.eclipse.lsp4j.jsonrpc.services.GenericEndpoint.lambda$recursiveFindRpcMethods$0(GenericEndpoint.java:65)
	at org.eclipse.lsp4j.jsonrpc.services.GenericEndpoint.request(GenericEndpoint.java:128)
	at org.eclipse.lsp4j.jsonrpc.RemoteEndpoint.handleRequest(RemoteEndpoint.java:265)
	at org.eclipse.lsp4j.jsonrpc.RemoteEndpoint.consume(RemoteEndpoint.java:195)
	at org.eclipse.lsp4j.jsonrpc.json.StreamMessageProducer.handleMessage(StreamMessageProducer.java:189)
	at org.eclipse.lsp4j.jsonrpc.json.StreamMessageProducer.listen(StreamMessageProducer.java:97)
	at org.eclipse.lsp4j.jsonrpc.json.ConcurrentMessageProcessor.run(ConcurrentMessageProcessor.java:97)
	at java.util.concurrent.Executors$RunnableAdapter.call(Executors.java:545)
	at java.util.concurrent.FutureTask.run(FutureTask.java:330)
	at java.util.concurrent.ThreadPoolExecutor.runWorker(ThreadPoolExecutor.java:1090)
	at java.util.concurrent.ThreadPoolExecutor$Worker.run(ThreadPoolExecutor.java:614)
	at java.lang.Thread.run(Thread.java:1516)

Aug 11, 2026 12:51:48 AM org.eclipse.lsp4j.jsonrpc.RemoteEndpoint handleNotification
WARNING: Notification threw an exception: {
  "jsonrpc": "2.0",
  "method": "metals/didFocusTextDocument",
  "params": [
    "untitled:Untitled-5"
  ]
}
java.nio.file.FileSystemNotFoundException: Provider "untitled" not installed
	at java.base/java.nio.file.Path.of(Path.java:210)
	at java.base/java.nio.file.Paths.get(Paths.java:95)
	at scala.meta.internal.mtags.MtagsEnrichments$XtensionURIMtags.toAbsolutePath(MtagsEnrichments.scala:149)
	at scala.meta.internal.mtags.MtagsEnrichments$XtensionStringMtags.toAbsolutePath(MtagsEnrichments.scala:221)
	at scala.meta.internal.metals.MetalsEnrichments$XtensionString.toAbsolutePath(MetalsEnrichments.scala:787)
	at scala.meta.internal.metals.MetalsEnrichments$XtensionString.toAbsolutePath(MetalsEnrichments.scala:784)
	at scala.meta.internal.metals.WorkspaceLspService.didFocus(WorkspaceLspService.scala:808)
	at scala.meta.metals.lsp.DelegatingScalaService.didFocus(DelegatingScalaService.scala:42)
	at java.base/jdk.internal.reflect.DirectMethodHandleAccessor.invoke(DirectMethodHandleAccessor.java:104)
	at java.base/java.lang.reflect.Method.invoke(Method.java:565)
	at org.eclipse.lsp4j.jsonrpc.services.GenericEndpoint.lambda$recursiveFindRpcMethods$0(GenericEndpoint.java:65)
	at org.eclipse.lsp4j.jsonrpc.services.GenericEndpoint.notify(GenericEndpoint.java:160)
	at org.eclipse.lsp4j.jsonrpc.RemoteEndpoint.handleNotification(RemoteEndpoint.java:225)
	at org.eclipse.lsp4j.jsonrpc.RemoteEndpoint.consume(RemoteEndpoint.java:192)
	at org.eclipse.lsp4j.jsonrpc.json.StreamMessageProducer.handleMessage(StreamMessageProducer.java:189)
	at org.eclipse.lsp4j.jsonrpc.json.StreamMessageProducer.listen(StreamMessageProducer.java:97)
	at org.eclipse.lsp4j.jsonrpc.json.ConcurrentMessageProcessor.run(ConcurrentMessageProcessor.java:97)
	at java.base/java.util.concurrent.Executors$RunnableAdapter.call(Executors.java:545)
	at java.base/java.util.concurrent.FutureTask.run(FutureTask.java:330)
	at java.base/java.util.concurrent.ThreadPoolExecutor.runWorker(ThreadPoolExecutor.java:1090)
	at java.base/java.util.concurrent.ThreadPoolExecutor$Worker.run(ThreadPoolExecutor.java:614)
	at java.base/java.lang.Thread.run(Thread.java:1516)

2026.08.11 00:51:54 INFO  no build target found for C:\Users\rishi\BIG DATA\SCALA\Min_Max.scala. Using presentation compiler with project's scala-library version: 3.3.8
2026.08.11 00:51:54 WARN  no build target for: C:\Users\rishi\BIG DATA\SCALA\Min_Max.scala
2026.08.11 00:51:54 INFO  no build target found for C:\Users\rishi\BIG DATA\SCALA\Min_Max.scala. Using presentation compiler with project's scala-library version: 3.3.8
2026.08.11 00:51:54 INFO  no build target found for C:\Users\rishi\BIG DATA\SCALA\Min_Max.scala. Using presentation compiler with project's scala-library version: 3.3.8
2026.08.11 00:51:54 INFO  no build target found for C:\Users\rishi\BIG DATA\SCALA\Min_Max.scala. Using presentation compiler with project's scala-library version: 3.3.8
Aug 11, 2026 12:51:56 AM org.eclipse.lsp4j.jsonrpc.RemoteEndpoint handleNotification
WARNING: Notification threw an exception: {
  "jsonrpc": "2.0",
  "method": "metals/didFocusTextDocument",
  "params": [
    "untitled:Untitled-3"
  ]
}
java.nio.file.FileSystemNotFoundException: Provider "untitled" not installed
	at java.base/java.nio.file.Path.of(Path.java:210)
	at java.base/java.nio.file.Paths.get(Paths.java:95)
	at scala.meta.internal.mtags.MtagsEnrichments$XtensionURIMtags.toAbsolutePath(MtagsEnrichments.scala:149)
	at scala.meta.internal.mtags.MtagsEnrichments$XtensionStringMtags.toAbsolutePath(MtagsEnrichments.scala:221)
	at scala.meta.internal.metals.MetalsEnrichments$XtensionString.toAbsolutePath(MetalsEnrichments.scala:787)
	at scala.meta.internal.metals.MetalsEnrichments$XtensionString.toAbsolutePath(MetalsEnrichments.scala:784)
	at scala.meta.internal.metals.WorkspaceLspService.didFocus(WorkspaceLspService.scala:808)
	at scala.meta.metals.lsp.DelegatingScalaService.didFocus(DelegatingScalaService.scala:42)
	at java.base/jdk.internal.reflect.DirectMethodHandleAccessor.invoke(DirectMethodHandleAccessor.java:104)
	at java.base/java.lang.reflect.Method.invoke(Method.java:565)
	at org.eclipse.lsp4j.jsonrpc.services.GenericEndpoint.lambda$recursiveFindRpcMethods$0(GenericEndpoint.java:65)
	at org.eclipse.lsp4j.jsonrpc.services.GenericEndpoint.notify(GenericEndpoint.java:160)
	at org.eclipse.lsp4j.jsonrpc.RemoteEndpoint.handleNotification(RemoteEndpoint.java:225)
	at org.eclipse.lsp4j.jsonrpc.RemoteEndpoint.consume(RemoteEndpoint.java:192)
	at org.eclipse.lsp4j.jsonrpc.json.StreamMessageProducer.handleMessage(StreamMessageProducer.java:189)
	at org.eclipse.lsp4j.jsonrpc.json.StreamMessageProducer.listen(StreamMessageProducer.java:97)
	at org.eclipse.lsp4j.jsonrpc.json.ConcurrentMessageProcessor.run(ConcurrentMessageProcessor.java:97)
	at java.base/java.util.concurrent.Executors$RunnableAdapter.call(Executors.java:545)
	at java.base/java.util.concurrent.FutureTask.run(FutureTask.java:330)
	at java.base/java.util.concurrent.ThreadPoolExecutor.runWorker(ThreadPoolExecutor.java:1090)
	at java.base/java.util.concurrent.ThreadPoolExecutor$Worker.run(ThreadPoolExecutor.java:614)
	at java.base/java.lang.Thread.run(Thread.java:1516)

2026.08.11 00:51:59 INFO  no build target found for C:\Users\rishi\BIG DATA\SCALA\Min_Max.scala. Using presentation compiler with project's scala-library version: 3.3.8
2026.08.11 00:51:59 WARN  no build target for: C:\Users\rishi\BIG DATA\SCALA\Min_Max.scala
2026.08.11 00:51:59 INFO  no build target found for C:\Users\rishi\BIG DATA\SCALA\Min_Max.scala. Using presentation compiler with project's scala-library version: 3.3.8
2026.08.11 00:51:59 INFO  no build target found for C:\Users\rishi\BIG DATA\SCALA\Min_Max.scala. Using presentation compiler with project's scala-library version: 3.3.8
2026.08.11 00:51:59 INFO  no build target found for C:\Users\rishi\BIG DATA\SCALA\Min_Max.scala. Using presentation compiler with project's scala-library version: 3.3.8
2026.08.11 00:52:02 INFO  no build target found for C:\Users\rishi\BIG DATA\SCALA\Min_Max.scala. Using presentation compiler with project's scala-library version: 3.3.8
2026.08.11 00:52:06 INFO  no build target found for C:\Users\rishi\BIG DATA\SCALA\Min_Max.scala. Using presentation compiler with project's scala-library version: 3.3.8
2026.08.11 00:52:06 WARN  no build target for: C:\Users\rishi\BIG DATA\SCALA\Min_Max.scala
2026.08.11 00:52:06 INFO  no build target found for C:\Users\rishi\BIG DATA\SCALA\Min_Max.scala. Using presentation compiler with project's scala-library version: 3.3.8
2026.08.11 00:52:06 INFO  no build target found for C:\Users\rishi\BIG DATA\SCALA\Min_Max.scala. Using presentation compiler with project's scala-library version: 3.3.8
2026.08.11 00:52:06 INFO  no build target found for C:\Users\rishi\BIG DATA\SCALA\Min_Max.scala. Using presentation compiler with project's scala-library version: 3.3.8
2026.08.11 00:52:09 INFO  no build target found for C:\Users\rishi\BIG DATA\SCALA\build.sbt. Using presentation compiler with project's scala-library version: 3.3.8
2026.08.11 00:52:09 WARN  no build target for: C:\Users\rishi\BIG DATA\SCALA\build.sbt
2026.08.11 00:52:09 INFO  no build target found for C:\Users\rishi\BIG DATA\SCALA\build.sbt. Using presentation compiler with project's scala-library version: 3.3.8
2026.08.11 00:52:09 WARN  Could not find semantic tokens for: file:///C:/Users/rishi/BIG%20DATA/SCALA/build.sbt
2026.08.11 00:52:11 INFO  no build target found for C:\Users\rishi\BIG DATA\SCALA\Min_Max.scala. Using presentation compiler with project's scala-library version: 3.3.8
2026.08.11 00:52:11 WARN  no build target for: C:\Users\rishi\BIG DATA\SCALA\Min_Max.scala
2026.08.11 00:52:11 INFO  no build target found for C:\Users\rishi\BIG DATA\SCALA\Min_Max.scala. Using presentation compiler with project's scala-library version: 3.3.8
2026.08.11 00:52:12 INFO  no build target found for C:\Users\rishi\BIG DATA\SCALA\Min_Max.scala. Using presentation compiler with project's scala-library version: 3.3.8
2026.08.11 00:52:11 INFO  no build target found for C:\Users\rishi\BIG DATA\SCALA\Min_Max.scala. Using presentation compiler with project's scala-library version: 3.3.8
Aug 11, 2026 12:52:14 AM org.eclipse.lsp4j.jsonrpc.RemoteEndpoint handleNotification
WARNING: Notification threw an exception: {
  "jsonrpc": "2.0",
  "method": "metals/didFocusTextDocument",
  "params": [
    "untitled:Untitled-2"
  ]
}
java.nio.file.FileSystemNotFoundException: Provider "untitled" not installed
	at java.base/java.nio.file.Path.of(Path.java:210)
	at java.base/java.nio.file.Paths.get(Paths.java:95)
	at scala.meta.internal.mtags.MtagsEnrichments$XtensionURIMtags.toAbsolutePath(MtagsEnrichments.scala:149)
	at scala.meta.internal.mtags.MtagsEnrichments$XtensionStringMtags.toAbsolutePath(MtagsEnrichments.scala:221)
	at scala.meta.internal.metals.MetalsEnrichments$XtensionString.toAbsolutePath(MetalsEnrichments.scala:787)
	at scala.meta.internal.metals.MetalsEnrichments$XtensionString.toAbsolutePath(MetalsEnrichments.scala:784)
	at scala.meta.internal.metals.WorkspaceLspService.didFocus(WorkspaceLspService.scala:808)
	at scala.meta.metals.lsp.DelegatingScalaService.didFocus(DelegatingScalaService.scala:42)
	at java.base/jdk.internal.reflect.DirectMethodHandleAccessor.invoke(DirectMethodHandleAccessor.java:104)
	at java.base/java.lang.reflect.Method.invoke(Method.java:565)
	at org.eclipse.lsp4j.jsonrpc.services.GenericEndpoint.lambda$recursiveFindRpcMethods$0(GenericEndpoint.java:65)
	at org.eclipse.lsp4j.jsonrpc.services.GenericEndpoint.notify(GenericEndpoint.java:160)
	at org.eclipse.lsp4j.jsonrpc.RemoteEndpoint.handleNotification(RemoteEndpoint.java:225)
	at org.eclipse.lsp4j.jsonrpc.RemoteEndpoint.consume(RemoteEndpoint.java:192)
	at org.eclipse.lsp4j.jsonrpc.json.StreamMessageProducer.handleMessage(StreamMessageProducer.java:189)
	at org.eclipse.lsp4j.jsonrpc.json.StreamMessageProducer.listen(StreamMessageProducer.java:97)
	at org.eclipse.lsp4j.jsonrpc.json.ConcurrentMessageProcessor.run(ConcurrentMessageProcessor.java:97)
	at java.base/java.util.concurrent.Executors$RunnableAdapter.call(Executors.java:545)
	at java.base/java.util.concurrent.FutureTask.run(FutureTask.java:330)
	at java.base/java.util.concurrent.ThreadPoolExecutor.runWorker(ThreadPoolExecutor.java:1090)
	at java.base/java.util.concurrent.ThreadPoolExecutor$Worker.run(ThreadPoolExecutor.java:614)
	at java.base/java.lang.Thread.run(Thread.java:1516)

2026.08.11 00:52:17 INFO  no build target found for C:\Users\rishi\BIG DATA\SCALA\Min_Max.scala. Using presentation compiler with project's scala-library version: 3.3.8
2026.08.11 00:52:17 WARN  no build target for: C:\Users\rishi\BIG DATA\SCALA\Min_Max.scala
2026.08.11 00:52:17 INFO  no build target found for C:\Users\rishi\BIG DATA\SCALA\Min_Max.scala. Using presentation compiler with project's scala-library version: 3.3.8
2026.08.11 00:52:17 INFO  no build target found for C:\Users\rishi\BIG DATA\SCALA\Min_Max.scala. Using presentation compiler with project's scala-library version: 3.3.8
2026.08.11 00:52:17 INFO  no build target found for C:\Users\rishi\BIG DATA\SCALA\Min_Max.scala. Using presentation compiler with project's scala-library version: 3.3.8
2026.08.11 00:52:19 INFO  no build target found for C:\Users\rishi\BIG DATA\SCALA\Modifies_Studentprofile.scala. Using presentation compiler with project's scala-library version: 3.3.8
2026.08.11 00:52:19 INFO  no build target found for C:\Users\rishi\BIG DATA\SCALA\Modifies_Studentprofile.scala. Using presentation compiler with project's scala-library version: 3.3.8
2026.08.11 00:52:19 INFO  no build target found for C:\Users\rishi\BIG DATA\SCALA\Modifies_Studentprofile.scala. Using presentation compiler with project's scala-library version: 3.3.8
2026.08.11 00:52:19 INFO  no build target found for C:\Users\rishi\BIG DATA\SCALA\Modifies_Studentprofile.scala. Using presentation compiler with project's scala-library version: 3.3.8
2026.08.11 00:52:25 INFO  no build target found for C:\Users\rishi\BIG DATA\SCALA\Min_Max.scala. Using presentation compiler with project's scala-library version: 3.3.8
2026.08.11 00:52:25 WARN  no build target for: C:\Users\rishi\BIG DATA\SCALA\Min_Max.scala
2026.08.11 00:52:25 INFO  no build target found for C:\Users\rishi\BIG DATA\SCALA\Min_Max.scala. Using presentation compiler with project's scala-library version: 3.3.8
2026.08.11 00:52:26 INFO  no build target found for C:\Users\rishi\BIG DATA\SCALA\Min_Max.scala. Using presentation compiler with project's scala-library version: 3.3.8
2026.08.11 00:52:25 INFO  no build target found for C:\Users\rishi\BIG DATA\SCALA\Min_Max.scala. Using presentation compiler with project's scala-library version: 3.3.8
2026.08.11 00:52:27 INFO  no build target found for C:\Users\rishi\BIG DATA\SCALA\Min_Max.scala. Using presentation compiler with project's scala-library version: 3.3.8
2026.08.11 00:52:29 INFO  no build target found for C:\Users\rishi\BIG DATA\SCALA\Min_Max.scala. Using presentation compiler with project's scala-library version: 3.3.8
2026.08.11 00:52:29 INFO  no build target found for C:\Users\rishi\BIG DATA\SCALA\Min_Max.scala. Using presentation compiler with project's scala-library version: 3.3.8
2026.08.11 00:52:29 INFO  no build target found for C:\Users\rishi\BIG DATA\SCALA\Min_Max.scala. Using presentation compiler with project's scala-library version: 3.3.8
2026.08.11 00:52:30 ERROR scala.meta.internal.metals.debug.DiscoveryFailures$BuildTargetNotFoundForPathException: No build target could be found for the path: C:\Users\rishi\BIG DATA\SCALA\Min_Max.scala
	at scala.meta.internal.metals.debug.DebugDiscovery.validate(DebugDiscovery.scala:88)
	at scala.meta.internal.metals.debug.DebugDiscovery.debugDiscovery(DebugDiscovery.scala:164)
	at scala.meta.internal.metals.MetalsLspService.$anonfun$debugDiscovery$3(MetalsLspService.scala:1603)
	at scala.meta.internal.metals.MetalsLspService.afterCompilationFinished(MetalsLspService.scala:1598)
	at scala.meta.internal.metals.MetalsLspService.debugDiscovery(MetalsLspService.scala:1603)
	at scala.meta.internal.metals.WorkspaceLspService.executeCommand(WorkspaceLspService.scala:1157)
	at scala.meta.metals.lsp.DelegatingScalaService.executeCommand(DelegatingScalaService.scala:184)
	at jdk.internal.reflect.DirectMethodHandleAccessor.invoke(DirectMethodHandleAccessor.java:104)
	at java.lang.reflect.Method.invoke(Method.java:565)
	at org.eclipse.lsp4j.jsonrpc.services.GenericEndpoint.lambda$recursiveFindRpcMethods$0(GenericEndpoint.java:65)
	at org.eclipse.lsp4j.jsonrpc.services.GenericEndpoint.request(GenericEndpoint.java:128)
	at org.eclipse.lsp4j.jsonrpc.RemoteEndpoint.handleRequest(RemoteEndpoint.java:265)
	at org.eclipse.lsp4j.jsonrpc.RemoteEndpoint.consume(RemoteEndpoint.java:195)
	at org.eclipse.lsp4j.jsonrpc.json.StreamMessageProducer.handleMessage(StreamMessageProducer.java:189)
	at org.eclipse.lsp4j.jsonrpc.json.StreamMessageProducer.listen(StreamMessageProducer.java:97)
	at org.eclipse.lsp4j.jsonrpc.json.ConcurrentMessageProcessor.run(ConcurrentMessageProcessor.java:97)
	at java.util.concurrent.Executors$RunnableAdapter.call(Executors.java:545)
	at java.util.concurrent.FutureTask.run(FutureTask.java:330)
	at java.util.concurrent.ThreadPoolExecutor.runWorker(ThreadPoolExecutor.java:1090)
	at java.util.concurrent.ThreadPoolExecutor$Worker.run(ThreadPoolExecutor.java:614)
	at java.lang.Thread.run(Thread.java:1516)

2026.08.11 00:52:29 INFO  no build target found for C:\Users\rishi\BIG DATA\SCALA\Min_Max.scala. Using presentation compiler with project's scala-library version: 3.3.8
2026.08.11 00:52:29 INFO  no build target found for C:\Users\rishi\BIG DATA\SCALA\Min_Max.scala. Using presentation compiler with project's scala-library version: 3.3.8
2026.08.11 00:52:29 INFO  no build target found for C:\Users\rishi\BIG DATA\SCALA\Min_Max.scala. Using presentation compiler with project's scala-library version: 3.3.8
2026.08.11 00:52:31 INFO  no build target found for C:\Users\rishi\BIG DATA\SCALA\Min_Max.scala. Using presentation compiler with project's scala-library version: 3.3.8
2026.08.11 00:52:31 INFO  no build target found for C:\Users\rishi\BIG DATA\SCALA\Min_Max.scala. Using presentation compiler with project's scala-library version: 3.3.8
2026.08.11 00:52:31 INFO  no build target found for C:\Users\rishi\BIG DATA\SCALA\Min_Max.scala. Using presentation compiler with project's scala-library version: 3.3.8
2026.08.11 00:52:31 INFO  no build target found for C:\Users\rishi\BIG DATA\SCALA\Min_Max.scala. Using presentation compiler with project's scala-library version: 3.3.8
2026.08.11 00:52:33 INFO  no build target found for C:\Users\rishi\BIG DATA\SCALA\Min_Max.scala. Using presentation compiler with project's scala-library version: 3.3.8
2026.08.11 00:52:33 INFO  no build target found for C:\Users\rishi\BIG DATA\SCALA\Min_Max.scala. Using presentation compiler with project's scala-library version: 3.3.8
2026.08.11 00:52:33 INFO  no build target found for C:\Users\rishi\BIG DATA\SCALA\Min_Max.scala. Using presentation compiler with project's scala-library version: 3.3.8
2026.08.11 00:52:33 INFO  no build target found for C:\Users\rishi\BIG DATA\SCALA\Min_Max.scala. Using presentation compiler with project's scala-library version: 3.3.8
2026.08.11 00:52:33 INFO  no build target found for C:\Users\rishi\BIG DATA\SCALA\Min_Max.scala. Using presentation compiler with project's scala-library version: 3.3.8
2026.08.11 00:52:34 INFO  no build target found for C:\Users\rishi\BIG DATA\SCALA\Min_Max.scala. Using presentation compiler with project's scala-library version: 3.3.8
2026.08.11 00:52:47 INFO  no build target found for C:\Users\rishi\BIG DATA\SCALA\Min_Max.scala. Using presentation compiler with project's scala-library version: 3.3.8
2026.08.11 00:52:57 INFO  no build target found for C:\Users\rishi\BIG DATA\SCALA\Min_Max.scala. Using presentation compiler with project's scala-library version: 3.3.8
2026.08.11 00:55:20 INFO  no build target found for C:\Users\rishi\BIG DATA\SCALA\Min_Max.scala. Using presentation compiler with project's scala-library version: 3.3.8
2026.08.11 00:56:23 INFO  no build target found for C:\Users\rishi\BIG DATA\SCALA\Min_Max.scala. Using presentation compiler with project's scala-library version: 3.3.8
2026.08.11 00:56:39 INFO  no build target found for C:\Users\rishi\BIG DATA\SCALA\Min_Max.scala. Using presentation compiler with project's scala-library version: 3.3.8
2026.08.11 00:56:39 INFO  no build target found for C:\Users\rishi\BIG DATA\SCALA\Min_Max.scala. Using presentation compiler with project's scala-library version: 3.3.8
2026.08.11 00:56:47 INFO  no build target found for C:\Users\rishi\BIG DATA\SCALA\3D_array.scala. Using presentation compiler with project's scala-library version: 3.3.8
2026.08.11 00:56:47 WARN  no build target for: C:\Users\rishi\BIG DATA\SCALA\3D_array.scala
2026.08.11 00:56:47 INFO  no build target found for C:\Users\rishi\BIG DATA\SCALA\3D_array.scala. Using presentation compiler with project's scala-library version: 3.3.8
2026.08.11 00:56:47 INFO  no build target found for C:\Users\rishi\BIG DATA\SCALA\3D_array.scala. Using presentation compiler with project's scala-library version: 3.3.8
2026.08.11 00:56:47 INFO  no build target found for C:\Users\rishi\BIG DATA\SCALA\3D_array.scala. Using presentation compiler with project's scala-library version: 3.3.8
2026.08.11 00:56:53 INFO  no build target found for C:\Users\rishi\BIG DATA\SCALA\Min_Max.scala. Using presentation compiler with project's scala-library version: 3.3.8
2026.08.11 00:56:53 WARN  no build target for: C:\Users\rishi\BIG DATA\SCALA\Min_Max.scala
2026.08.11 00:56:53 INFO  no build target found for C:\Users\rishi\BIG DATA\SCALA\Min_Max.scala. Using presentation compiler with project's scala-library version: 3.3.8
2026.08.11 00:56:53 INFO  no build target found for C:\Users\rishi\BIG DATA\SCALA\Min_Max.scala. Using presentation compiler with project's scala-library version: 3.3.8
2026.08.11 00:56:53 INFO  no build target found for C:\Users\rishi\BIG DATA\SCALA\Min_Max.scala. Using presentation compiler with project's scala-library version: 3.3.8
2026.08.11 00:56:53 INFO  no build target found for C:\Users\rishi\BIG DATA\SCALA\Min_Max.scala. Using presentation compiler with project's scala-library version: 3.3.8
2026.08.11 00:56:55 INFO  no build target found for C:\Users\rishi\BIG DATA\SCALA\Min_Max.scala. Using presentation compiler with project's scala-library version: 3.3.8
2026.08.11 00:57:06 INFO  no build target found for C:\Users\rishi\BIG DATA\SCALA\Min_Max.scala. Using presentation compiler with project's scala-library version: 3.3.8
2026.08.11 00:58:50 INFO  no build target found for C:\Users\rishi\BIG DATA\SCALA\Min_Max.scala. Using presentation compiler with project's scala-library version: 3.3.8
2026.08.11 00:58:50 INFO  no build target found for C:\Users\rishi\BIG DATA\SCALA\Min_Max.scala. Using presentation compiler with project's scala-library version: 3.3.8
2026.08.11 00:58:55 INFO  no build target found for C:\Users\rishi\BIG DATA\SCALA\Min_Max.scala. Using presentation compiler with project's scala-library version: 3.3.8
2026.08.11 00:58:59 INFO  no build target found for C:\Users\rishi\BIG DATA\SCALA\Min_Max.scala. Using presentation compiler with project's scala-library version: 3.3.8
2026.08.11 00:59:52 ERROR scala.meta.internal.metals.debug.DiscoveryFailures$BuildTargetNotFoundForPathException: No build target could be found for the path: C:\Users\rishi\BIG DATA\SCALA\Min_Max.scala
	at scala.meta.internal.metals.debug.DebugDiscovery.validate(DebugDiscovery.scala:88)
	at scala.meta.internal.metals.debug.DebugDiscovery.debugDiscovery(DebugDiscovery.scala:164)
	at scala.meta.internal.metals.MetalsLspService.$anonfun$debugDiscovery$3(MetalsLspService.scala:1603)
	at scala.meta.internal.metals.MetalsLspService.afterCompilationFinished(MetalsLspService.scala:1598)
	at scala.meta.internal.metals.MetalsLspService.debugDiscovery(MetalsLspService.scala:1603)
	at scala.meta.internal.metals.WorkspaceLspService.executeCommand(WorkspaceLspService.scala:1157)
	at scala.meta.metals.lsp.DelegatingScalaService.executeCommand(DelegatingScalaService.scala:184)
	at jdk.internal.reflect.DirectMethodHandleAccessor.invoke(DirectMethodHandleAccessor.java:104)
	at java.lang.reflect.Method.invoke(Method.java:565)
	at org.eclipse.lsp4j.jsonrpc.services.GenericEndpoint.lambda$recursiveFindRpcMethods$0(GenericEndpoint.java:65)
	at org.eclipse.lsp4j.jsonrpc.services.GenericEndpoint.request(GenericEndpoint.java:128)
	at org.eclipse.lsp4j.jsonrpc.RemoteEndpoint.handleRequest(RemoteEndpoint.java:265)
	at org.eclipse.lsp4j.jsonrpc.RemoteEndpoint.consume(RemoteEndpoint.java:195)
	at org.eclipse.lsp4j.jsonrpc.json.StreamMessageProducer.handleMessage(StreamMessageProducer.java:189)
	at org.eclipse.lsp4j.jsonrpc.json.StreamMessageProducer.listen(StreamMessageProducer.java:97)
	at org.eclipse.lsp4j.jsonrpc.json.ConcurrentMessageProcessor.run(ConcurrentMessageProcessor.java:97)
	at java.util.concurrent.Executors$RunnableAdapter.call(Executors.java:545)
	at java.util.concurrent.FutureTask.run(FutureTask.java:330)
	at java.util.concurrent.ThreadPoolExecutor.runWorker(ThreadPoolExecutor.java:1090)
	at java.util.concurrent.ThreadPoolExecutor$Worker.run(ThreadPoolExecutor.java:614)
	at java.lang.Thread.run(Thread.java:1516)

2026.08.11 00:59:52 INFO  no build target found for C:\Users\rishi\BIG DATA\SCALA\Min_Max.scala. Using presentation compiler with project's scala-library version: 3.3.8
2026.08.11 00:59:52 INFO  no build target found for C:\Users\rishi\BIG DATA\SCALA\Min_Max.scala. Using presentation compiler with project's scala-library version: 3.3.8
2026.08.11 00:59:52 INFO  no build target found for C:\Users\rishi\BIG DATA\SCALA\Min_Max.scala. Using presentation compiler with project's scala-library version: 3.3.8
2026.08.11 00:59:53 INFO  no build target found for C:\Users\rishi\BIG DATA\SCALA\Min_Max.scala. Using presentation compiler with project's scala-library version: 3.3.8
2026.08.11 00:59:53 INFO  no build target found for C:\Users\rishi\BIG DATA\SCALA\Min_Max.scala. Using presentation compiler with project's scala-library version: 3.3.8
2026.08.11 00:59:53 WARN  Could not find semantic tokens for: file:///C:/Users/rishi/BIG%20DATA/SCALA/Min_Max.scala
2026.08.11 00:59:53 INFO  no build target found for C:\Users\rishi\BIG DATA\SCALA\Min_Max.scala. Using presentation compiler with project's scala-library version: 3.3.8
2026.08.11 00:59:54 INFO  no build target found for C:\Users\rishi\BIG DATA\SCALA\Min_Max.scala. Using presentation compiler with project's scala-library version: 3.3.8
2026.08.11 00:59:54 INFO  no build target found for C:\Users\rishi\BIG DATA\SCALA\Min_Max.scala. Using presentation compiler with project's scala-library version: 3.3.8
2026.08.11 01:00:04 INFO  no build target found for C:\Users\rishi\BIG DATA\SCALA\Min_Max.scala. Using presentation compiler with project's scala-library version: 3.3.8
2026.08.11 01:00:37 INFO  no build target found for c:\Users\rishi\BIG DATA\SCALA\Min_Max.scala. Using presentation compiler with project's scala-library version: 3.3.8
2026.08.11 01:01:53 INFO  no build target found for c:\Users\rishi\BIG DATA\SCALA\Min_Max.scala. Using presentation compiler with project's scala-library version: 3.3.8
2026.08.11 01:02:35 ERROR scala.meta.internal.metals.debug.DiscoveryFailures$BuildTargetNotFoundForPathException: No build target could be found for the path: c:\Users\rishi\BIG DATA\SCALA\Min_Max.scala
	at scala.meta.internal.metals.debug.DebugDiscovery.validate(DebugDiscovery.scala:88)
	at scala.meta.internal.metals.debug.DebugDiscovery.debugDiscovery(DebugDiscovery.scala:164)
	at scala.meta.internal.metals.debug.DebugDiscovery.runCommandDiscovery(DebugDiscovery.scala:66)
	at scala.meta.internal.metals.MetalsLspService.$anonfun$discoverMainClasses$1(MetalsLspService.scala:1641)
	at scala.meta.internal.metals.MetalsLspService.afterCompilationFinished(MetalsLspService.scala:1598)
	at scala.meta.internal.metals.MetalsLspService.discoverMainClasses(MetalsLspService.scala:1641)
	at scala.meta.internal.metals.WorkspaceLspService.executeCommand(WorkspaceLspService.scala:943)
	at scala.meta.metals.lsp.DelegatingScalaService.executeCommand(DelegatingScalaService.scala:184)
	at jdk.internal.reflect.DirectMethodHandleAccessor.invoke(DirectMethodHandleAccessor.java:104)
	at java.lang.reflect.Method.invoke(Method.java:565)
	at org.eclipse.lsp4j.jsonrpc.services.GenericEndpoint.lambda$recursiveFindRpcMethods$0(GenericEndpoint.java:65)
	at org.eclipse.lsp4j.jsonrpc.services.GenericEndpoint.request(GenericEndpoint.java:128)
	at org.eclipse.lsp4j.jsonrpc.RemoteEndpoint.handleRequest(RemoteEndpoint.java:265)
	at org.eclipse.lsp4j.jsonrpc.RemoteEndpoint.consume(RemoteEndpoint.java:195)
	at org.eclipse.lsp4j.jsonrpc.json.StreamMessageProducer.handleMessage(StreamMessageProducer.java:189)
	at org.eclipse.lsp4j.jsonrpc.json.StreamMessageProducer.listen(StreamMessageProducer.java:97)
	at org.eclipse.lsp4j.jsonrpc.json.ConcurrentMessageProcessor.run(ConcurrentMessageProcessor.java:97)
	at java.util.concurrent.Executors$RunnableAdapter.call(Executors.java:545)
	at java.util.concurrent.FutureTask.run(FutureTask.java:330)
	at java.util.concurrent.ThreadPoolExecutor.runWorker(ThreadPoolExecutor.java:1090)
	at java.util.concurrent.ThreadPoolExecutor$Worker.run(ThreadPoolExecutor.java:614)
	at java.lang.Thread.run(Thread.java:1516)

2026.08.11 01:02:35 ERROR scala.meta.internal.metals.debug.DiscoveryFailures$BuildTargetNotFoundForPathException: No build target could be found for the path: c:\Users\rishi\BIG DATA\SCALA\Min_Max.scala
	at scala.meta.internal.metals.debug.DebugDiscovery.validate(DebugDiscovery.scala:88)
	at scala.meta.internal.metals.debug.DebugDiscovery.debugDiscovery(DebugDiscovery.scala:164)
	at scala.meta.internal.metals.MetalsLspService.$anonfun$debugDiscovery$3(MetalsLspService.scala:1603)
	at scala.meta.internal.metals.MetalsLspService.afterCompilationFinished(MetalsLspService.scala:1598)
	at scala.meta.internal.metals.MetalsLspService.debugDiscovery(MetalsLspService.scala:1603)
	at scala.meta.internal.metals.WorkspaceLspService.executeCommand(WorkspaceLspService.scala:1157)
	at scala.meta.metals.lsp.DelegatingScalaService.executeCommand(DelegatingScalaService.scala:184)
	at jdk.internal.reflect.DirectMethodHandleAccessor.invoke(DirectMethodHandleAccessor.java:104)
	at java.lang.reflect.Method.invoke(Method.java:565)
	at org.eclipse.lsp4j.jsonrpc.services.GenericEndpoint.lambda$recursiveFindRpcMethods$0(GenericEndpoint.java:65)
	at org.eclipse.lsp4j.jsonrpc.services.GenericEndpoint.request(GenericEndpoint.java:128)
	at org.eclipse.lsp4j.jsonrpc.RemoteEndpoint.handleRequest(RemoteEndpoint.java:265)
	at org.eclipse.lsp4j.jsonrpc.RemoteEndpoint.consume(RemoteEndpoint.java:195)
	at org.eclipse.lsp4j.jsonrpc.json.StreamMessageProducer.handleMessage(StreamMessageProducer.java:189)
	at org.eclipse.lsp4j.jsonrpc.json.StreamMessageProducer.listen(StreamMessageProducer.java:97)
	at org.eclipse.lsp4j.jsonrpc.json.ConcurrentMessageProcessor.run(ConcurrentMessageProcessor.java:97)
	at java.util.concurrent.Executors$RunnableAdapter.call(Executors.java:545)
	at java.util.concurrent.FutureTask.run(FutureTask.java:330)
	at java.util.concurrent.ThreadPoolExecutor.runWorker(ThreadPoolExecutor.java:1090)
	at java.util.concurrent.ThreadPoolExecutor$Worker.run(ThreadPoolExecutor.java:614)
	at java.lang.Thread.run(Thread.java:1516)

2026.08.11 01:03:16 INFO  no build target found for C:\Users\rishi\BIG DATA\SCALA\build.sbt. Using presentation compiler with project's scala-library version: 3.3.8
2026.08.11 01:03:16 WARN  no build target for: C:\Users\rishi\BIG DATA\SCALA\build.sbt
2026.08.11 01:03:16 ERROR scala.meta.internal.metals.debug.DiscoveryFailures$BuildTargetNotFoundForPathException: No build target could be found for the path: c:\Users\rishi\BIG DATA\SCALA\Min_Max.scala
	at scala.meta.internal.metals.debug.DebugDiscovery.validate(DebugDiscovery.scala:88)
	at scala.meta.internal.metals.debug.DebugDiscovery.debugDiscovery(DebugDiscovery.scala:164)
	at scala.meta.internal.metals.MetalsLspService.$anonfun$debugDiscovery$3(MetalsLspService.scala:1603)
	at scala.meta.internal.metals.MetalsLspService.afterCompilationFinished(MetalsLspService.scala:1598)
	at scala.meta.internal.metals.MetalsLspService.debugDiscovery(MetalsLspService.scala:1603)
	at scala.meta.internal.metals.WorkspaceLspService.executeCommand(WorkspaceLspService.scala:1157)
	at scala.meta.metals.lsp.DelegatingScalaService.executeCommand(DelegatingScalaService.scala:184)
	at jdk.internal.reflect.DirectMethodHandleAccessor.invoke(DirectMethodHandleAccessor.java:104)
	at java.lang.reflect.Method.invoke(Method.java:565)
	at org.eclipse.lsp4j.jsonrpc.services.GenericEndpoint.lambda$recursiveFindRpcMethods$0(GenericEndpoint.java:65)
	at org.eclipse.lsp4j.jsonrpc.services.GenericEndpoint.request(GenericEndpoint.java:128)
	at org.eclipse.lsp4j.jsonrpc.RemoteEndpoint.handleRequest(RemoteEndpoint.java:265)
	at org.eclipse.lsp4j.jsonrpc.RemoteEndpoint.consume(RemoteEndpoint.java:195)
	at org.eclipse.lsp4j.jsonrpc.json.StreamMessageProducer.handleMessage(StreamMessageProducer.java:189)
	at org.eclipse.lsp4j.jsonrpc.json.StreamMessageProducer.listen(StreamMessageProducer.java:97)
	at org.eclipse.lsp4j.jsonrpc.json.ConcurrentMessageProcessor.run(ConcurrentMessageProcessor.java:97)
	at java.util.concurrent.Executors$RunnableAdapter.call(Executors.java:545)
	at java.util.concurrent.FutureTask.run(FutureTask.java:330)
	at java.util.concurrent.ThreadPoolExecutor.runWorker(ThreadPoolExecutor.java:1090)
	at java.util.concurrent.ThreadPoolExecutor$Worker.run(ThreadPoolExecutor.java:614)
	at java.lang.Thread.run(Thread.java:1516)

2026.08.11 01:03:16 INFO  no build target found for C:\Users\rishi\BIG DATA\SCALA\build.sbt. Using presentation compiler with project's scala-library version: 3.3.8
2026.08.11 01:03:16 WARN  Could not find semantic tokens for: file:///C:/Users/rishi/BIG%20DATA/SCALA/build.sbt
2026.08.11 01:03:19 INFO  no build target found for C:\Users\rishi\BIG DATA\SCALA\TRANSPOSE.scala. Using presentation compiler with project's scala-library version: 3.3.8
2026.08.11 01:03:19 WARN  no build target for: C:\Users\rishi\BIG DATA\SCALA\TRANSPOSE.scala
2026.08.11 01:03:19 INFO  no build target found for C:\Users\rishi\BIG DATA\SCALA\TRANSPOSE.scala. Using presentation compiler with project's scala-library version: 3.3.8
2026.08.11 01:03:19 INFO  no build target found for C:\Users\rishi\BIG DATA\SCALA\TRANSPOSE.scala. Using presentation compiler with project's scala-library version: 3.3.8
2026.08.11 01:03:19 INFO  no build target found for C:\Users\rishi\BIG DATA\SCALA\TRANSPOSE.scala. Using presentation compiler with project's scala-library version: 3.3.8
2026.08.11 01:03:19 INFO  no build target found for C:\Users\rishi\BIG DATA\SCALA\TRANSPOSE.scala. Using presentation compiler with project's scala-library version: 3.3.8
2026.08.11 01:03:20 INFO  no build target found for C:\Users\rishi\BIG DATA\SCALA\TRANSPOSE.scala. Using presentation compiler with project's scala-library version: 3.3.8
2026.08.11 01:03:22 INFO  no build target found for C:\Users\rishi\BIG DATA\SCALA\TRANSPOSE.scala. Using presentation compiler with project's scala-library version: 3.3.8
2026.08.11 01:03:24 INFO  no build target found for C:\Users\rishi\BIG DATA\SCALA\TRANSPOSE.scala. Using presentation compiler with project's scala-library version: 3.3.8
2026.08.11 01:03:28 WARN  no build target for: C:\Users\rishi\BIG DATA\SCALA\Min_Max.scala
2026.08.11 01:03:28 INFO  no build target found for C:\Users\rishi\BIG DATA\SCALA\Min_Max.scala. Using presentation compiler with project's scala-library version: 3.3.8
2026.08.11 01:03:28 INFO  no build target found for C:\Users\rishi\BIG DATA\SCALA\TRANSPOSE.scala. Using presentation compiler with project's scala-library version: 3.3.8
2026.08.11 01:05:22 ERROR scala.meta.internal.metals.debug.DiscoveryFailures$BuildTargetNotFoundForPathException: No build target could be found for the path: C:\Users\rishi\BIG DATA\SCALA\TRANSPOSE.scala
	at scala.meta.internal.metals.debug.DebugDiscovery.validate(DebugDiscovery.scala:88)
	at scala.meta.internal.metals.debug.DebugDiscovery.debugDiscovery(DebugDiscovery.scala:164)
	at scala.meta.internal.metals.MetalsLspService.$anonfun$debugDiscovery$3(MetalsLspService.scala:1603)
	at scala.meta.internal.metals.MetalsLspService.afterCompilationFinished(MetalsLspService.scala:1598)
	at scala.meta.internal.metals.MetalsLspService.debugDiscovery(MetalsLspService.scala:1603)
	at scala.meta.internal.metals.WorkspaceLspService.executeCommand(WorkspaceLspService.scala:1157)
	at scala.meta.metals.lsp.DelegatingScalaService.executeCommand(DelegatingScalaService.scala:184)
	at jdk.internal.reflect.DirectMethodHandleAccessor.invoke(DirectMethodHandleAccessor.java:104)
	at java.lang.reflect.Method.invoke(Method.java:565)
	at org.eclipse.lsp4j.jsonrpc.services.GenericEndpoint.lambda$recursiveFindRpcMethods$0(GenericEndpoint.java:65)
	at org.eclipse.lsp4j.jsonrpc.services.GenericEndpoint.request(GenericEndpoint.java:128)
	at org.eclipse.lsp4j.jsonrpc.RemoteEndpoint.handleRequest(RemoteEndpoint.java:265)
	at org.eclipse.lsp4j.jsonrpc.RemoteEndpoint.consume(RemoteEndpoint.java:195)
	at org.eclipse.lsp4j.jsonrpc.json.StreamMessageProducer.handleMessage(StreamMessageProducer.java:189)
	at org.eclipse.lsp4j.jsonrpc.json.StreamMessageProducer.listen(StreamMessageProducer.java:97)
	at org.eclipse.lsp4j.jsonrpc.json.ConcurrentMessageProcessor.run(ConcurrentMessageProcessor.java:97)
	at java.util.concurrent.Executors$RunnableAdapter.call(Executors.java:545)
	at java.util.concurrent.FutureTask.run(FutureTask.java:330)
	at java.util.concurrent.ThreadPoolExecutor.runWorker(ThreadPoolExecutor.java:1090)
	at java.util.concurrent.ThreadPoolExecutor$Worker.run(ThreadPoolExecutor.java:614)
	at java.lang.Thread.run(Thread.java:1516)

2026.08.11 01:05:36 INFO  no build target found for C:\Users\rishi\BIG DATA\SCALA\reverse_array.scala. Using presentation compiler with project's scala-library version: 3.3.8
2026.08.11 01:05:40 INFO  no build target found for C:\Users\rishi\BIG DATA\SCALA\TRANSPOSE.scala. Using presentation compiler with project's scala-library version: 3.3.8
2026.08.11 01:05:40 WARN  no build target for: C:\Users\rishi\BIG DATA\SCALA\TRANSPOSE.scala
2026.08.11 01:05:40 INFO  no build target found for C:\Users\rishi\BIG DATA\SCALA\TRANSPOSE.scala. Using presentation compiler with project's scala-library version: 3.3.8
2026.08.11 01:05:40 INFO  no build target found for C:\Users\rishi\BIG DATA\SCALA\TRANSPOSE.scala. Using presentation compiler with project's scala-library version: 3.3.8
2026.08.11 01:05:40 INFO  no build target found for C:\Users\rishi\BIG DATA\SCALA\TRANSPOSE.scala. Using presentation compiler with project's scala-library version: 3.3.8
2026.08.11 01:05:41 INFO  no build target found for C:\Users\rishi\BIG DATA\SCALA\TRANSPOSE.scala. Using presentation compiler with project's scala-library version: 3.3.8
2026.08.11 01:05:46 INFO  no build target found for C:\Users\rishi\BIG DATA\SCALA\TRANSPOSE.scala. Using presentation compiler with project's scala-library version: 3.3.8
2026.08.11 01:05:46 WARN  no build target for: C:\Users\rishi\BIG DATA\SCALA\reverse_array.scala
2026.08.11 01:05:46 INFO  no build target found for C:\Users\rishi\BIG DATA\SCALA\reverse_array.scala. Using presentation compiler with project's scala-library version: 3.3.8
2026.08.11 01:05:46 INFO  no build target found for C:\Users\rishi\BIG DATA\SCALA\TRANSPOSE.scala. Using presentation compiler with project's scala-library version: 3.3.8
2026.08.11 01:06:12 ERROR scala.meta.internal.metals.debug.DiscoveryFailures$BuildTargetNotFoundForPathException: No build target could be found for the path: C:\Users\rishi\BIG DATA\SCALA\TRANSPOSE.scala
	at scala.meta.internal.metals.debug.DebugDiscovery.validate(DebugDiscovery.scala:88)
	at scala.meta.internal.metals.debug.DebugDiscovery.debugDiscovery(DebugDiscovery.scala:164)
	at scala.meta.internal.metals.MetalsLspService.$anonfun$debugDiscovery$3(MetalsLspService.scala:1603)
	at scala.meta.internal.metals.MetalsLspService.afterCompilationFinished(MetalsLspService.scala:1598)
	at scala.meta.internal.metals.MetalsLspService.debugDiscovery(MetalsLspService.scala:1603)
	at scala.meta.internal.metals.WorkspaceLspService.executeCommand(WorkspaceLspService.scala:1157)
	at scala.meta.metals.lsp.DelegatingScalaService.executeCommand(DelegatingScalaService.scala:184)
	at jdk.internal.reflect.DirectMethodHandleAccessor.invoke(DirectMethodHandleAccessor.java:104)
	at java.lang.reflect.Method.invoke(Method.java:565)
	at org.eclipse.lsp4j.jsonrpc.services.GenericEndpoint.lambda$recursiveFindRpcMethods$0(GenericEndpoint.java:65)
	at org.eclipse.lsp4j.jsonrpc.services.GenericEndpoint.request(GenericEndpoint.java:128)
	at org.eclipse.lsp4j.jsonrpc.RemoteEndpoint.handleRequest(RemoteEndpoint.java:265)
	at org.eclipse.lsp4j.jsonrpc.RemoteEndpoint.consume(RemoteEndpoint.java:195)
	at org.eclipse.lsp4j.jsonrpc.json.StreamMessageProducer.handleMessage(StreamMessageProducer.java:189)
	at org.eclipse.lsp4j.jsonrpc.json.StreamMessageProducer.listen(StreamMessageProducer.java:97)
	at org.eclipse.lsp4j.jsonrpc.json.ConcurrentMessageProcessor.run(ConcurrentMessageProcessor.java:97)
	at java.util.concurrent.Executors$RunnableAdapter.call(Executors.java:545)
	at java.util.concurrent.FutureTask.run(FutureTask.java:330)
	at java.util.concurrent.ThreadPoolExecutor.runWorker(ThreadPoolExecutor.java:1090)
	at java.util.concurrent.ThreadPoolExecutor$Worker.run(ThreadPoolExecutor.java:614)
	at java.lang.Thread.run(Thread.java:1516)

2026.08.11 01:06:12 INFO  no build target found for C:\Users\rishi\BIG DATA\SCALA\TRANSPOSE.scala. Using presentation compiler with project's scala-library version: 3.3.8
2026.08.11 01:06:12 INFO  no build target found for C:\Users\rishi\BIG DATA\SCALA\TRANSPOSE.scala. Using presentation compiler with project's scala-library version: 3.3.8
2026.08.11 01:06:12 INFO  no build target found for C:\Users\rishi\BIG DATA\SCALA\TRANSPOSE.scala. Using presentation compiler with project's scala-library version: 3.3.8
2026.08.11 01:06:12 INFO  no build target found for C:\Users\rishi\BIG DATA\SCALA\TRANSPOSE.scala. Using presentation compiler with project's scala-library version: 3.3.8
2026.08.11 01:06:13 INFO  no build target found for C:\Users\rishi\BIG DATA\SCALA\TRANSPOSE.scala. Using presentation compiler with project's scala-library version: 3.3.8
2026.08.11 01:06:16 INFO  no build target found for C:\Users\rishi\BIG DATA\SCALA\reverse_array.scala. Using presentation compiler with project's scala-library version: 3.3.8
2026.08.11 01:06:16 WARN  no build target for: C:\Users\rishi\BIG DATA\SCALA\reverse_array.scala
2026.08.11 01:06:16 INFO  no build target found for C:\Users\rishi\BIG DATA\SCALA\reverse_array.scala. Using presentation compiler with project's scala-library version: 3.3.8
2026.08.11 01:06:16 INFO  no build target found for C:\Users\rishi\BIG DATA\SCALA\reverse_array.scala. Using presentation compiler with project's scala-library version: 3.3.8
2026.08.11 01:06:17 INFO  no build target found for C:\Users\rishi\BIG DATA\SCALA\reverse_array.scala. Using presentation compiler with project's scala-library version: 3.3.8
2026.08.11 01:06:22 INFO  no build target found for C:\Users\rishi\BIG DATA\SCALA\reverse_array.scala. Using presentation compiler with project's scala-library version: 3.3.8
2026.08.11 01:06:22 INFO  no build target found for C:\Users\rishi\BIG DATA\SCALA\reverse_array.scala. Using presentation compiler with project's scala-library version: 3.3.8
2026.08.11 01:06:23 INFO  no build target found for C:\Users\rishi\BIG DATA\SCALA\reverse_array.scala. Using presentation compiler with project's scala-library version: 3.3.8
2026.08.11 01:06:23 INFO  no build target found for C:\Users\rishi\BIG DATA\SCALA\reverse_array.scala. Using presentation compiler with project's scala-library version: 3.3.8
2026.08.11 01:06:23 INFO  no build target found for C:\Users\rishi\BIG DATA\SCALA\reverse_array.scala. Using presentation compiler with project's scala-library version: 3.3.8
2026.08.11 01:06:23 INFO  no build target found for C:\Users\rishi\BIG DATA\SCALA\reverse_array.scala. Using presentation compiler with project's scala-library version: 3.3.8
2026.08.11 01:06:26 INFO  no build target found for C:\Users\rishi\BIG DATA\SCALA\reverse_array.scala. Using presentation compiler with project's scala-library version: 3.3.8
2026.08.11 01:06:26 INFO  no build target found for C:\Users\rishi\BIG DATA\SCALA\reverse_array.scala. Using presentation compiler with project's scala-library version: 3.3.8
2026.08.11 01:06:26 INFO  no build target found for C:\Users\rishi\BIG DATA\SCALA\reverse_array.scala. Using presentation compiler with project's scala-library version: 3.3.8
2026.08.11 01:06:26 INFO  no build target found for C:\Users\rishi\BIG DATA\SCALA\reverse_array.scala. Using presentation compiler with project's scala-library version: 3.3.8
2026.08.11 01:06:26 INFO  no build target found for C:\Users\rishi\BIG DATA\SCALA\reverse_array.scala. Using presentation compiler with project's scala-library version: 3.3.8
2026.08.11 01:06:26 INFO  no build target found for C:\Users\rishi\BIG DATA\SCALA\reverse_array.scala. Using presentation compiler with project's scala-library version: 3.3.8
2026.08.11 01:06:26 INFO  no build target found for C:\Users\rishi\BIG DATA\SCALA\reverse_array.scala. Using presentation compiler with project's scala-library version: 3.3.8
2026.08.11 01:06:26 INFO  no build target found for C:\Users\rishi\BIG DATA\SCALA\reverse_array.scala. Using presentation compiler with project's scala-library version: 3.3.8
2026.08.11 01:06:27 INFO  no build target found for C:\Users\rishi\BIG DATA\SCALA\reverse_array.scala. Using presentation compiler with project's scala-library version: 3.3.8
2026.08.11 01:08:05 INFO  no build target found for C:\Users\rishi\BIG DATA\SCALA\reverse_array.scala. Using presentation compiler with project's scala-library version: 3.3.8
2026.08.11 01:08:24 INFO  no build target found for C:\Users\rishi\BIG DATA\SCALA\EvenOdd.scala. Using presentation compiler with project's scala-library version: 3.3.8
2026.08.11 01:08:24 INFO  no build target found for C:\Users\rishi\BIG DATA\SCALA\reverse_array.scala. Using presentation compiler with project's scala-library version: 3.3.8
2026.08.11 01:08:24 WARN  no build target for: C:\Users\rishi\BIG DATA\SCALA\reverse_array.scala
2026.08.11 01:08:37 INFO  Report absolute-path: ### java.nio.file.FileSystemNotFoundException: Provider "untitled" not installed

Uri: untitled:Untitled-2


#### Error stacktrace:

```
java.base/java.nio.file.Path.of(Path.java:210)
	java.base/java.nio.file.Paths.get(Paths.java:95)
	scala.meta.internal.mtags.MtagsEnrichments$XtensionURIMtags.toAbsolutePath(MtagsEnrichments.scala:149)
	scala.meta.internal.mtags.MtagsEnrichments$XtensionStringMtags.toAbsolutePath(MtagsEnrichments.scala:221)
	scala.meta.internal.metals.MetalsEnrichments$XtensionString.toAbsolutePath(MetalsEnrichments.scala:787)
	scala.meta.internal.metals.MetalsEnrichments$XtensionString.toAbsolutePath(MetalsEnrichments.scala:784)
	scala.meta.internal.metals.MetalsEnrichments$XtensionString.toAbsolutePathSafe(MetalsEnrichments.scala:768)
	scala.meta.internal.metals.WorkspaceLspService.getServiceForOpt(WorkspaceLspService.scala:358)
	scala.meta.internal.metals.WorkspaceLspService.getServiceFor(WorkspaceLspService.scala:367)
	scala.meta.internal.metals.WorkspaceLspService.executeCommand(WorkspaceLspService.scala:1156)
	scala.meta.metals.lsp.DelegatingScalaService.executeCommand(DelegatingScalaService.scala:184)
	java.base/jdk.internal.reflect.DirectMethodHandleAccessor.invoke(DirectMethodHandleAccessor.java:104)
	java.base/java.lang.reflect.Method.invoke(Method.java:565)
	org.eclipse.lsp4j.jsonrpc.services.GenericEndpoint.lambda$recursiveFindRpcMethods$0(GenericEndpoint.java:65)
	org.eclipse.lsp4j.jsonrpc.services.GenericEndpoint.request(GenericEndpoint.java:128)
	org.eclipse.lsp4j.jsonrpc.RemoteEndpoint.handleRequest(RemoteEndpoint.java:265)
	org.eclipse.lsp4j.jsonrpc.RemoteEndpoint.consume(RemoteEndpoint.java:195)
	org.eclipse.lsp4j.jsonrpc.json.StreamMessageProducer.handleMessage(StreamMessageProducer.java:189)
	org.eclipse.lsp4j.jsonrpc.json.StreamMessageProducer.listen(StreamMessageProducer.java:97)
	org.eclipse.lsp4j.jsonrpc.json.ConcurrentMessageProcessor.run(ConcurrentMessageProcessor.java:97)
	java.base/java.util.concurrent.Executors$RunnableAdapter.call(Executors.java:545)
	java.base/java.util.concurrent.FutureTask.run(FutureTask.java:330)
	java.base/java.util.concurrent.ThreadPoolExecutor.runWorker(ThreadPoolExecutor.java:1090)
	java.base/java.util.concurrent.ThreadPoolExecutor$Worker.run(ThreadPoolExecutor.java:614)
	java.base/java.lang.Thread.run(Thread.java:1516)
```

Aug 11, 2026 1:08:37 AM org.eclipse.lsp4j.jsonrpc.RemoteEndpoint fallbackResponseError
SEVERE: Internal error: Provider "untitled" not installed
java.nio.file.FileSystemNotFoundException: Provider "untitled" not installed
	at java.base/java.nio.file.Path.of(Path.java:210)
	at java.base/java.nio.file.Paths.get(Paths.java:95)
	at scala.meta.internal.mtags.MtagsEnrichments$XtensionURIMtags.toAbsolutePath(MtagsEnrichments.scala:149)
	at scala.meta.internal.mtags.MtagsEnrichments$XtensionStringMtags.toAbsolutePath(MtagsEnrichments.scala:221)
	at scala.meta.internal.metals.MetalsEnrichments$XtensionString.toAbsolutePath(MetalsEnrichments.scala:787)
	at scala.meta.internal.metals.MetalsEnrichments$XtensionString.toAbsolutePath(MetalsEnrichments.scala:784)
	at scala.meta.internal.metals.MetalsLspService.$anonfun$afterCompilationFinished$1(MetalsLspService.scala:1577)
	at scala.Option.map(Option.scala:242)
	at scala.meta.internal.metals.MetalsLspService.afterCompilationFinished(MetalsLspService.scala:1577)
	at scala.meta.internal.metals.MetalsLspService.debugDiscovery(MetalsLspService.scala:1603)
	at scala.meta.internal.metals.WorkspaceLspService.executeCommand(WorkspaceLspService.scala:1157)
	at scala.meta.metals.lsp.DelegatingScalaService.executeCommand(DelegatingScalaService.scala:184)
	at java.base/jdk.internal.reflect.DirectMethodHandleAccessor.invoke(DirectMethodHandleAccessor.java:104)
	at java.base/java.lang.reflect.Method.invoke(Method.java:565)
	at org.eclipse.lsp4j.jsonrpc.services.GenericEndpoint.lambda$recursiveFindRpcMethods$0(GenericEndpoint.java:65)
	at org.eclipse.lsp4j.jsonrpc.services.GenericEndpoint.request(GenericEndpoint.java:128)
	at org.eclipse.lsp4j.jsonrpc.RemoteEndpoint.handleRequest(RemoteEndpoint.java:265)
	at org.eclipse.lsp4j.jsonrpc.RemoteEndpoint.consume(RemoteEndpoint.java:195)
	at org.eclipse.lsp4j.jsonrpc.json.StreamMessageProducer.handleMessage(StreamMessageProducer.java:189)
	at org.eclipse.lsp4j.jsonrpc.json.StreamMessageProducer.listen(StreamMessageProducer.java:97)
	at org.eclipse.lsp4j.jsonrpc.json.ConcurrentMessageProcessor.run(ConcurrentMessageProcessor.java:97)
	at java.base/java.util.concurrent.Executors$RunnableAdapter.call(Executors.java:545)
	at java.base/java.util.concurrent.FutureTask.run(FutureTask.java:330)
	at java.base/java.util.concurrent.ThreadPoolExecutor.runWorker(ThreadPoolExecutor.java:1090)
	at java.base/java.util.concurrent.ThreadPoolExecutor$Worker.run(ThreadPoolExecutor.java:614)
	at java.base/java.lang.Thread.run(Thread.java:1516)

2026.08.11 01:08:42 INFO  no build target found for C:\Users\rishi\BIG DATA\SCALA\EvenOdd.scala. Using presentation compiler with project's scala-library version: 3.3.8
2026.08.11 01:08:42 WARN  no build target for: C:\Users\rishi\BIG DATA\SCALA\EvenOdd.scala
2026.08.11 01:08:42 INFO  no build target found for C:\Users\rishi\BIG DATA\SCALA\EvenOdd.scala. Using presentation compiler with project's scala-library version: 3.3.8
2026.08.11 01:08:43 INFO  no build target found for C:\Users\rishi\BIG DATA\SCALA\EvenOdd.scala. Using presentation compiler with project's scala-library version: 3.3.8
Aug 11, 2026 1:08:49 AM org.eclipse.lsp4j.jsonrpc.RemoteEndpoint handleNotification
WARNING: Notification threw an exception: {
  "jsonrpc": "2.0",
  "method": "metals/didFocusTextDocument",
  "params": [
    "untitled:Untitled-2"
  ]
}
java.nio.file.FileSystemNotFoundException: Provider "untitled" not installed
	at java.base/java.nio.file.Path.of(Path.java:210)
	at java.base/java.nio.file.Paths.get(Paths.java:95)
	at scala.meta.internal.mtags.MtagsEnrichments$XtensionURIMtags.toAbsolutePath(MtagsEnrichments.scala:149)
	at scala.meta.internal.mtags.MtagsEnrichments$XtensionStringMtags.toAbsolutePath(MtagsEnrichments.scala:221)
	at scala.meta.internal.metals.MetalsEnrichments$XtensionString.toAbsolutePath(MetalsEnrichments.scala:787)
	at scala.meta.internal.metals.MetalsEnrichments$XtensionString.toAbsolutePath(MetalsEnrichments.scala:784)
	at scala.meta.internal.metals.WorkspaceLspService.didFocus(WorkspaceLspService.scala:808)
	at scala.meta.metals.lsp.DelegatingScalaService.didFocus(DelegatingScalaService.scala:42)
	at java.base/jdk.internal.reflect.DirectMethodHandleAccessor.invoke(DirectMethodHandleAccessor.java:104)
	at java.base/java.lang.reflect.Method.invoke(Method.java:565)
	at org.eclipse.lsp4j.jsonrpc.services.GenericEndpoint.lambda$recursiveFindRpcMethods$0(GenericEndpoint.java:65)
	at org.eclipse.lsp4j.jsonrpc.services.GenericEndpoint.notify(GenericEndpoint.java:160)
	at org.eclipse.lsp4j.jsonrpc.RemoteEndpoint.handleNotification(RemoteEndpoint.java:225)
	at org.eclipse.lsp4j.jsonrpc.RemoteEndpoint.consume(RemoteEndpoint.java:192)
	at org.eclipse.lsp4j.jsonrpc.json.StreamMessageProducer.handleMessage(StreamMessageProducer.java:189)
	at org.eclipse.lsp4j.jsonrpc.json.StreamMessageProducer.listen(StreamMessageProducer.java:97)
	at org.eclipse.lsp4j.jsonrpc.json.ConcurrentMessageProcessor.run(ConcurrentMessageProcessor.java:97)
	at java.base/java.util.concurrent.Executors$RunnableAdapter.call(Executors.java:545)
	at java.base/java.util.concurrent.FutureTask.run(FutureTask.java:330)
	at java.base/java.util.concurrent.ThreadPoolExecutor.runWorker(ThreadPoolExecutor.java:1090)
	at java.base/java.util.concurrent.ThreadPoolExecutor$Worker.run(ThreadPoolExecutor.java:614)
	at java.base/java.lang.Thread.run(Thread.java:1516)

2026.08.11 01:08:51 INFO  no build target found for C:\Users\rishi\BIG DATA\SCALA\EvenOdd.scala. Using presentation compiler with project's scala-library version: 3.3.8
2026.08.11 01:08:51 WARN  no build target for: C:\Users\rishi\BIG DATA\SCALA\EvenOdd.scala
2026.08.11 01:08:51 INFO  no build target found for C:\Users\rishi\BIG DATA\SCALA\EvenOdd.scala. Using presentation compiler with project's scala-library version: 3.3.8
2026.08.11 01:08:51 INFO  no build target found for C:\Users\rishi\BIG DATA\SCALA\EvenOdd.scala. Using presentation compiler with project's scala-library version: 3.3.8
2026.08.11 01:08:51 INFO  no build target found for C:\Users\rishi\BIG DATA\SCALA\EvenOdd.scala. Using presentation compiler with project's scala-library version: 3.3.8
2026.08.11 01:08:55 INFO  no build target found for C:\Users\rishi\BIG DATA\SCALA\tuple.scala. Using presentation compiler with project's scala-library version: 3.3.8
2026.08.11 01:08:55 INFO  no build target found for C:\Users\rishi\BIG DATA\SCALA\tuple.scala. Using presentation compiler with project's scala-library version: 3.3.8
2026.08.11 01:08:56 INFO  no build target found for C:\Users\rishi\BIG DATA\SCALA\ADD_MATRIX_2D.scala. Using presentation compiler with project's scala-library version: 3.3.8
2026.08.11 01:08:56 WARN  no build target for: C:\Users\rishi\BIG DATA\SCALA\ADD_MATRIX_2D.scala
2026.08.11 01:08:56 INFO  no build target found for C:\Users\rishi\BIG DATA\SCALA\ADD_MATRIX_2D.scala. Using presentation compiler with project's scala-library version: 3.3.8
2026.08.11 01:08:56 INFO  no build target found for C:\Users\rishi\BIG DATA\SCALA\ADD_MATRIX_2D.scala. Using presentation compiler with project's scala-library version: 3.3.8
2026.08.11 01:08:56 INFO  no build target found for C:\Users\rishi\BIG DATA\SCALA\ADD_MATRIX_2D.scala. Using presentation compiler with project's scala-library version: 3.3.8
2026.08.11 01:09:02 INFO  no build target found for C:\Users\rishi\BIG DATA\SCALA\TRANSPOSE.scala. Using presentation compiler with project's scala-library version: 3.3.8
2026.08.11 01:09:02 WARN  no build target for: C:\Users\rishi\BIG DATA\SCALA\TRANSPOSE.scala
2026.08.11 01:09:02 INFO  no build target found for C:\Users\rishi\BIG DATA\SCALA\TRANSPOSE.scala. Using presentation compiler with project's scala-library version: 3.3.8
2026.08.11 01:09:02 INFO  no build target found for C:\Users\rishi\BIG DATA\SCALA\TRANSPOSE.scala. Using presentation compiler with project's scala-library version: 3.3.8
2026.08.11 01:09:02 INFO  no build target found for C:\Users\rishi\BIG DATA\SCALA\TRANSPOSE.scala. Using presentation compiler with project's scala-library version: 3.3.8
2026.08.11 01:09:02 INFO  no build target found for C:\Users\rishi\BIG DATA\SCALA\TRANSPOSE.scala. Using presentation compiler with project's scala-library version: 3.3.8
2026.08.11 01:09:06 INFO  no build target found for C:\Users\rishi\BIG DATA\SCALA\reverse_array.scala. Using presentation compiler with project's scala-library version: 3.3.8
2026.08.11 01:09:07 WARN  no build target for: C:\Users\rishi\BIG DATA\SCALA\reverse_array.scala
2026.08.11 01:09:06 INFO  no build target found for C:\Users\rishi\BIG DATA\SCALA\reverse_array.scala. Using presentation compiler with project's scala-library version: 3.3.8
2026.08.11 01:09:06 INFO  no build target found for C:\Users\rishi\BIG DATA\SCALA\reverse_array.scala. Using presentation compiler with project's scala-library version: 3.3.8
2026.08.11 01:09:07 INFO  no build target found for C:\Users\rishi\BIG DATA\SCALA\reverse_array.scala. Using presentation compiler with project's scala-library version: 3.3.8
2026.08.11 01:09:06 INFO  no build target found for C:\Users\rishi\BIG DATA\SCALA\reverse_array.scala. Using presentation compiler with project's scala-library version: 3.3.8
2026.08.11 01:09:10 INFO  no build target found for C:\Users\rishi\BIG DATA\SCALA\EvenOdd.scala. Using presentation compiler with project's scala-library version: 3.3.8
2026.08.11 01:09:10 WARN  no build target for: C:\Users\rishi\BIG DATA\SCALA\EvenOdd.scala
2026.08.11 01:09:10 INFO  no build target found for C:\Users\rishi\BIG DATA\SCALA\EvenOdd.scala. Using presentation compiler with project's scala-library version: 3.3.8
2026.08.11 01:09:10 INFO  no build target found for C:\Users\rishi\BIG DATA\SCALA\EvenOdd.scala. Using presentation compiler with project's scala-library version: 3.3.8
2026.08.11 01:09:10 INFO  no build target found for C:\Users\rishi\BIG DATA\SCALA\EvenOdd.scala. Using presentation compiler with project's scala-library version: 3.3.8
2026.08.11 01:09:13 INFO  no build target found for C:\Users\rishi\BIG DATA\SCALA\3D_array.scala. Using presentation compiler with project's scala-library version: 3.3.8
2026.08.11 01:09:13 WARN  no build target for: C:\Users\rishi\BIG DATA\SCALA\3D_array.scala
2026.08.11 01:09:13 INFO  no build target found for C:\Users\rishi\BIG DATA\SCALA\3D_array.scala. Using presentation compiler with project's scala-library version: 3.3.8
2026.08.11 01:09:13 INFO  no build target found for C:\Users\rishi\BIG DATA\SCALA\3D_array.scala. Using presentation compiler with project's scala-library version: 3.3.8
2026.08.11 01:09:13 INFO  no build target found for C:\Users\rishi\BIG DATA\SCALA\3D_array.scala. Using presentation compiler with project's scala-library version: 3.3.8
2026.08.11 01:09:14 INFO  no build target found for C:\Users\rishi\BIG DATA\SCALA\Min_Max.scala. Using presentation compiler with project's scala-library version: 3.3.8
2026.08.11 01:09:14 WARN  no build target for: C:\Users\rishi\BIG DATA\SCALA\Min_Max.scala
2026.08.11 01:09:14 INFO  no build target found for C:\Users\rishi\BIG DATA\SCALA\Min_Max.scala. Using presentation compiler with project's scala-library version: 3.3.8
2026.08.11 01:09:14 INFO  no build target found for C:\Users\rishi\BIG DATA\SCALA\Min_Max.scala. Using presentation compiler with project's scala-library version: 3.3.8
2026.08.11 01:09:14 INFO  no build target found for C:\Users\rishi\BIG DATA\SCALA\Min_Max.scala. Using presentation compiler with project's scala-library version: 3.3.8
2026.08.11 01:09:19 INFO  no build target found for C:\Users\rishi\BIG DATA\SCALA\EvenOdd.scala. Using presentation compiler with project's scala-library version: 3.3.8
2026.08.11 01:09:19 WARN  no build target for: C:\Users\rishi\BIG DATA\SCALA\EvenOdd.scala
2026.08.11 01:09:19 INFO  no build target found for C:\Users\rishi\BIG DATA\SCALA\EvenOdd.scala. Using presentation compiler with project's scala-library version: 3.3.8
2026.08.11 01:09:19 INFO  no build target found for C:\Users\rishi\BIG DATA\SCALA\EvenOdd.scala. Using presentation compiler with project's scala-library version: 3.3.8
2026.08.11 01:09:19 INFO  no build target found for C:\Users\rishi\BIG DATA\SCALA\EvenOdd.scala. Using presentation compiler with project's scala-library version: 3.3.8
2026.08.11 01:09:22 INFO  no build target found for C:\Users\rishi\BIG DATA\SCALA\EvenOdd.scala. Using presentation compiler with project's scala-library version: 3.3.8
Aug 11, 2026 1:09:22 AM org.eclipse.lsp4j.jsonrpc.RemoteEndpoint handleCancellation
WARNING: Unmatched cancel notification for request id 1004
2026.08.11 01:09:22 INFO  no build target found for C:\Users\rishi\BIG DATA\SCALA\EvenOdd.scala. Using presentation compiler with project's scala-library version: 3.3.8
2026.08.11 01:09:23 INFO  no build target found for C:\Users\rishi\BIG DATA\SCALA\EvenOdd.scala. Using presentation compiler with project's scala-library version: 3.3.8
2026.08.11 01:09:23 INFO  no build target found for C:\Users\rishi\BIG DATA\SCALA\EvenOdd.scala. Using presentation compiler with project's scala-library version: 3.3.8
2026.08.11 01:09:24 ERROR scala.meta.internal.metals.debug.DiscoveryFailures$BuildTargetNotFoundForPathException: No build target could be found for the path: C:\Users\rishi\BIG DATA\SCALA\EvenOdd.scala
	at scala.meta.internal.metals.debug.DebugDiscovery.validate(DebugDiscovery.scala:88)
	at scala.meta.internal.metals.debug.DebugDiscovery.debugDiscovery(DebugDiscovery.scala:164)
	at scala.meta.internal.metals.MetalsLspService.$anonfun$debugDiscovery$3(MetalsLspService.scala:1603)
	at scala.meta.internal.metals.MetalsLspService.afterCompilationFinished(MetalsLspService.scala:1598)
	at scala.meta.internal.metals.MetalsLspService.debugDiscovery(MetalsLspService.scala:1603)
	at scala.meta.internal.metals.WorkspaceLspService.executeCommand(WorkspaceLspService.scala:1157)
	at scala.meta.metals.lsp.DelegatingScalaService.executeCommand(DelegatingScalaService.scala:184)
	at jdk.internal.reflect.DirectMethodHandleAccessor.invoke(DirectMethodHandleAccessor.java:104)
	at java.lang.reflect.Method.invoke(Method.java:565)
	at org.eclipse.lsp4j.jsonrpc.services.GenericEndpoint.lambda$recursiveFindRpcMethods$0(GenericEndpoint.java:65)
	at org.eclipse.lsp4j.jsonrpc.services.GenericEndpoint.request(GenericEndpoint.java:128)
	at org.eclipse.lsp4j.jsonrpc.RemoteEndpoint.handleRequest(RemoteEndpoint.java:265)
	at org.eclipse.lsp4j.jsonrpc.RemoteEndpoint.consume(RemoteEndpoint.java:195)
	at org.eclipse.lsp4j.jsonrpc.json.StreamMessageProducer.handleMessage(StreamMessageProducer.java:189)
	at org.eclipse.lsp4j.jsonrpc.json.StreamMessageProducer.listen(StreamMessageProducer.java:97)
	at org.eclipse.lsp4j.jsonrpc.json.ConcurrentMessageProcessor.run(ConcurrentMessageProcessor.java:97)
	at java.util.concurrent.Executors$RunnableAdapter.call(Executors.java:545)
	at java.util.concurrent.FutureTask.run(FutureTask.java:330)
	at java.util.concurrent.ThreadPoolExecutor.runWorker(ThreadPoolExecutor.java:1090)
	at java.util.concurrent.ThreadPoolExecutor$Worker.run(ThreadPoolExecutor.java:614)
	at java.lang.Thread.run(Thread.java:1516)

2026.08.11 01:09:23 INFO  no build target found for C:\Users\rishi\BIG DATA\SCALA\EvenOdd.scala. Using presentation compiler with project's scala-library version: 3.3.8
2026.08.11 01:09:24 INFO  no build target found for C:\Users\rishi\BIG DATA\SCALA\EvenOdd.scala. Using presentation compiler with project's scala-library version: 3.3.8
2026.08.11 01:09:23 INFO  no build target found for C:\Users\rishi\BIG DATA\SCALA\EvenOdd.scala. Using presentation compiler with project's scala-library version: 3.3.8
2026.08.11 01:09:23 INFO  no build target found for C:\Users\rishi\BIG DATA\SCALA\EvenOdd.scala. Using presentation compiler with project's scala-library version: 3.3.8
2026.08.11 01:09:24 INFO  no build target found for C:\Users\rishi\BIG DATA\SCALA\EvenOdd.scala. Using presentation compiler with project's scala-library version: 3.3.8
2026.08.11 01:09:23 INFO  no build target found for C:\Users\rishi\BIG DATA\SCALA\EvenOdd.scala. Using presentation compiler with project's scala-library version: 3.3.8
2026.08.11 01:09:25 INFO  no build target found for C:\Users\rishi\BIG DATA\SCALA\EvenOdd.scala. Using presentation compiler with project's scala-library version: 3.3.8
2026.08.11 01:09:25 INFO  no build target found for C:\Users\rishi\BIG DATA\SCALA\EvenOdd.scala. Using presentation compiler with project's scala-library version: 3.3.8
2026.08.11 01:09:26 INFO  no build target found for C:\Users\rishi\BIG DATA\SCALA\EvenOdd.scala. Using presentation compiler with project's scala-library version: 3.3.8
2026.08.11 01:09:25 INFO  no build target found for C:\Users\rishi\BIG DATA\SCALA\EvenOdd.scala. Using presentation compiler with project's scala-library version: 3.3.8
2026.08.11 01:09:25 INFO  no build target found for C:\Users\rishi\BIG DATA\SCALA\EvenOdd.scala. Using presentation compiler with project's scala-library version: 3.3.8
2026.08.11 01:09:26 INFO  no build target found for C:\Users\rishi\BIG DATA\SCALA\EvenOdd.scala. Using presentation compiler with project's scala-library version: 3.3.8
2026.08.11 01:09:25 INFO  no build target found for C:\Users\rishi\BIG DATA\SCALA\EvenOdd.scala. Using presentation compiler with project's scala-library version: 3.3.8
2026.08.11 01:09:30 INFO  no build target found for C:\Users\rishi\BIG DATA\SCALA\EvenOdd.scala. Using presentation compiler with project's scala-library version: 3.3.8
2026.08.11 01:09:30 INFO  no build target found for C:\Users\rishi\BIG DATA\SCALA\EvenOdd.scala. Using presentation compiler with project's scala-library version: 3.3.8
2026.08.11 01:09:30 INFO  no build target found for C:\Users\rishi\BIG DATA\SCALA\EvenOdd.scala. Using presentation compiler with project's scala-library version: 3.3.8
2026.08.11 01:09:30 INFO  no build target found for C:\Users\rishi\BIG DATA\SCALA\EvenOdd.scala. Using presentation compiler with project's scala-library version: 3.3.8
2026.08.11 01:09:31 INFO  no build target found for C:\Users\rishi\BIG DATA\SCALA\EvenOdd.scala. Using presentation compiler with project's scala-library version: 3.3.8
2026.08.11 01:09:44 INFO  no build target found for C:\Users\rishi\BIG DATA\SCALA\MULTIPLY_3D_matrix.scala. Using presentation compiler with project's scala-library version: 3.3.8
2026.08.11 01:09:44 WARN  no build target for: C:\Users\rishi\BIG DATA\SCALA\MULTIPLY_3D_matrix.scala
2026.08.11 01:09:44 INFO  no build target found for C:\Users\rishi\BIG DATA\SCALA\MULTIPLY_3D_matrix.scala. Using presentation compiler with project's scala-library version: 3.3.8
2026.08.11 01:09:45 INFO  no build target found for C:\Users\rishi\BIG DATA\SCALA\MULTIPLY_3D_matrix.scala. Using presentation compiler with project's scala-library version: 3.3.8
2026.08.11 01:09:44 INFO  no build target found for C:\Users\rishi\BIG DATA\SCALA\MULTIPLY_3D_matrix.scala. Using presentation compiler with project's scala-library version: 3.3.8
2026.08.11 01:09:44 INFO  no build target found for C:\Users\rishi\BIG DATA\SCALA\MULTIPLY_3D_matrix.scala. Using presentation compiler with project's scala-library version: 3.3.8
2026.08.11 01:09:47 INFO  no build target found for C:\Users\rishi\BIG DATA\SCALA\MULTIPLY_3D_matrix.scala. Using presentation compiler with project's scala-library version: 3.3.8
2026.08.11 01:10:10 INFO  no build target found for C:\Users\rishi\BIG DATA\SCALA\TRANSPOSE.scala. Using presentation compiler with project's scala-library version: 3.3.8
2026.08.11 01:10:10 WARN  no build target for: C:\Users\rishi\BIG DATA\SCALA\TRANSPOSE.scala
2026.08.11 01:10:10 INFO  no build target found for C:\Users\rishi\BIG DATA\SCALA\TRANSPOSE.scala. Using presentation compiler with project's scala-library version: 3.3.8
2026.08.11 01:10:10 INFO  no build target found for C:\Users\rishi\BIG DATA\SCALA\TRANSPOSE.scala. Using presentation compiler with project's scala-library version: 3.3.8
2026.08.11 01:10:10 INFO  no build target found for C:\Users\rishi\BIG DATA\SCALA\TRANSPOSE.scala. Using presentation compiler with project's scala-library version: 3.3.8
2026.08.11 01:10:10 INFO  no build target found for C:\Users\rishi\BIG DATA\SCALA\TRANSPOSE.scala. Using presentation compiler with project's scala-library version: 3.3.8
2026.08.11 01:10:13 INFO  no build target found for C:\Users\rishi\BIG DATA\SCALA\TRANSPOSE.scala. Using presentation compiler with project's scala-library version: 3.3.8
2026.08.11 01:10:15 INFO  no build target found for C:\Users\rishi\BIG DATA\SCALA\EvenOdd.scala. Using presentation compiler with project's scala-library version: 3.3.8
2026.08.11 01:10:15 WARN  no build target for: C:\Users\rishi\BIG DATA\SCALA\EvenOdd.scala
2026.08.11 01:10:15 INFO  no build target found for C:\Users\rishi\BIG DATA\SCALA\TRANSPOSE.scala. Using presentation compiler with project's scala-library version: 3.3.8
2026.08.11 01:10:15 ERROR scala.meta.internal.metals.debug.DiscoveryFailures$BuildTargetNotFoundForPathException: No build target could be found for the path: C:\Users\rishi\BIG DATA\SCALA\TRANSPOSE.scala
	at scala.meta.internal.metals.debug.DebugDiscovery.validate(DebugDiscovery.scala:88)
	at scala.meta.internal.metals.debug.DebugDiscovery.debugDiscovery(DebugDiscovery.scala:164)
	at scala.meta.internal.metals.MetalsLspService.$anonfun$debugDiscovery$3(MetalsLspService.scala:1603)
	at scala.meta.internal.metals.MetalsLspService.afterCompilationFinished(MetalsLspService.scala:1598)
	at scala.meta.internal.metals.MetalsLspService.debugDiscovery(MetalsLspService.scala:1603)
	at scala.meta.internal.metals.WorkspaceLspService.executeCommand(WorkspaceLspService.scala:1157)
	at scala.meta.metals.lsp.DelegatingScalaService.executeCommand(DelegatingScalaService.scala:184)
	at jdk.internal.reflect.DirectMethodHandleAccessor.invoke(DirectMethodHandleAccessor.java:104)
	at java.lang.reflect.Method.invoke(Method.java:565)
	at org.eclipse.lsp4j.jsonrpc.services.GenericEndpoint.lambda$recursiveFindRpcMethods$0(GenericEndpoint.java:65)
	at org.eclipse.lsp4j.jsonrpc.services.GenericEndpoint.request(GenericEndpoint.java:128)
	at org.eclipse.lsp4j.jsonrpc.RemoteEndpoint.handleRequest(RemoteEndpoint.java:265)
	at org.eclipse.lsp4j.jsonrpc.RemoteEndpoint.consume(RemoteEndpoint.java:195)
	at org.eclipse.lsp4j.jsonrpc.json.StreamMessageProducer.handleMessage(StreamMessageProducer.java:189)
	at org.eclipse.lsp4j.jsonrpc.json.StreamMessageProducer.listen(StreamMessageProducer.java:97)
	at org.eclipse.lsp4j.jsonrpc.json.ConcurrentMessageProcessor.run(ConcurrentMessageProcessor.java:97)
	at java.util.concurrent.Executors$RunnableAdapter.call(Executors.java:545)
	at java.util.concurrent.FutureTask.run(FutureTask.java:330)
	at java.util.concurrent.ThreadPoolExecutor.runWorker(ThreadPoolExecutor.java:1090)
	at java.util.concurrent.ThreadPoolExecutor$Worker.run(ThreadPoolExecutor.java:614)
	at java.lang.Thread.run(Thread.java:1516)

2026.08.11 01:10:38 INFO  no build target found for C:\Users\rishi\BIG DATA\SCALA\EvenOdd.scala. Using presentation compiler with project's scala-library version: 3.3.8
2026.08.11 01:10:38 WARN  no build target for: C:\Users\rishi\BIG DATA\SCALA\EvenOdd.scala
2026.08.11 01:10:38 INFO  no build target found for C:\Users\rishi\BIG DATA\SCALA\EvenOdd.scala. Using presentation compiler with project's scala-library version: 3.3.8
2026.08.11 01:10:38 ERROR scala.meta.internal.metals.debug.DiscoveryFailures$BuildTargetNotFoundForPathException: No build target could be found for the path: C:\Users\rishi\BIG DATA\SCALA\TRANSPOSE.scala
	at scala.meta.internal.metals.debug.DebugDiscovery.validate(DebugDiscovery.scala:88)
	at scala.meta.internal.metals.debug.DebugDiscovery.debugDiscovery(DebugDiscovery.scala:164)
	at scala.meta.internal.metals.MetalsLspService.$anonfun$debugDiscovery$3(MetalsLspService.scala:1603)
	at scala.meta.internal.metals.MetalsLspService.afterCompilationFinished(MetalsLspService.scala:1598)
	at scala.meta.internal.metals.MetalsLspService.debugDiscovery(MetalsLspService.scala:1603)
	at scala.meta.internal.metals.WorkspaceLspService.executeCommand(WorkspaceLspService.scala:1157)
	at scala.meta.metals.lsp.DelegatingScalaService.executeCommand(DelegatingScalaService.scala:184)
	at jdk.internal.reflect.DirectMethodHandleAccessor.invoke(DirectMethodHandleAccessor.java:104)
	at java.lang.reflect.Method.invoke(Method.java:565)
	at org.eclipse.lsp4j.jsonrpc.services.GenericEndpoint.lambda$recursiveFindRpcMethods$0(GenericEndpoint.java:65)
	at org.eclipse.lsp4j.jsonrpc.services.GenericEndpoint.request(GenericEndpoint.java:128)
	at org.eclipse.lsp4j.jsonrpc.RemoteEndpoint.handleRequest(RemoteEndpoint.java:265)
	at org.eclipse.lsp4j.jsonrpc.RemoteEndpoint.consume(RemoteEndpoint.java:195)
	at org.eclipse.lsp4j.jsonrpc.json.StreamMessageProducer.handleMessage(StreamMessageProducer.java:189)
	at org.eclipse.lsp4j.jsonrpc.json.StreamMessageProducer.listen(StreamMessageProducer.java:97)
	at org.eclipse.lsp4j.jsonrpc.json.ConcurrentMessageProcessor.run(ConcurrentMessageProcessor.java:97)
	at java.util.concurrent.Executors$RunnableAdapter.call(Executors.java:545)
	at java.util.concurrent.FutureTask.run(FutureTask.java:330)
	at java.util.concurrent.ThreadPoolExecutor.runWorker(ThreadPoolExecutor.java:1090)
	at java.util.concurrent.ThreadPoolExecutor$Worker.run(ThreadPoolExecutor.java:614)
	at java.lang.Thread.run(Thread.java:1516)

2026.08.11 01:10:38 INFO  no build target found for C:\Users\rishi\BIG DATA\SCALA\EvenOdd.scala. Using presentation compiler with project's scala-library version: 3.3.8
2026.08.11 01:10:38 INFO  no build target found for C:\Users\rishi\BIG DATA\SCALA\EvenOdd.scala. Using presentation compiler with project's scala-library version: 3.3.8
2026.08.11 01:10:38 INFO  no build target found for C:\Users\rishi\BIG DATA\SCALA\EvenOdd.scala. Using presentation compiler with project's scala-library version: 3.3.8
2026.08.11 01:10:44 INFO  no build target found for C:\Users\rishi\BIG DATA\SCALA\EvenOdd.scala. Using presentation compiler with project's scala-library version: 3.3.8
2026.08.11 01:10:44 INFO  no build target found for C:\Users\rishi\BIG DATA\SCALA\EvenOdd.scala. Using presentation compiler with project's scala-library version: 3.3.8
2026.08.11 01:10:44 INFO  no build target found for C:\Users\rishi\BIG DATA\SCALA\EvenOdd.scala. Using presentation compiler with project's scala-library version: 3.3.8
2026.08.11 01:10:44 INFO  no build target found for C:\Users\rishi\BIG DATA\SCALA\EvenOdd.scala. Using presentation compiler with project's scala-library version: 3.3.8
2026.08.11 01:10:44 INFO  no build target found for C:\Users\rishi\BIG DATA\SCALA\EvenOdd.scala. Using presentation compiler with project's scala-library version: 3.3.8
2026.08.11 01:10:44 INFO  no build target found for C:\Users\rishi\BIG DATA\SCALA\EvenOdd.scala. Using presentation compiler with project's scala-library version: 3.3.8
2026.08.11 01:10:45 INFO  no build target found for C:\Users\rishi\BIG DATA\SCALA\EvenOdd.scala. Using presentation compiler with project's scala-library version: 3.3.8
2026.08.11 01:10:44 INFO  no build target found for C:\Users\rishi\BIG DATA\SCALA\EvenOdd.scala. Using presentation compiler with project's scala-library version: 3.3.8
2026.08.11 01:10:45 INFO  no build target found for C:\Users\rishi\BIG DATA\SCALA\EvenOdd.scala. Using presentation compiler with project's scala-library version: 3.3.8
2026.08.11 01:10:47 INFO  no build target found for C:\Users\rishi\BIG DATA\SCALA\EvenOdd.scala. Using presentation compiler with project's scala-library version: 3.3.8
2026.08.11 01:10:47 INFO  no build target found for C:\Users\rishi\BIG DATA\SCALA\EvenOdd.scala. Using presentation compiler with project's scala-library version: 3.3.8
2026.08.11 01:10:47 INFO  no build target found for C:\Users\rishi\BIG DATA\SCALA\EvenOdd.scala. Using presentation compiler with project's scala-library version: 3.3.8
2026.08.11 01:16:48 INFO  Shutting down server
2026.08.11 01:16:48 INFO  Memory monitor stopped
2026.08.11 01:16:48 INFO  shutting down Metals
2026.08.11 01:16:48 ERROR Unexpected error initializing server: 
org.eclipse.lsp4j.jsonrpc.ResponseErrorException: Request window/showMessageRequest failed with message: Canceled
	at org.eclipse.lsp4j.jsonrpc.RemoteEndpoint.handleResponse(RemoteEndpoint.java:214)
	at org.eclipse.lsp4j.jsonrpc.RemoteEndpoint.consume(RemoteEndpoint.java:198)
	at org.eclipse.lsp4j.jsonrpc.json.StreamMessageProducer.handleMessage(StreamMessageProducer.java:189)
	at org.eclipse.lsp4j.jsonrpc.json.StreamMessageProducer.listen(StreamMessageProducer.java:97)
	at org.eclipse.lsp4j.jsonrpc.json.ConcurrentMessageProcessor.run(ConcurrentMessageProcessor.java:97)
	at java.util.concurrent.Executors$RunnableAdapter.call(Executors.java:545)
	at java.util.concurrent.FutureTask.run(FutureTask.java:330)
	at java.util.concurrent.ThreadPoolExecutor.runWorker(ThreadPoolExecutor.java:1090)
	at java.util.concurrent.ThreadPoolExecutor$Worker.run(ThreadPoolExecutor.java:614)
	at java.lang.Thread.run(Thread.java:1516)

2026.08.11 01:16:48 INFO  Exiting server
2026.08.11 14:44:56 INFO  Started: Metals version 1.6.8 in folders 'C:\Users\rishi\BIG DATA\SCALA' for client Visual Studio Code 1.132.0.
2026.08.11 14:44:56 INFO  Memory monitor started
2026.08.11 14:44:57 WARN  Using H2 2.4.240 which is newer than the version Flyway has been verified with. The latest verified version of H2 is 2.3.232.
Aug 11, 2026 2:45:02 PM org.eclipse.lsp4j.jsonrpc.services.GenericEndpoint notify
INFO: Unsupported notification method: $/setTrace
2026.08.11 14:45:08 INFO  running 'C:\Program Files\Java\jdk-26.0.1\bin\java.exe -Djline.terminal=jline.UnsupportedTerminal -Dsbt.log.noformat=true -Dfile.encoding=UTF-8 -jar C:\Users\rishi\AppData\Local\Temp\metals15791121486860815771\sbt-launch.jar -Dbloop.export-jar-classifiers=sources -Dbloop.export-meta-build=true bloopInstall'
2026.08.11 14:45:08 ERROR [info] [launcher] getting org.scala-sbt sbt 2.0.3  (this may take some time)...
2026.08.11 14:45:08 WARN  no build target for: C:\Users\rishi\BIG DATA\SCALA\project\metals.sbt
2026.08.11 14:45:08 WARN  no build target for: C:\Users\rishi\BIG DATA\SCALA\project\project\metals.sbt
2026.08.11 14:45:08 INFO  no build target found for C:\Users\rishi\BIG DATA\SCALA\project\metals.sbt. Using presentation compiler with project's scala-library version: 3.3.8
2026.08.11 14:45:11 INFO  no build target found for C:\Users\rishi\BIG DATA\SCALA\project\project\metals.sbt. Using presentation compiler with project's scala-library version: 3.3.8
2026.08.11 14:45:12 ERROR [info] [launcher] getting Scala 3.8.4 (for sbt)...
2026.08.11 14:45:12 ERROR WARNING: A terminally deprecated method in sun.misc.Unsafe has been called
2026.08.11 14:45:12 ERROR WARNING: sun.misc.Unsafe::objectFieldOffset has been called by scala.runtime.LazyVals$ (file:/C:/Users/rishi/.sbt/boot/scala-3.8.4/lib/scala-library.jar)
2026.08.11 14:45:12 ERROR WARNING: Please consider reporting this to the maintainers of class scala.runtime.LazyVals$
2026.08.11 14:45:12 ERROR WARNING: sun.misc.Unsafe::objectFieldOffset will be removed in a future release
2026.08.11 14:45:12 ERROR WARNING: A restricted method in java.lang.System has been called
2026.08.11 14:45:12 ERROR WARNING: java.lang.System::load has been called by com.sun.jna.Native in an unnamed module (file:/C:/Users/rishi/.sbt/boot/scala-3.8.4/org.scala-sbt/sbt/2.0.3/jna-5.19.0.jar)
2026.08.11 14:45:12 ERROR WARNING: Use --enable-native-access=ALL-UNNAMED to avoid a warning for callers in this module
2026.08.11 14:45:12 ERROR WARNING: Restricted methods will be blocked in a future release unless native access is enabled
2026.08.11 14:45:12 ERROR 
2026.08.11 14:45:13 INFO  [info] welcome to sbt 2.0.3 (Oracle Corporation Java 26.0.1)
2026.08.11 14:45:17 INFO  [info] loading project definition from C:\Users\rishi\BIG DATA\SCALA\project\project
2026.08.11 14:45:24 INFO  [info] loading project definition from C:\Users\rishi\BIG DATA\SCALA\project
2026.08.11 14:45:42 INFO  [success] Generated .bloop\scala-build.json
2026.08.11 14:45:42 INFO  [success] elapsed time: 18 s, cache 91%, 11 disk cache hits, 1 onsite task
2026.08.11 14:45:44 INFO  [info] set current project to scala (in build file:/C:/Users/rishi/BIG%20DATA/SCALA/)
2026.08.11 14:45:51 INFO  [success] Generated .bloop\scala.json
2026.08.11 14:45:51 INFO  [success] Generated .bloop\scala-test.json
2026.08.11 14:45:51 INFO  [success] elapsed time: 7 s, cache 50%, 7 disk cache hits, 7 onsite tasks
2026.08.11 14:45:51 INFO  time: ran 'sbt bloopInstall' in 43s
2026.08.11 14:45:51 INFO  Attempting to connect to the build server...
2026.08.11 14:45:51 INFO  No running Bloop server found, starting one.
2026.08.11 14:46:28 INFO  Starting compilation server
2026.08.11 14:46:30 INFO  Tracing is disabled for protocol BSP. To enable tracing of incoming and outgoing JSON messages, create an empty file at C:\Users\rishi\BIG DATA\SCALA\.metals\bsp.trace.json or C:\Users\rishi\AppData\Local\scalameta\metals\cache\bsp.trace.json
2026.08.11 14:46:50 ERROR Timeout waiting for 'build/initialize' response
2026.08.11 14:46:50 WARN  Retrying connection to the build server Bloop
2026.08.11 14:46:50 INFO  Found a Bloop server running
2026.08.11 14:46:50 INFO  Tracing is disabled for protocol BSP. To enable tracing of incoming and outgoing JSON messages, create an empty file at C:\Users\rishi\BIG DATA\SCALA\.metals\bsp.trace.json or C:\Users\rishi\AppData\Local\scalameta\metals\cache\bsp.trace.json
2026.08.11 14:47:01 INFO  Attempting to connect to the build server...
2026.08.11 14:47:01 INFO  Found a Bloop server running
2026.08.11 14:47:02 INFO  Tracing is disabled for protocol BSP. To enable tracing of incoming and outgoing JSON messages, create an empty file at C:\Users\rishi\BIG DATA\SCALA\project\.metals\bsp.trace.json or C:\Users\rishi\AppData\Local\scalameta\metals\cache\bsp.trace.json
2026.08.11 14:47:02 INFO  time: Connected to build server in 1m10s
2026.08.11 14:47:02 INFO  Connected to Build server: Bloop v2.1.1
2026.08.11 14:47:02 INFO  time: Imported build in 0.14s
2026.08.11 14:47:12 WARN  Using H2 2.4.240 which is newer than the version Flyway has been verified with. The latest verified version of H2 is 2.3.232.
2026.08.11 14:47:21 INFO  time: indexed workspace in 19s
2026.08.11 14:47:22 INFO  compiling scala (13 scala sources)
2026.08.11 14:47:28 WARN  6 deprecations (since 2.13.0); re-run with -deprecation for details
2026.08.11 14:47:28 INFO  compiling scala-test (12 scala sources)
2026.08.11 14:47:28 INFO  time: compiled scala in 6.85s
2026.08.11 14:47:30 WARN  6 deprecations (since 2.13.0); re-run with -deprecation for details
2026.08.11 14:47:30 INFO  time: compiled scala-test in 1.83s
2026.08.11 15:22:30 INFO  no build target found for C:\Users\rishi\BIG DATA\SCALA\list_map_tuple_set.scala. Using presentation compiler with project's scala-library version: 3.8.4
2026.08.11 15:22:30 INFO  no build target found for C:\Users\rishi\BIG DATA\SCALA\list_map_tuple_set.scala. Using presentation compiler with project's scala-library version: 3.8.4
2026.08.11 15:22:30 WARN  no build target for: C:\Users\rishi\BIG DATA\SCALA\list_map_tuple_set.scala
Aug 11, 2026 3:22:30 PM org.eclipse.lsp4j.jsonrpc.RemoteEndpoint fallbackResponseError
SEVERE: Internal error: Provider "untitled" not installed
java.nio.file.FileSystemNotFoundException: Provider "untitled" not installed
	at java.base/java.nio.file.Path.of(Path.java:210)
	at java.base/java.nio.file.Paths.get(Paths.java:95)
	at scala.meta.internal.mtags.MtagsEnrichments$XtensionURIMtags.toAbsolutePath(MtagsEnrichments.scala:149)
	at scala.meta.internal.mtags.MtagsEnrichments$XtensionStringMtags.toAbsolutePath(MtagsEnrichments.scala:221)
	at scala.meta.internal.metals.MetalsEnrichments$XtensionString.toAbsolutePath(MetalsEnrichments.scala:787)
	at scala.meta.internal.metals.MetalsEnrichments$XtensionString.toAbsolutePath(MetalsEnrichments.scala:784)
	at scala.meta.internal.metals.WorkspaceLspService.executeCommand(WorkspaceLspService.scala:1267)
	at scala.meta.metals.lsp.DelegatingScalaService.executeCommand(DelegatingScalaService.scala:184)
	at java.base/jdk.internal.reflect.DirectMethodHandleAccessor.invoke(DirectMethodHandleAccessor.java:104)
	at java.base/java.lang.reflect.Method.invoke(Method.java:565)
	at org.eclipse.lsp4j.jsonrpc.services.GenericEndpoint.lambda$recursiveFindRpcMethods$0(GenericEndpoint.java:65)
	at org.eclipse.lsp4j.jsonrpc.services.GenericEndpoint.request(GenericEndpoint.java:128)
	at org.eclipse.lsp4j.jsonrpc.RemoteEndpoint.handleRequest(RemoteEndpoint.java:265)
	at org.eclipse.lsp4j.jsonrpc.RemoteEndpoint.consume(RemoteEndpoint.java:195)
	at org.eclipse.lsp4j.jsonrpc.json.StreamMessageProducer.handleMessage(StreamMessageProducer.java:189)
	at org.eclipse.lsp4j.jsonrpc.json.StreamMessageProducer.listen(StreamMessageProducer.java:97)
	at org.eclipse.lsp4j.jsonrpc.json.ConcurrentMessageProcessor.run(ConcurrentMessageProcessor.java:97)
	at java.base/java.util.concurrent.Executors$RunnableAdapter.call(Executors.java:545)
	at java.base/java.util.concurrent.FutureTask.run(FutureTask.java:330)
	at java.base/java.util.concurrent.ThreadPoolExecutor.runWorker(ThreadPoolExecutor.java:1090)
	at java.base/java.util.concurrent.ThreadPoolExecutor$Worker.run(ThreadPoolExecutor.java:614)
	at java.base/java.lang.Thread.run(Thread.java:1516)

2026.08.11 15:22:30 INFO  skipping build import with status 'Installed'
2026.08.11 15:22:31 INFO  compiling scala (1 scala source)
2026.08.11 15:22:32 INFO  time: compiled scala in 1.48s
2026.08.11 15:22:45 INFO  no build target found for C:\Users\rishi\BIG DATA\SCALA\list_map_tuple_set.scala. Using presentation compiler with project's scala-library version: 3.8.4
2026.08.11 15:22:45 WARN  no build target for: C:\Users\rishi\BIG DATA\SCALA\list_map_tuple_set.scala
2026.08.11 15:22:45 INFO  no build target found for C:\Users\rishi\BIG DATA\SCALA\list_map_tuple_set.scala. Using presentation compiler with project's scala-library version: 3.8.4
2026.08.11 15:22:45 INFO  no build target found for C:\Users\rishi\BIG DATA\SCALA\list_map_tuple_set.scala. Using presentation compiler with project's scala-library version: 3.8.4
2026.08.11 15:22:45 WARN  Could not find semantic tokens for: file:///C:/Users/rishi/BIG%20DATA/SCALA/list_map_tuple_set.scala
2026.08.11 15:22:45 INFO  no build target found for C:\Users\rishi\BIG DATA\SCALA\list_map_tuple_set.scala. Using presentation compiler with project's scala-library version: 3.8.4
2026.08.11 15:22:45 INFO  no build target found for C:\Users\rishi\BIG DATA\SCALA\list_map_tuple_set.scala. Using presentation compiler with project's scala-library version: 3.8.4
2026.08.11 15:22:45 INFO  no build target found for C:\Users\rishi\BIG DATA\SCALA\list_map_tuple_set.scala. Using presentation compiler with project's scala-library version: 3.8.4
2026.08.11 15:22:46 INFO  no build target found for C:\Users\rishi\BIG DATA\SCALA\list_map_tuple_set.scala. Using presentation compiler with project's scala-library version: 3.8.4
2026.08.11 15:22:46 INFO  no build target found for C:\Users\rishi\BIG DATA\SCALA\list_map_tuple_set.scala. Using presentation compiler with project's scala-library version: 3.8.4
2026.08.11 15:22:47 INFO  no build target found for C:\Users\rishi\BIG DATA\SCALA\list_map_tuple_set.scala. Using presentation compiler with project's scala-library version: 3.8.4
2026.08.11 15:22:47 INFO  no build target found for C:\Users\rishi\BIG DATA\SCALA\list_map_tuple_set.scala. Using presentation compiler with project's scala-library version: 3.8.4
2026.08.11 15:22:48 INFO  no build target found for C:\Users\rishi\BIG DATA\SCALA\list_map_tuple_set.scala. Using presentation compiler with project's scala-library version: 3.8.4
2026.08.11 15:22:49 INFO  no build target found for C:\Users\rishi\BIG DATA\SCALA\list_map_tuple_set.scala. Using presentation compiler with project's scala-library version: 3.8.4
2026.08.11 15:22:49 INFO  no build target found for C:\Users\rishi\BIG DATA\SCALA\list_map_tuple_set.scala. Using presentation compiler with project's scala-library version: 3.8.4
2026.08.11 15:23:03 ERROR scala.meta.internal.metals.debug.DiscoveryFailures$BuildTargetNotFoundForPathException: No build target could be found for the path: C:\Users\rishi\BIG DATA\SCALA\list_map_tuple_set.scala
	at scala.meta.internal.metals.debug.DebugDiscovery.validate(DebugDiscovery.scala:88)
	at scala.meta.internal.metals.debug.DebugDiscovery.debugDiscovery(DebugDiscovery.scala:164)
	at scala.meta.internal.metals.MetalsLspService.$anonfun$debugDiscovery$3(MetalsLspService.scala:1603)
	at scala.meta.internal.metals.MetalsLspService.afterCompilationFinished(MetalsLspService.scala:1598)
	at scala.meta.internal.metals.MetalsLspService.debugDiscovery(MetalsLspService.scala:1603)
	at scala.meta.internal.metals.WorkspaceLspService.executeCommand(WorkspaceLspService.scala:1157)
	at scala.meta.metals.lsp.DelegatingScalaService.executeCommand(DelegatingScalaService.scala:184)
	at jdk.internal.reflect.DirectMethodHandleAccessor.invoke(DirectMethodHandleAccessor.java:104)
	at java.lang.reflect.Method.invoke(Method.java:565)
	at org.eclipse.lsp4j.jsonrpc.services.GenericEndpoint.lambda$recursiveFindRpcMethods$0(GenericEndpoint.java:65)
	at org.eclipse.lsp4j.jsonrpc.services.GenericEndpoint.request(GenericEndpoint.java:128)
	at org.eclipse.lsp4j.jsonrpc.RemoteEndpoint.handleRequest(RemoteEndpoint.java:265)
	at org.eclipse.lsp4j.jsonrpc.RemoteEndpoint.consume(RemoteEndpoint.java:195)
	at org.eclipse.lsp4j.jsonrpc.json.StreamMessageProducer.handleMessage(StreamMessageProducer.java:189)
	at org.eclipse.lsp4j.jsonrpc.json.StreamMessageProducer.listen(StreamMessageProducer.java:97)
	at org.eclipse.lsp4j.jsonrpc.json.ConcurrentMessageProcessor.run(ConcurrentMessageProcessor.java:97)
	at java.util.concurrent.Executors$RunnableAdapter.call(Executors.java:545)
	at java.util.concurrent.FutureTask.run(FutureTask.java:330)
	at java.util.concurrent.ThreadPoolExecutor.runWorker(ThreadPoolExecutor.java:1090)
	at java.util.concurrent.ThreadPoolExecutor$Worker.run(ThreadPoolExecutor.java:614)
	at java.lang.Thread.run(Thread.java:1516)

2026.08.11 15:23:03 INFO  no build target found for C:\Users\rishi\BIG DATA\SCALA\list_map_tuple_set.scala. Using presentation compiler with project's scala-library version: 3.8.4
2026.08.11 15:23:03 INFO  no build target found for C:\Users\rishi\BIG DATA\SCALA\list_map_tuple_set.scala. Using presentation compiler with project's scala-library version: 3.8.4
2026.08.11 15:23:04 INFO  no build target found for C:\Users\rishi\BIG DATA\SCALA\list_map_tuple_set.scala. Using presentation compiler with project's scala-library version: 3.8.4
2026.08.11 15:24:57 INFO  no build target found for C:\Users\rishi\BIG DATA\SCALA\list_map_tuple_set.scala. Using presentation compiler with project's scala-library version: 3.8.4
2026.08.11 15:24:57 INFO  no build target found for C:\Users\rishi\BIG DATA\SCALA\list_map_tuple_set.scala. Using presentation compiler with project's scala-library version: 3.8.4
2026.08.11 15:24:57 INFO  no build target found for C:\Users\rishi\BIG DATA\SCALA\list_map_tuple_set.scala. Using presentation compiler with project's scala-library version: 3.8.4
2026.08.11 15:24:57 INFO  no build target found for C:\Users\rishi\BIG DATA\SCALA\list_map_tuple_set.scala. Using presentation compiler with project's scala-library version: 3.8.4
2026.08.11 15:24:58 INFO  no build target found for C:\Users\rishi\BIG DATA\SCALA\list_map_tuple_set.scala. Using presentation compiler with project's scala-library version: 3.8.4
2026.08.11 15:24:58 INFO  no build target found for C:\Users\rishi\BIG DATA\SCALA\list_map_tuple_set.scala. Using presentation compiler with project's scala-library version: 3.8.4
2026.08.11 15:24:58 INFO  no build target found for C:\Users\rishi\BIG DATA\SCALA\list_map_tuple_set.scala. Using presentation compiler with project's scala-library version: 3.8.4
2026.08.11 15:24:58 WARN  Could not find semantic tokens for: file:///C:/Users/rishi/BIG%20DATA/SCALA/list_map_tuple_set.scala
2026.08.11 15:24:59 INFO  no build target found for C:\Users\rishi\BIG DATA\SCALA\list_map_tuple_set.scala. Using presentation compiler with project's scala-library version: 3.8.4
2026.08.11 15:24:59 INFO  no build target found for C:\Users\rishi\BIG DATA\SCALA\list_map_tuple_set.scala. Using presentation compiler with project's scala-library version: 3.8.4
2026.08.11 15:24:59 INFO  no build target found for C:\Users\rishi\BIG DATA\SCALA\list_map_tuple_set.scala. Using presentation compiler with project's scala-library version: 3.8.4
2026.08.11 15:24:59 WARN  Could not find semantic tokens for: file:///C:/Users/rishi/BIG%20DATA/SCALA/list_map_tuple_set.scala
2026.08.11 15:25:02 INFO  no build target found for C:\Users\rishi\BIG DATA\SCALA\list_map_tuple_set.scala. Using presentation compiler with project's scala-library version: 3.8.4
2026.08.11 15:25:05 INFO  no build target found for C:\Users\rishi\BIG DATA\SCALA\list_map_tuple_set.scala. Using presentation compiler with project's scala-library version: 3.8.4
2026.08.11 15:25:05 INFO  no build target found for C:\Users\rishi\BIG DATA\SCALA\list_map_tuple_set.scala. Using presentation compiler with project's scala-library version: 3.8.4
2026.08.11 15:25:05 INFO  no build target found for C:\Users\rishi\BIG DATA\SCALA\list_map_tuple_set.scala. Using presentation compiler with project's scala-library version: 3.8.4
2026.08.11 15:25:06 INFO  no build target found for C:\Users\rishi\BIG DATA\SCALA\list_map_tuple_set.scala. Using presentation compiler with project's scala-library version: 3.8.4
2026.08.11 15:25:06 INFO  no build target found for C:\Users\rishi\BIG DATA\SCALA\list_map_tuple_set.scala. Using presentation compiler with project's scala-library version: 3.8.4
2026.08.11 15:25:06 INFO  no build target found for C:\Users\rishi\BIG DATA\SCALA\list_map_tuple_set.scala. Using presentation compiler with project's scala-library version: 3.8.4
2026.08.11 15:25:06 INFO  no build target found for C:\Users\rishi\BIG DATA\SCALA\list_map_tuple_set.scala. Using presentation compiler with project's scala-library version: 3.8.4
2026.08.11 15:25:06 WARN  Could not find semantic tokens for: file:///C:/Users/rishi/BIG%20DATA/SCALA/list_map_tuple_set.scala
2026.08.11 15:25:08 INFO  no build target found for C:\Users\rishi\BIG DATA\SCALA\list_map_tuple_set.scala. Using presentation compiler with project's scala-library version: 3.8.4
2026.08.11 15:25:08 INFO  no build target found for C:\Users\rishi\BIG DATA\SCALA\list_map_tuple_set.scala. Using presentation compiler with project's scala-library version: 3.8.4
2026.08.11 15:25:08 INFO  no build target found for C:\Users\rishi\BIG DATA\SCALA\list_map_tuple_set.scala. Using presentation compiler with project's scala-library version: 3.8.4
2026.08.11 15:25:08 INFO  no build target found for C:\Users\rishi\BIG DATA\SCALA\list_map_tuple_set.scala. Using presentation compiler with project's scala-library version: 3.8.4
2026.08.11 15:25:09 INFO  no build target found for C:\Users\rishi\BIG DATA\SCALA\list_map_tuple_set.scala. Using presentation compiler with project's scala-library version: 3.8.4
2026.08.11 15:25:10 INFO  no build target found for C:\Users\rishi\BIG DATA\SCALA\list_map_tuple_set.scala. Using presentation compiler with project's scala-library version: 3.8.4
2026.08.11 15:25:10 INFO  no build target found for C:\Users\rishi\BIG DATA\SCALA\list_map_tuple_set.scala. Using presentation compiler with project's scala-library version: 3.8.4
2026.08.11 15:25:59 WARN  no build target for: C:\Users\rishi\BIG DATA\SCALA\list_map_tuple_set.scala
2026.08.11 15:26:00 INFO  no build target found for C:\Users\rishi\BIG DATA\SCALA\list_map_tuple_set.scala. Using presentation compiler with project's scala-library version: 3.8.4
2026.08.11 15:26:03 ERROR scala.meta.internal.metals.debug.DiscoveryFailures$BuildTargetNotFoundForPathException: No build target could be found for the path: C:\Users\rishi\BIG DATA\SCALA\list_map_tuple_set.scala
	at scala.meta.internal.metals.debug.DebugDiscovery.validate(DebugDiscovery.scala:88)
	at scala.meta.internal.metals.debug.DebugDiscovery.debugDiscovery(DebugDiscovery.scala:164)
	at scala.meta.internal.metals.MetalsLspService.$anonfun$debugDiscovery$3(MetalsLspService.scala:1603)
	at scala.meta.internal.metals.MetalsLspService.afterCompilationFinished(MetalsLspService.scala:1598)
	at scala.meta.internal.metals.MetalsLspService.debugDiscovery(MetalsLspService.scala:1603)
	at scala.meta.internal.metals.WorkspaceLspService.executeCommand(WorkspaceLspService.scala:1157)
	at scala.meta.metals.lsp.DelegatingScalaService.executeCommand(DelegatingScalaService.scala:184)
	at jdk.internal.reflect.DirectMethodHandleAccessor.invoke(DirectMethodHandleAccessor.java:104)
	at java.lang.reflect.Method.invoke(Method.java:565)
	at org.eclipse.lsp4j.jsonrpc.services.GenericEndpoint.lambda$recursiveFindRpcMethods$0(GenericEndpoint.java:65)
	at org.eclipse.lsp4j.jsonrpc.services.GenericEndpoint.request(GenericEndpoint.java:128)
	at org.eclipse.lsp4j.jsonrpc.RemoteEndpoint.handleRequest(RemoteEndpoint.java:265)
	at org.eclipse.lsp4j.jsonrpc.RemoteEndpoint.consume(RemoteEndpoint.java:195)
	at org.eclipse.lsp4j.jsonrpc.json.StreamMessageProducer.handleMessage(StreamMessageProducer.java:189)
	at org.eclipse.lsp4j.jsonrpc.json.StreamMessageProducer.listen(StreamMessageProducer.java:97)
	at org.eclipse.lsp4j.jsonrpc.json.ConcurrentMessageProcessor.run(ConcurrentMessageProcessor.java:97)
	at java.util.concurrent.Executors$RunnableAdapter.call(Executors.java:545)
	at java.util.concurrent.FutureTask.run(FutureTask.java:330)
	at java.util.concurrent.ThreadPoolExecutor.runWorker(ThreadPoolExecutor.java:1090)
	at java.util.concurrent.ThreadPoolExecutor$Worker.run(ThreadPoolExecutor.java:614)
	at java.lang.Thread.run(Thread.java:1516)

2026.08.11 15:26:13 WARN  no build target for: C:\Users\rishi\BIG DATA\SCALA\list_map_tuple_set.scala
2026.08.11 15:26:13 INFO  skipping build import with status 'Installed'
2026.08.11 15:26:13 INFO  no build target found for C:\Users\rishi\BIG DATA\SCALA\list_map_tuple_set.scala. Using presentation compiler with project's scala-library version: 3.8.4
2026.08.11 15:26:15 WARN  no build target for: C:\Users\rishi\BIG DATA\SCALA\list_map_tuple_set.scala
2026.08.11 15:26:15 ERROR scala.meta.internal.metals.debug.DiscoveryFailures$BuildTargetNotFoundForPathException: No build target could be found for the path: C:\Users\rishi\BIG DATA\SCALA\list_map_tuple_set.scala
	at scala.meta.internal.metals.debug.DebugDiscovery.validate(DebugDiscovery.scala:88)
	at scala.meta.internal.metals.debug.DebugDiscovery.debugDiscovery(DebugDiscovery.scala:164)
	at scala.meta.internal.metals.MetalsLspService.$anonfun$debugDiscovery$3(MetalsLspService.scala:1603)
	at scala.meta.internal.metals.MetalsLspService.afterCompilationFinished(MetalsLspService.scala:1598)
	at scala.meta.internal.metals.MetalsLspService.debugDiscovery(MetalsLspService.scala:1603)
	at scala.meta.internal.metals.WorkspaceLspService.executeCommand(WorkspaceLspService.scala:1157)
	at scala.meta.metals.lsp.DelegatingScalaService.executeCommand(DelegatingScalaService.scala:184)
	at jdk.internal.reflect.DirectMethodHandleAccessor.invoke(DirectMethodHandleAccessor.java:104)
	at java.lang.reflect.Method.invoke(Method.java:565)
	at org.eclipse.lsp4j.jsonrpc.services.GenericEndpoint.lambda$recursiveFindRpcMethods$0(GenericEndpoint.java:65)
	at org.eclipse.lsp4j.jsonrpc.services.GenericEndpoint.request(GenericEndpoint.java:128)
	at org.eclipse.lsp4j.jsonrpc.RemoteEndpoint.handleRequest(RemoteEndpoint.java:265)
	at org.eclipse.lsp4j.jsonrpc.RemoteEndpoint.consume(RemoteEndpoint.java:195)
	at org.eclipse.lsp4j.jsonrpc.json.StreamMessageProducer.handleMessage(StreamMessageProducer.java:189)
	at org.eclipse.lsp4j.jsonrpc.json.StreamMessageProducer.listen(StreamMessageProducer.java:97)
	at org.eclipse.lsp4j.jsonrpc.json.ConcurrentMessageProcessor.run(ConcurrentMessageProcessor.java:97)
	at java.util.concurrent.Executors$RunnableAdapter.call(Executors.java:545)
	at java.util.concurrent.FutureTask.run(FutureTask.java:330)
	at java.util.concurrent.ThreadPoolExecutor.runWorker(ThreadPoolExecutor.java:1090)
	at java.util.concurrent.ThreadPoolExecutor$Worker.run(ThreadPoolExecutor.java:614)
	at java.lang.Thread.run(Thread.java:1516)

2026.08.11 15:26:15 INFO  no build target found for C:\Users\rishi\BIG DATA\SCALA\list_map_tuple_set.scala. Using presentation compiler with project's scala-library version: 3.8.4
2026.08.11 15:26:15 INFO  skipping build import with status 'Installed'
2026.08.11 15:26:16 INFO  no build target found for C:\Users\rishi\BIG DATA\SCALA\list_map_tuple_set.scala. Using presentation compiler with project's scala-library version: 3.8.4
2026.08.11 15:26:19 WARN  no build target for: C:\Users\rishi\BIG DATA\SCALA\list_map_tuple_set.scala
2026.08.11 15:26:19 INFO  no build target found for C:\Users\rishi\BIG DATA\SCALA\list_map_tuple_set.scala. Using presentation compiler with project's scala-library version: 3.8.4
2026.08.11 15:26:19 INFO  no build target found for C:\Users\rishi\BIG DATA\SCALA\list_map_tuple_set.scala. Using presentation compiler with project's scala-library version: 3.8.4
2026.08.11 15:26:19 INFO  no build target found for C:\Users\rishi\BIG DATA\SCALA\list_map_tuple_set.scala. Using presentation compiler with project's scala-library version: 3.8.4
2026.08.11 15:26:19 INFO  no build target found for C:\Users\rishi\BIG DATA\SCALA\list_map_tuple_set.scala. Using presentation compiler with project's scala-library version: 3.8.4
2026.08.11 15:26:29 INFO  no build target found for C:\Users\rishi\BIG DATA\SCALA\list_map_tuple_set.scala. Using presentation compiler with project's scala-library version: 3.8.4
2026.08.11 15:26:30 INFO  no build target found for C:\Users\rishi\BIG DATA\SCALA\list_map_tuple_set.scala. Using presentation compiler with project's scala-library version: 3.8.4
2026.08.11 15:26:30 INFO  no build target found for C:\Users\rishi\BIG DATA\SCALA\list_map_tuple_set.scala. Using presentation compiler with project's scala-library version: 3.8.4
2026.08.11 15:26:31 INFO  no build target found for C:\Users\rishi\BIG DATA\SCALA\list_map_tuple_set.scala. Using presentation compiler with project's scala-library version: 3.8.4
2026.08.11 15:26:31 INFO  no build target found for C:\Users\rishi\BIG DATA\SCALA\list_map_tuple_set.scala. Using presentation compiler with project's scala-library version: 3.8.4
2026.08.11 15:26:32 INFO  no build target found for C:\Users\rishi\BIG DATA\SCALA\list_map_tuple_set.scala. Using presentation compiler with project's scala-library version: 3.8.4
2026.08.11 15:26:32 INFO  no build target found for C:\Users\rishi\BIG DATA\SCALA\list_map_tuple_set.scala. Using presentation compiler with project's scala-library version: 3.8.4
2026.08.11 15:26:32 INFO  no build target found for C:\Users\rishi\BIG DATA\SCALA\list_map_tuple_set.scala. Using presentation compiler with project's scala-library version: 3.8.4
2026.08.11 15:26:32 INFO  no build target found for C:\Users\rishi\BIG DATA\SCALA\list_map_tuple_set.scala. Using presentation compiler with project's scala-library version: 3.8.4
2026.08.11 15:26:33 INFO  no build target found for C:\Users\rishi\BIG DATA\SCALA\list_map_tuple_set.scala. Using presentation compiler with project's scala-library version: 3.8.4
2026.08.11 15:26:33 INFO  no build target found for C:\Users\rishi\BIG DATA\SCALA\list_map_tuple_set.scala. Using presentation compiler with project's scala-library version: 3.8.4
2026.08.11 15:26:34 INFO  no build target found for C:\Users\rishi\BIG DATA\SCALA\list_map_tuple_set.scala. Using presentation compiler with project's scala-library version: 3.8.4
2026.08.11 15:26:34 INFO  no build target found for C:\Users\rishi\BIG DATA\SCALA\list_map_tuple_set.scala. Using presentation compiler with project's scala-library version: 3.8.4
2026.08.11 15:26:34 INFO  no build target found for C:\Users\rishi\BIG DATA\SCALA\list_map_tuple_set.scala. Using presentation compiler with project's scala-library version: 3.8.4
2026.08.11 15:26:34 INFO  no build target found for C:\Users\rishi\BIG DATA\SCALA\list_map_tuple_set.scala. Using presentation compiler with project's scala-library version: 3.8.4
2026.08.11 15:26:35 INFO  no build target found for C:\Users\rishi\BIG DATA\SCALA\list_map_tuple_set.scala. Using presentation compiler with project's scala-library version: 3.8.4
2026.08.11 15:26:35 INFO  no build target found for C:\Users\rishi\BIG DATA\SCALA\list_map_tuple_set.scala. Using presentation compiler with project's scala-library version: 3.8.4
2026.08.11 15:26:34 INFO  no build target found for C:\Users\rishi\BIG DATA\SCALA\list_map_tuple_set.scala. Using presentation compiler with project's scala-library version: 3.8.4
2026.08.11 15:26:36 INFO  no build target found for C:\Users\rishi\BIG DATA\SCALA\list_map_tuple_set.scala. Using presentation compiler with project's scala-library version: 3.8.4
2026.08.11 15:26:36 INFO  no build target found for C:\Users\rishi\BIG DATA\SCALA\list_map_tuple_set.scala. Using presentation compiler with project's scala-library version: 3.8.4
2026.08.11 15:26:36 INFO  no build target found for C:\Users\rishi\BIG DATA\SCALA\list_map_tuple_set.scala. Using presentation compiler with project's scala-library version: 3.8.4
2026.08.11 15:26:36 INFO  no build target found for C:\Users\rishi\BIG DATA\SCALA\list_map_tuple_set.scala. Using presentation compiler with project's scala-library version: 3.8.4
2026.08.11 15:26:36 INFO  no build target found for C:\Users\rishi\BIG DATA\SCALA\list_map_tuple_set.scala. Using presentation compiler with project's scala-library version: 3.8.4
2026.08.11 15:26:37 INFO  no build target found for C:\Users\rishi\BIG DATA\SCALA\list_map_tuple_set.scala. Using presentation compiler with project's scala-library version: 3.8.4
2026.08.11 15:26:37 INFO  no build target found for C:\Users\rishi\BIG DATA\SCALA\list_map_tuple_set.scala. Using presentation compiler with project's scala-library version: 3.8.4
2026.08.11 15:26:38 INFO  no build target found for C:\Users\rishi\BIG DATA\SCALA\list_map_tuple_set.scala. Using presentation compiler with project's scala-library version: 3.8.4
2026.08.11 15:26:38 INFO  no build target found for C:\Users\rishi\BIG DATA\SCALA\list_map_tuple_set.scala. Using presentation compiler with project's scala-library version: 3.8.4
2026.08.11 15:26:39 INFO  no build target found for C:\Users\rishi\BIG DATA\SCALA\list_map_tuple_set.scala. Using presentation compiler with project's scala-library version: 3.8.4
2026.08.11 15:26:39 INFO  no build target found for C:\Users\rishi\BIG DATA\SCALA\list_map_tuple_set.scala. Using presentation compiler with project's scala-library version: 3.8.4
2026.08.11 15:26:39 INFO  no build target found for C:\Users\rishi\BIG DATA\SCALA\list_map_tuple_set.scala. Using presentation compiler with project's scala-library version: 3.8.4
2026.08.11 15:26:39 INFO  no build target found for C:\Users\rishi\BIG DATA\SCALA\list_map_tuple_set.scala. Using presentation compiler with project's scala-library version: 3.8.4
2026.08.11 15:26:40 INFO  no build target found for C:\Users\rishi\BIG DATA\SCALA\list_map_tuple_set.scala. Using presentation compiler with project's scala-library version: 3.8.4
2026.08.11 15:26:40 INFO  no build target found for C:\Users\rishi\BIG DATA\SCALA\list_map_tuple_set.scala. Using presentation compiler with project's scala-library version: 3.8.4
2026.08.11 15:26:40 INFO  no build target found for C:\Users\rishi\BIG DATA\SCALA\list_map_tuple_set.scala. Using presentation compiler with project's scala-library version: 3.8.4
2026.08.11 15:26:40 INFO  no build target found for C:\Users\rishi\BIG DATA\SCALA\list_map_tuple_set.scala. Using presentation compiler with project's scala-library version: 3.8.4
2026.08.11 15:26:40 INFO  no build target found for C:\Users\rishi\BIG DATA\SCALA\list_map_tuple_set.scala. Using presentation compiler with project's scala-library version: 3.8.4
2026.08.11 15:26:40 INFO  no build target found for C:\Users\rishi\BIG DATA\SCALA\list_map_tuple_set.scala. Using presentation compiler with project's scala-library version: 3.8.4
2026.08.11 15:26:41 INFO  no build target found for C:\Users\rishi\BIG DATA\SCALA\list_map_tuple_set.scala. Using presentation compiler with project's scala-library version: 3.8.4
2026.08.11 15:26:41 INFO  no build target found for C:\Users\rishi\BIG DATA\SCALA\list_map_tuple_set.scala. Using presentation compiler with project's scala-library version: 3.8.4
2026.08.11 15:26:42 INFO  no build target found for C:\Users\rishi\BIG DATA\SCALA\list_map_tuple_set.scala. Using presentation compiler with project's scala-library version: 3.8.4
2026.08.11 15:26:42 INFO  no build target found for C:\Users\rishi\BIG DATA\SCALA\list_map_tuple_set.scala. Using presentation compiler with project's scala-library version: 3.8.4
2026.08.11 15:26:42 INFO  no build target found for C:\Users\rishi\BIG DATA\SCALA\list_map_tuple_set.scala. Using presentation compiler with project's scala-library version: 3.8.4
2026.08.11 15:26:42 INFO  no build target found for C:\Users\rishi\BIG DATA\SCALA\list_map_tuple_set.scala. Using presentation compiler with project's scala-library version: 3.8.4
2026.08.11 15:26:43 INFO  no build target found for C:\Users\rishi\BIG DATA\SCALA\list_map_tuple_set.scala. Using presentation compiler with project's scala-library version: 3.8.4
2026.08.11 15:26:43 INFO  no build target found for C:\Users\rishi\BIG DATA\SCALA\list_map_tuple_set.scala. Using presentation compiler with project's scala-library version: 3.8.4
2026.08.11 15:26:44 INFO  no build target found for C:\Users\rishi\BIG DATA\SCALA\list_map_tuple_set.scala. Using presentation compiler with project's scala-library version: 3.8.4
2026.08.11 15:26:44 INFO  no build target found for C:\Users\rishi\BIG DATA\SCALA\list_map_tuple_set.scala. Using presentation compiler with project's scala-library version: 3.8.4
2026.08.11 15:26:45 INFO  no build target found for C:\Users\rishi\BIG DATA\SCALA\list_map_tuple_set.scala. Using presentation compiler with project's scala-library version: 3.8.4
2026.08.11 15:26:45 INFO  no build target found for C:\Users\rishi\BIG DATA\SCALA\list_map_tuple_set.scala. Using presentation compiler with project's scala-library version: 3.8.4
2026.08.11 15:26:46 INFO  no build target found for C:\Users\rishi\BIG DATA\SCALA\list_map_tuple_set.scala. Using presentation compiler with project's scala-library version: 3.8.4
2026.08.11 15:26:46 INFO  no build target found for C:\Users\rishi\BIG DATA\SCALA\list_map_tuple_set.scala. Using presentation compiler with project's scala-library version: 3.8.4
2026.08.11 15:26:48 INFO  no build target found for C:\Users\rishi\BIG DATA\SCALA\list_map_tuple_set.scala. Using presentation compiler with project's scala-library version: 3.8.4
2026.08.11 15:26:48 INFO  no build target found for C:\Users\rishi\BIG DATA\SCALA\list_map_tuple_set.scala. Using presentation compiler with project's scala-library version: 3.8.4
2026.08.11 15:26:48 INFO  no build target found for C:\Users\rishi\BIG DATA\SCALA\list_map_tuple_set.scala. Using presentation compiler with project's scala-library version: 3.8.4
2026.08.11 15:26:49 INFO  no build target found for C:\Users\rishi\BIG DATA\SCALA\list_map_tuple_set.scala. Using presentation compiler with project's scala-library version: 3.8.4
2026.08.11 15:26:49 INFO  no build target found for C:\Users\rishi\BIG DATA\SCALA\list_map_tuple_set.scala. Using presentation compiler with project's scala-library version: 3.8.4
2026.08.11 15:26:50 INFO  no build target found for C:\Users\rishi\BIG DATA\SCALA\list_map_tuple_set.scala. Using presentation compiler with project's scala-library version: 3.8.4
2026.08.11 15:26:50 INFO  no build target found for C:\Users\rishi\BIG DATA\SCALA\list_map_tuple_set.scala. Using presentation compiler with project's scala-library version: 3.8.4
2026.08.11 15:26:51 INFO  no build target found for C:\Users\rishi\BIG DATA\SCALA\list_map_tuple_set.scala. Using presentation compiler with project's scala-library version: 3.8.4
2026.08.11 15:26:51 INFO  no build target found for C:\Users\rishi\BIG DATA\SCALA\list_map_tuple_set.scala. Using presentation compiler with project's scala-library version: 3.8.4
2026.08.11 15:26:51 INFO  no build target found for C:\Users\rishi\BIG DATA\SCALA\list_map_tuple_set.scala. Using presentation compiler with project's scala-library version: 3.8.4
2026.08.11 15:26:51 INFO  no build target found for C:\Users\rishi\BIG DATA\SCALA\list_map_tuple_set.scala. Using presentation compiler with project's scala-library version: 3.8.4
2026.08.11 15:26:52 INFO  no build target found for C:\Users\rishi\BIG DATA\SCALA\list_map_tuple_set.scala. Using presentation compiler with project's scala-library version: 3.8.4
2026.08.11 15:26:52 INFO  no build target found for C:\Users\rishi\BIG DATA\SCALA\list_map_tuple_set.scala. Using presentation compiler with project's scala-library version: 3.8.4
2026.08.11 15:26:52 INFO  no build target found for C:\Users\rishi\BIG DATA\SCALA\list_map_tuple_set.scala. Using presentation compiler with project's scala-library version: 3.8.4
2026.08.11 15:26:52 INFO  no build target found for C:\Users\rishi\BIG DATA\SCALA\list_map_tuple_set.scala. Using presentation compiler with project's scala-library version: 3.8.4
2026.08.11 15:26:53 INFO  no build target found for C:\Users\rishi\BIG DATA\SCALA\list_map_tuple_set.scala. Using presentation compiler with project's scala-library version: 3.8.4
2026.08.11 15:26:53 INFO  no build target found for C:\Users\rishi\BIG DATA\SCALA\list_map_tuple_set.scala. Using presentation compiler with project's scala-library version: 3.8.4
2026.08.11 15:26:53 INFO  no build target found for C:\Users\rishi\BIG DATA\SCALA\list_map_tuple_set.scala. Using presentation compiler with project's scala-library version: 3.8.4
2026.08.11 15:26:54 INFO  no build target found for C:\Users\rishi\BIG DATA\SCALA\list_map_tuple_set.scala. Using presentation compiler with project's scala-library version: 3.8.4
2026.08.11 15:26:54 INFO  no build target found for C:\Users\rishi\BIG DATA\SCALA\list_map_tuple_set.scala. Using presentation compiler with project's scala-library version: 3.8.4
2026.08.11 15:26:55 INFO  no build target found for C:\Users\rishi\BIG DATA\SCALA\list_map_tuple_set.scala. Using presentation compiler with project's scala-library version: 3.8.4
2026.08.11 15:26:55 INFO  no build target found for C:\Users\rishi\BIG DATA\SCALA\list_map_tuple_set.scala. Using presentation compiler with project's scala-library version: 3.8.4
2026.08.11 15:26:55 INFO  no build target found for C:\Users\rishi\BIG DATA\SCALA\list_map_tuple_set.scala. Using presentation compiler with project's scala-library version: 3.8.4
2026.08.11 15:26:55 INFO  no build target found for C:\Users\rishi\BIG DATA\SCALA\list_map_tuple_set.scala. Using presentation compiler with project's scala-library version: 3.8.4
2026.08.11 15:26:55 INFO  no build target found for C:\Users\rishi\BIG DATA\SCALA\list_map_tuple_set.scala. Using presentation compiler with project's scala-library version: 3.8.4
2026.08.11 15:26:56 INFO  no build target found for C:\Users\rishi\BIG DATA\SCALA\list_map_tuple_set.scala. Using presentation compiler with project's scala-library version: 3.8.4
2026.08.11 15:26:56 INFO  no build target found for C:\Users\rishi\BIG DATA\SCALA\list_map_tuple_set.scala. Using presentation compiler with project's scala-library version: 3.8.4
2026.08.11 15:26:57 INFO  no build target found for C:\Users\rishi\BIG DATA\SCALA\list_map_tuple_set.scala. Using presentation compiler with project's scala-library version: 3.8.4
2026.08.11 15:26:57 INFO  no build target found for C:\Users\rishi\BIG DATA\SCALA\list_map_tuple_set.scala. Using presentation compiler with project's scala-library version: 3.8.4
2026.08.11 15:27:10 ERROR scala.meta.internal.metals.debug.DiscoveryFailures$BuildTargetNotFoundForPathException: No build target could be found for the path: C:\Users\rishi\BIG DATA\SCALA\list_map_tuple_set.scala
	at scala.meta.internal.metals.debug.DebugDiscovery.validate(DebugDiscovery.scala:88)
	at scala.meta.internal.metals.debug.DebugDiscovery.debugDiscovery(DebugDiscovery.scala:164)
	at scala.meta.internal.metals.MetalsLspService.$anonfun$debugDiscovery$3(MetalsLspService.scala:1603)
	at scala.meta.internal.metals.MetalsLspService.afterCompilationFinished(MetalsLspService.scala:1598)
	at scala.meta.internal.metals.MetalsLspService.debugDiscovery(MetalsLspService.scala:1603)
	at scala.meta.internal.metals.WorkspaceLspService.executeCommand(WorkspaceLspService.scala:1157)
	at scala.meta.metals.lsp.DelegatingScalaService.executeCommand(DelegatingScalaService.scala:184)
	at jdk.internal.reflect.DirectMethodHandleAccessor.invoke(DirectMethodHandleAccessor.java:104)
	at java.lang.reflect.Method.invoke(Method.java:565)
	at org.eclipse.lsp4j.jsonrpc.services.GenericEndpoint.lambda$recursiveFindRpcMethods$0(GenericEndpoint.java:65)
	at org.eclipse.lsp4j.jsonrpc.services.GenericEndpoint.request(GenericEndpoint.java:128)
	at org.eclipse.lsp4j.jsonrpc.RemoteEndpoint.handleRequest(RemoteEndpoint.java:265)
	at org.eclipse.lsp4j.jsonrpc.RemoteEndpoint.consume(RemoteEndpoint.java:195)
	at org.eclipse.lsp4j.jsonrpc.json.StreamMessageProducer.handleMessage(StreamMessageProducer.java:189)
	at org.eclipse.lsp4j.jsonrpc.json.StreamMessageProducer.listen(StreamMessageProducer.java:97)
	at org.eclipse.lsp4j.jsonrpc.json.ConcurrentMessageProcessor.run(ConcurrentMessageProcessor.java:97)
	at java.util.concurrent.Executors$RunnableAdapter.call(Executors.java:545)
	at java.util.concurrent.FutureTask.run(FutureTask.java:330)
	at java.util.concurrent.ThreadPoolExecutor.runWorker(ThreadPoolExecutor.java:1090)
	at java.util.concurrent.ThreadPoolExecutor$Worker.run(ThreadPoolExecutor.java:614)
	at java.lang.Thread.run(Thread.java:1516)

2026.08.11 15:29:45 INFO  no build target found for C:\Users\rishi\BIG DATA\SCALA\list_map_tuple_set.scala. Using presentation compiler with project's scala-library version: 3.8.4
2026.08.11 15:29:45 INFO  no build target found for C:\Users\rishi\BIG DATA\SCALA\list_map_tuple_set.scala. Using presentation compiler with project's scala-library version: 3.8.4
2026.08.11 15:29:45 INFO  no build target found for C:\Users\rishi\BIG DATA\SCALA\list_map_tuple_set.scala. Using presentation compiler with project's scala-library version: 3.8.4
2026.08.11 15:29:45 INFO  no build target found for C:\Users\rishi\BIG DATA\SCALA\list_map_tuple_set.scala. Using presentation compiler with project's scala-library version: 3.8.4
2026.08.11 15:29:45 INFO  no build target found for C:\Users\rishi\BIG DATA\SCALA\list_map_tuple_set.scala. Using presentation compiler with project's scala-library version: 3.8.4
2026.08.11 15:29:45 INFO  no build target found for C:\Users\rishi\BIG DATA\SCALA\list_map_tuple_set.scala. Using presentation compiler with project's scala-library version: 3.8.4
2026.08.11 15:29:46 INFO  no build target found for C:\Users\rishi\BIG DATA\SCALA\list_map_tuple_set.scala. Using presentation compiler with project's scala-library version: 3.8.4
2026.08.11 15:29:45 INFO  no build target found for C:\Users\rishi\BIG DATA\SCALA\list_map_tuple_set.scala. Using presentation compiler with project's scala-library version: 3.8.4
2026.08.11 15:29:46 INFO  no build target found for C:\Users\rishi\BIG DATA\SCALA\list_map_tuple_set.scala. Using presentation compiler with project's scala-library version: 3.8.4
2026.08.11 15:29:48 INFO  no build target found for C:\Users\rishi\BIG DATA\SCALA\list_map_tuple_set.scala. Using presentation compiler with project's scala-library version: 3.8.4
2026.08.11 15:29:48 INFO  no build target found for C:\Users\rishi\BIG DATA\SCALA\list_map_tuple_set.scala. Using presentation compiler with project's scala-library version: 3.8.4
2026.08.11 15:29:48 INFO  no build target found for C:\Users\rishi\BIG DATA\SCALA\list_map_tuple_set.scala. Using presentation compiler with project's scala-library version: 3.8.4
2026.08.11 15:29:48 INFO  no build target found for C:\Users\rishi\BIG DATA\SCALA\list_map_tuple_set.scala. Using presentation compiler with project's scala-library version: 3.8.4
2026.08.11 15:29:48 INFO  no build target found for C:\Users\rishi\BIG DATA\SCALA\list_map_tuple_set.scala. Using presentation compiler with project's scala-library version: 3.8.4
2026.08.11 15:29:48 INFO  no build target found for C:\Users\rishi\BIG DATA\SCALA\list_map_tuple_set.scala. Using presentation compiler with project's scala-library version: 3.8.4
2026.08.11 15:29:48 INFO  no build target found for C:\Users\rishi\BIG DATA\SCALA\list_map_tuple_set.scala. Using presentation compiler with project's scala-library version: 3.8.4
2026.08.11 15:29:48 INFO  no build target found for C:\Users\rishi\BIG DATA\SCALA\list_map_tuple_set.scala. Using presentation compiler with project's scala-library version: 3.8.4
2026.08.11 15:29:48 INFO  no build target found for C:\Users\rishi\BIG DATA\SCALA\list_map_tuple_set.scala. Using presentation compiler with project's scala-library version: 3.8.4
2026.08.11 15:29:49 INFO  no build target found for C:\Users\rishi\BIG DATA\SCALA\list_map_tuple_set.scala. Using presentation compiler with project's scala-library version: 3.8.4
2026.08.11 15:29:50 INFO  no build target found for C:\Users\rishi\BIG DATA\SCALA\list_map_tuple_set.scala. Using presentation compiler with project's scala-library version: 3.8.4
2026.08.11 15:29:50 INFO  no build target found for C:\Users\rishi\BIG DATA\SCALA\list_map_tuple_set.scala. Using presentation compiler with project's scala-library version: 3.8.4
2026.08.11 15:29:51 INFO  no build target found for C:\Users\rishi\BIG DATA\SCALA\list_map_tuple_set.scala. Using presentation compiler with project's scala-library version: 3.8.4
2026.08.11 15:29:51 INFO  no build target found for C:\Users\rishi\BIG DATA\SCALA\list_map_tuple_set.scala. Using presentation compiler with project's scala-library version: 3.8.4
2026.08.11 15:29:50 INFO  no build target found for C:\Users\rishi\BIG DATA\SCALA\list_map_tuple_set.scala. Using presentation compiler with project's scala-library version: 3.8.4
2026.08.11 15:29:50 INFO  no build target found for C:\Users\rishi\BIG DATA\SCALA\list_map_tuple_set.scala. Using presentation compiler with project's scala-library version: 3.8.4
2026.08.11 15:29:51 INFO  no build target found for C:\Users\rishi\BIG DATA\SCALA\list_map_tuple_set.scala. Using presentation compiler with project's scala-library version: 3.8.4
2026.08.11 15:29:51 INFO  no build target found for C:\Users\rishi\BIG DATA\SCALA\list_map_tuple_set.scala. Using presentation compiler with project's scala-library version: 3.8.4
2026.08.11 15:30:06 INFO  no build target found for C:\Users\rishi\BIG DATA\SCALA\list_map_tuple_set.scala. Using presentation compiler with project's scala-library version: 3.8.4
2026.08.11 15:30:33 INFO  no build target found for C:\Users\rishi\BIG DATA\SCALA\list_map_tuple_set.scala. Using presentation compiler with project's scala-library version: 3.8.4
2026.08.11 15:30:33 INFO  no build target found for C:\Users\rishi\BIG DATA\SCALA\list_map_tuple_set.scala. Using presentation compiler with project's scala-library version: 3.8.4
2026.08.11 15:30:33 INFO  no build target found for C:\Users\rishi\BIG DATA\SCALA\list_map_tuple_set.scala. Using presentation compiler with project's scala-library version: 3.8.4
2026.08.11 15:31:00 INFO  no build target found for C:\Users\rishi\BIG DATA\SCALA\list_map_tuple_set.scala. Using presentation compiler with project's scala-library version: 3.8.4
2026.08.11 15:31:00 INFO  no build target found for C:\Users\rishi\BIG DATA\SCALA\list_map_tuple_set.scala. Using presentation compiler with project's scala-library version: 3.8.4
2026.08.11 15:32:33 WARN  no build target for: C:\Users\rishi\BIG DATA\SCALA\list_map_tuple_set.scala
2026.08.11 15:32:33 INFO  no build target found for C:\Users\rishi\BIG DATA\SCALA\list_map_tuple_set.scala. Using presentation compiler with project's scala-library version: 3.8.4
2026.08.11 15:32:33 INFO  skipping build import with status 'Installed'
2026.08.11 16:28:22 INFO  Shutting down server
2026.08.11 16:28:22 INFO  Memory monitor stopped
2026.08.11 16:28:22 INFO  shutting down Metals
2026.08.11 16:28:22 INFO  Shut down connection with build server.
2026.08.11 16:28:22 INFO  Shut down connection with build server.
2026.08.11 16:28:22 INFO  Exiting server
2026.09.01 14:48:00 INFO  Started: Metals version 1.6.8 in folders 'C:\Users\rishi\BIG DATA\SCALA' for client Visual Studio Code 1.135.0.
2026.09.01 14:48:00 INFO  Memory monitor started
2026.09.01 14:48:01 WARN  Using H2 2.4.240 which is newer than the version Flyway has been verified with. The latest verified version of H2 is 2.3.232.
2026.09.01 14:48:01 INFO  no build target found for C:\Users\rishi\BIG DATA\SCALA\list_map_tuple_set.scala. Using presentation compiler with project's scala-library version: 3.3.8
Sept 01, 2026 2:48:03 PM org.eclipse.lsp4j.jsonrpc.services.GenericEndpoint notify
INFO: Unsupported notification method: $/setTrace
Sept 01, 2026 2:48:03 PM org.eclipse.lsp4j.jsonrpc.RemoteEndpoint handleCancellation
WARNING: Unmatched cancel notification for request id 2
2026.09.01 14:48:03 INFO  no build target found for C:\Users\rishi\BIG DATA\SCALA\list_map_tuple_set.scala. Using presentation compiler with project's scala-library version: 3.3.8
2026.09.01 14:48:03 INFO  no build target found for C:\Users\rishi\BIG DATA\SCALA\list_map_tuple_set.scala. Using presentation compiler with project's scala-library version: 3.3.8
2026.09.01 14:48:03 INFO  Attempting to connect to the build server...
2026.09.01 14:48:03 INFO  No running Bloop server found, starting one.
2026.09.01 14:48:04 INFO  no build target found for C:\Users\rishi\BIG DATA\SCALA\list_map_tuple_set.scala. Using presentation compiler with project's scala-library version: 3.3.8
2026.09.01 14:48:04 INFO  Starting compilation server
2026.09.01 14:48:06 INFO  Tracing is disabled for protocol BSP. To enable tracing of incoming and outgoing JSON messages, create an empty file at C:\Users\rishi\BIG DATA\SCALA\.metals\bsp.trace.json or C:\Users\rishi\AppData\Local\scalameta\metals\cache\bsp.trace.json
2026.09.01 14:48:07 INFO  Attempting to connect to the build server...
2026.09.01 14:48:07 INFO  Found a Bloop server running
2026.09.01 14:48:07 INFO  Tracing is disabled for protocol BSP. To enable tracing of incoming and outgoing JSON messages, create an empty file at C:\Users\rishi\BIG DATA\SCALA\project\.metals\bsp.trace.json or C:\Users\rishi\AppData\Local\scalameta\metals\cache\bsp.trace.json
2026.09.01 14:48:08 INFO  time: Connected to build server in 4.39s
2026.09.01 14:48:07 INFO  Connected to Build server: Bloop v2.1.1
2026.09.01 14:48:08 INFO  time: Imported build in 0.19s
2026.09.01 14:48:10 WARN  Using H2 2.4.240 which is newer than the version Flyway has been verified with. The latest verified version of H2 is 2.3.232.
2026.09.01 14:48:13 INFO  time: indexed workspace in 4.79s
2026.09.01 14:48:13 WARN  no build target for: C:\Users\rishi\BIG DATA\SCALA\list_map_tuple_set.scala
2026.09.01 14:48:13 INFO  no build target found for C:\Users\rishi\BIG DATA\SCALA\list_map_tuple_set.scala. Using presentation compiler with project's scala-library version: 3.8.4
2026.09.01 14:48:13 INFO  no build target found for C:\Users\rishi\BIG DATA\SCALA\list_map_tuple_set.scala. Using presentation compiler with project's scala-library version: 3.8.4
2026.09.01 14:48:13 WARN  no build target for: C:\Users\rishi\BIG DATA\SCALA\list_map_tuple_set.scala
2026.09.01 14:48:15 INFO  time: code lens generation in 2.82s
2026.09.01 14:48:15 INFO  time: code lens generation in 2.82s
2026.09.01 14:48:15 INFO  time: code lens generation in 2.82s
2026.09.01 14:48:15 INFO  time: code lens generation in 2.49s
2026.09.01 14:48:15 INFO  time: code lens generation in 2.82s
2026.09.01 14:55:03 INFO  no build target found for C:\Users\rishi\BIG DATA\SCALA\closure.scala. Using presentation compiler with project's scala-library version: 3.8.4
2026.09.01 14:55:03 INFO  no build target found for C:\Users\rishi\BIG DATA\SCALA\closure.scala. Using presentation compiler with project's scala-library version: 3.8.4
2026.09.01 14:55:03 WARN  no build target for: C:\Users\rishi\BIG DATA\SCALA\closure.scala
2026.09.01 14:55:27 INFO  no build target found for C:\Users\rishi\BIG DATA\SCALA\closure.scala. Using presentation compiler with project's scala-library version: 3.8.4
2026.09.01 14:55:27 WARN  no build target for: C:\Users\rishi\BIG DATA\SCALA\closure.scala
2026.09.01 14:55:27 INFO  no build target found for C:\Users\rishi\BIG DATA\SCALA\closure.scala. Using presentation compiler with project's scala-library version: 3.8.4
2026.09.01 14:55:27 INFO  no build target found for C:\Users\rishi\BIG DATA\SCALA\closure.scala. Using presentation compiler with project's scala-library version: 3.8.4
2026.09.01 14:55:27 INFO  no build target found for C:\Users\rishi\BIG DATA\SCALA\closure.scala. Using presentation compiler with project's scala-library version: 3.8.4
Sept 01, 2026 2:55:31 PM org.eclipse.lsp4j.jsonrpc.RemoteEndpoint handleCancellation
WARNING: Unmatched cancel notification for request id 24
2026.09.01 14:55:32 INFO  compiling scala (13 scala sources)
2026.09.01 14:55:37 WARN  6 deprecations (since 2.13.0); re-run with -deprecation for details
2026.09.01 14:55:37 INFO  time: compiled scala in 6.05s
2026.09.01 14:55:49 INFO  no build target found for C:\Users\rishi\BIG DATA\SCALA\closure.scala. Using presentation compiler with project's scala-library version: 3.8.4
2026.09.01 14:55:49 WARN  no build target for: C:\Users\rishi\BIG DATA\SCALA\closure.scala
2026.09.01 14:55:49 INFO  no build target found for C:\Users\rishi\BIG DATA\SCALA\closure.scala. Using presentation compiler with project's scala-library version: 3.8.4
2026.09.01 14:55:50 INFO  no build target found for C:\Users\rishi\BIG DATA\SCALA\closure.scala. Using presentation compiler with project's scala-library version: 3.8.4
2026.09.01 14:55:52 ERROR scala.meta.internal.metals.debug.DiscoveryFailures$BuildTargetNotFoundForPathException: No build target could be found for the path: C:\Users\rishi\BIG DATA\SCALA\closure.scala
	at scala.meta.internal.metals.debug.DebugDiscovery.validate(DebugDiscovery.scala:88)
	at scala.meta.internal.metals.debug.DebugDiscovery.debugDiscovery(DebugDiscovery.scala:164)
	at scala.meta.internal.metals.debug.DebugDiscovery.runCommandDiscovery(DebugDiscovery.scala:66)
	at scala.meta.internal.metals.MetalsLspService.$anonfun$discoverMainClasses$1(MetalsLspService.scala:1641)
	at scala.meta.internal.metals.MetalsLspService.afterCompilationFinished(MetalsLspService.scala:1598)
	at scala.meta.internal.metals.MetalsLspService.discoverMainClasses(MetalsLspService.scala:1641)
	at scala.meta.internal.metals.WorkspaceLspService.executeCommand(WorkspaceLspService.scala:943)
	at scala.meta.metals.lsp.DelegatingScalaService.executeCommand(DelegatingScalaService.scala:184)
	at jdk.internal.reflect.DirectMethodHandleAccessor.invoke(DirectMethodHandleAccessor.java:104)
	at java.lang.reflect.Method.invoke(Method.java:565)
	at org.eclipse.lsp4j.jsonrpc.services.GenericEndpoint.lambda$recursiveFindRpcMethods$0(GenericEndpoint.java:65)
	at org.eclipse.lsp4j.jsonrpc.services.GenericEndpoint.request(GenericEndpoint.java:128)
	at org.eclipse.lsp4j.jsonrpc.RemoteEndpoint.handleRequest(RemoteEndpoint.java:265)
	at org.eclipse.lsp4j.jsonrpc.RemoteEndpoint.consume(RemoteEndpoint.java:195)
	at org.eclipse.lsp4j.jsonrpc.json.StreamMessageProducer.handleMessage(StreamMessageProducer.java:189)
	at org.eclipse.lsp4j.jsonrpc.json.StreamMessageProducer.listen(StreamMessageProducer.java:97)
	at org.eclipse.lsp4j.jsonrpc.json.ConcurrentMessageProcessor.run(ConcurrentMessageProcessor.java:97)
	at java.util.concurrent.Executors$RunnableAdapter.call(Executors.java:545)
	at java.util.concurrent.FutureTask.run(FutureTask.java:330)
	at java.util.concurrent.ThreadPoolExecutor.runWorker(ThreadPoolExecutor.java:1090)
	at java.util.concurrent.ThreadPoolExecutor$Worker.run(ThreadPoolExecutor.java:614)
	at java.lang.Thread.run(Thread.java:1516)

2026.09.01 14:55:52 ERROR scala.meta.internal.metals.debug.DiscoveryFailures$BuildTargetNotFoundForPathException: No build target could be found for the path: C:\Users\rishi\BIG DATA\SCALA\closure.scala
	at scala.meta.internal.metals.debug.DebugDiscovery.validate(DebugDiscovery.scala:88)
	at scala.meta.internal.metals.debug.DebugDiscovery.debugDiscovery(DebugDiscovery.scala:164)
	at scala.meta.internal.metals.MetalsLspService.$anonfun$debugDiscovery$3(MetalsLspService.scala:1603)
	at scala.meta.internal.metals.MetalsLspService.afterCompilationFinished(MetalsLspService.scala:1598)
	at scala.meta.internal.metals.MetalsLspService.debugDiscovery(MetalsLspService.scala:1603)
	at scala.meta.internal.metals.WorkspaceLspService.executeCommand(WorkspaceLspService.scala:1157)
	at scala.meta.metals.lsp.DelegatingScalaService.executeCommand(DelegatingScalaService.scala:184)
	at jdk.internal.reflect.DirectMethodHandleAccessor.invoke(DirectMethodHandleAccessor.java:104)
	at java.lang.reflect.Method.invoke(Method.java:565)
	at org.eclipse.lsp4j.jsonrpc.services.GenericEndpoint.lambda$recursiveFindRpcMethods$0(GenericEndpoint.java:65)
	at org.eclipse.lsp4j.jsonrpc.services.GenericEndpoint.request(GenericEndpoint.java:128)
	at org.eclipse.lsp4j.jsonrpc.RemoteEndpoint.handleRequest(RemoteEndpoint.java:265)
	at org.eclipse.lsp4j.jsonrpc.RemoteEndpoint.consume(RemoteEndpoint.java:195)
	at org.eclipse.lsp4j.jsonrpc.json.StreamMessageProducer.handleMessage(StreamMessageProducer.java:189)
	at org.eclipse.lsp4j.jsonrpc.json.StreamMessageProducer.listen(StreamMessageProducer.java:97)
	at org.eclipse.lsp4j.jsonrpc.json.ConcurrentMessageProcessor.run(ConcurrentMessageProcessor.java:97)
	at java.util.concurrent.Executors$RunnableAdapter.call(Executors.java:545)
	at java.util.concurrent.FutureTask.run(FutureTask.java:330)
	at java.util.concurrent.ThreadPoolExecutor.runWorker(ThreadPoolExecutor.java:1090)
	at java.util.concurrent.ThreadPoolExecutor$Worker.run(ThreadPoolExecutor.java:614)
	at java.lang.Thread.run(Thread.java:1516)

2026.09.01 14:56:08 WARN  no build target for: C:\Users\rishi\BIG DATA\SCALA\closure.scala
2026.09.01 14:56:08 INFO  skipping build import with status 'Installed'
2026.09.01 14:56:09 INFO  no build target found for C:\Users\rishi\BIG DATA\SCALA\closure.scala. Using presentation compiler with project's scala-library version: 3.8.4
2026.09.01 14:56:11 WARN  no build target for: C:\Users\rishi\BIG DATA\SCALA\closure.scala
2026.09.01 14:56:11 ERROR scala.meta.internal.metals.debug.DiscoveryFailures$BuildTargetNotFoundForPathException: No build target could be found for the path: C:\Users\rishi\BIG DATA\SCALA\closure.scala
	at scala.meta.internal.metals.debug.DebugDiscovery.validate(DebugDiscovery.scala:88)
	at scala.meta.internal.metals.debug.DebugDiscovery.debugDiscovery(DebugDiscovery.scala:164)
	at scala.meta.internal.metals.MetalsLspService.$anonfun$debugDiscovery$3(MetalsLspService.scala:1603)
	at scala.meta.internal.metals.MetalsLspService.afterCompilationFinished(MetalsLspService.scala:1598)
	at scala.meta.internal.metals.MetalsLspService.debugDiscovery(MetalsLspService.scala:1603)
	at scala.meta.internal.metals.WorkspaceLspService.executeCommand(WorkspaceLspService.scala:1157)
	at scala.meta.metals.lsp.DelegatingScalaService.executeCommand(DelegatingScalaService.scala:184)
	at jdk.internal.reflect.DirectMethodHandleAccessor.invoke(DirectMethodHandleAccessor.java:104)
	at java.lang.reflect.Method.invoke(Method.java:565)
	at org.eclipse.lsp4j.jsonrpc.services.GenericEndpoint.lambda$recursiveFindRpcMethods$0(GenericEndpoint.java:65)
	at org.eclipse.lsp4j.jsonrpc.services.GenericEndpoint.request(GenericEndpoint.java:128)
	at org.eclipse.lsp4j.jsonrpc.RemoteEndpoint.handleRequest(RemoteEndpoint.java:265)
	at org.eclipse.lsp4j.jsonrpc.RemoteEndpoint.consume(RemoteEndpoint.java:195)
	at org.eclipse.lsp4j.jsonrpc.json.StreamMessageProducer.handleMessage(StreamMessageProducer.java:189)
	at org.eclipse.lsp4j.jsonrpc.json.StreamMessageProducer.listen(StreamMessageProducer.java:97)
	at org.eclipse.lsp4j.jsonrpc.json.ConcurrentMessageProcessor.run(ConcurrentMessageProcessor.java:97)
	at java.util.concurrent.Executors$RunnableAdapter.call(Executors.java:545)
	at java.util.concurrent.FutureTask.run(FutureTask.java:330)
	at java.util.concurrent.ThreadPoolExecutor.runWorker(ThreadPoolExecutor.java:1090)
	at java.util.concurrent.ThreadPoolExecutor$Worker.run(ThreadPoolExecutor.java:614)
	at java.lang.Thread.run(Thread.java:1516)

2026.09.01 14:56:11 INFO  no build target found for C:\Users\rishi\BIG DATA\SCALA\closure.scala. Using presentation compiler with project's scala-library version: 3.8.4
2026.09.01 14:56:11 INFO  skipping build import with status 'Installed'
2026.09.01 14:56:36 ERROR scala.meta.internal.metals.debug.DiscoveryFailures$BuildTargetNotFoundForPathException: No build target could be found for the path: C:\Users\rishi\BIG DATA\SCALA\closure.scala
	at scala.meta.internal.metals.debug.DebugDiscovery.validate(DebugDiscovery.scala:88)
	at scala.meta.internal.metals.debug.DebugDiscovery.debugDiscovery(DebugDiscovery.scala:164)
	at scala.meta.internal.metals.debug.DebugDiscovery.runCommandDiscovery(DebugDiscovery.scala:66)
	at scala.meta.internal.metals.MetalsLspService.$anonfun$discoverMainClasses$1(MetalsLspService.scala:1641)
	at scala.meta.internal.metals.MetalsLspService.afterCompilationFinished(MetalsLspService.scala:1598)
	at scala.meta.internal.metals.MetalsLspService.discoverMainClasses(MetalsLspService.scala:1641)
	at scala.meta.internal.metals.WorkspaceLspService.executeCommand(WorkspaceLspService.scala:943)
	at scala.meta.metals.lsp.DelegatingScalaService.executeCommand(DelegatingScalaService.scala:184)
	at jdk.internal.reflect.DirectMethodHandleAccessor.invoke(DirectMethodHandleAccessor.java:104)
	at java.lang.reflect.Method.invoke(Method.java:565)
	at org.eclipse.lsp4j.jsonrpc.services.GenericEndpoint.lambda$recursiveFindRpcMethods$0(GenericEndpoint.java:65)
	at org.eclipse.lsp4j.jsonrpc.services.GenericEndpoint.request(GenericEndpoint.java:128)
	at org.eclipse.lsp4j.jsonrpc.RemoteEndpoint.handleRequest(RemoteEndpoint.java:265)
	at org.eclipse.lsp4j.jsonrpc.RemoteEndpoint.consume(RemoteEndpoint.java:195)
	at org.eclipse.lsp4j.jsonrpc.json.StreamMessageProducer.handleMessage(StreamMessageProducer.java:189)
	at org.eclipse.lsp4j.jsonrpc.json.StreamMessageProducer.listen(StreamMessageProducer.java:97)
	at org.eclipse.lsp4j.jsonrpc.json.ConcurrentMessageProcessor.run(ConcurrentMessageProcessor.java:97)
	at java.util.concurrent.Executors$RunnableAdapter.call(Executors.java:545)
	at java.util.concurrent.FutureTask.run(FutureTask.java:330)
	at java.util.concurrent.ThreadPoolExecutor.runWorker(ThreadPoolExecutor.java:1090)
	at java.util.concurrent.ThreadPoolExecutor$Worker.run(ThreadPoolExecutor.java:614)
	at java.lang.Thread.run(Thread.java:1516)

2026.09.01 14:57:49 WARN  no build target for: C:\Users\rishi\BIG DATA\SCALA\closure.scala
2026.09.01 14:57:49 ERROR scala.meta.internal.metals.debug.DiscoveryFailures$BuildTargetNotFoundForPathException: No build target could be found for the path: C:\Users\rishi\BIG DATA\SCALA\closure.scala
	at scala.meta.internal.metals.debug.DebugDiscovery.validate(DebugDiscovery.scala:88)
	at scala.meta.internal.metals.debug.DebugDiscovery.debugDiscovery(DebugDiscovery.scala:164)
	at scala.meta.internal.metals.MetalsLspService.$anonfun$debugDiscovery$3(MetalsLspService.scala:1603)
	at scala.meta.internal.metals.MetalsLspService.afterCompilationFinished(MetalsLspService.scala:1598)
	at scala.meta.internal.metals.MetalsLspService.debugDiscovery(MetalsLspService.scala:1603)
	at scala.meta.internal.metals.WorkspaceLspService.executeCommand(WorkspaceLspService.scala:1157)
	at scala.meta.metals.lsp.DelegatingScalaService.executeCommand(DelegatingScalaService.scala:184)
	at jdk.internal.reflect.DirectMethodHandleAccessor.invoke(DirectMethodHandleAccessor.java:104)
	at java.lang.reflect.Method.invoke(Method.java:565)
	at org.eclipse.lsp4j.jsonrpc.services.GenericEndpoint.lambda$recursiveFindRpcMethods$0(GenericEndpoint.java:65)
	at org.eclipse.lsp4j.jsonrpc.services.GenericEndpoint.request(GenericEndpoint.java:128)
	at org.eclipse.lsp4j.jsonrpc.RemoteEndpoint.handleRequest(RemoteEndpoint.java:265)
	at org.eclipse.lsp4j.jsonrpc.RemoteEndpoint.consume(RemoteEndpoint.java:195)
	at org.eclipse.lsp4j.jsonrpc.json.StreamMessageProducer.handleMessage(StreamMessageProducer.java:189)
	at org.eclipse.lsp4j.jsonrpc.json.StreamMessageProducer.listen(StreamMessageProducer.java:97)
	at org.eclipse.lsp4j.jsonrpc.json.ConcurrentMessageProcessor.run(ConcurrentMessageProcessor.java:97)
	at java.util.concurrent.Executors$RunnableAdapter.call(Executors.java:545)
	at java.util.concurrent.FutureTask.run(FutureTask.java:330)
	at java.util.concurrent.ThreadPoolExecutor.runWorker(ThreadPoolExecutor.java:1090)
	at java.util.concurrent.ThreadPoolExecutor$Worker.run(ThreadPoolExecutor.java:614)
	at java.lang.Thread.run(Thread.java:1516)

2026.09.01 14:57:49 INFO  no build target found for C:\Users\rishi\BIG DATA\SCALA\closure.scala. Using presentation compiler with project's scala-library version: 3.8.4
2026.09.01 14:57:49 INFO  skipping build import with status 'Installed'
2026.09.01 14:57:52 INFO  no build target found for C:\Users\rishi\BIG DATA\SCALA\closure.scala. Using presentation compiler with project's scala-library version: 3.8.4
2026.09.01 14:58:35 INFO  no build target found for C:\Users\rishi\BIG DATA\SCALA\closure.scala. Using presentation compiler with project's scala-library version: 3.8.4
2026.09.01 14:58:35 INFO  no build target found for C:\Users\rishi\BIG DATA\SCALA\closure.scala. Using presentation compiler with project's scala-library version: 3.8.4
2026.09.01 14:58:35 INFO  no build target found for C:\Users\rishi\BIG DATA\SCALA\closure.scala. Using presentation compiler with project's scala-library version: 3.8.4
2026.09.01 14:58:35 INFO  no build target found for C:\Users\rishi\BIG DATA\SCALA\closure.scala. Using presentation compiler with project's scala-library version: 3.8.4
2026.09.01 14:58:35 INFO  no build target found for C:\Users\rishi\BIG DATA\SCALA\closure.scala. Using presentation compiler with project's scala-library version: 3.8.4
2026.09.01 14:58:36 INFO  no build target found for C:\Users\rishi\BIG DATA\SCALA\closure.scala. Using presentation compiler with project's scala-library version: 3.8.4
2026.09.01 14:58:36 INFO  no build target found for C:\Users\rishi\BIG DATA\SCALA\closure.scala. Using presentation compiler with project's scala-library version: 3.8.4
2026.09.01 14:58:37 INFO  no build target found for C:\Users\rishi\BIG DATA\SCALA\closure.scala. Using presentation compiler with project's scala-library version: 3.8.4
2026.09.01 14:58:37 INFO  no build target found for C:\Users\rishi\BIG DATA\SCALA\closure.scala. Using presentation compiler with project's scala-library version: 3.8.4
2026.09.01 14:58:37 INFO  no build target found for C:\Users\rishi\BIG DATA\SCALA\closure.scala. Using presentation compiler with project's scala-library version: 3.8.4
2026.09.01 14:58:36 INFO  no build target found for C:\Users\rishi\BIG DATA\SCALA\closure.scala. Using presentation compiler with project's scala-library version: 3.8.4
2026.09.01 14:58:37 INFO  no build target found for C:\Users\rishi\BIG DATA\SCALA\closure.scala. Using presentation compiler with project's scala-library version: 3.8.4
2026.09.01 14:58:37 INFO  no build target found for C:\Users\rishi\BIG DATA\SCALA\closure.scala. Using presentation compiler with project's scala-library version: 3.8.4
2026.09.01 14:58:38 INFO  no build target found for C:\Users\rishi\BIG DATA\SCALA\closure.scala. Using presentation compiler with project's scala-library version: 3.8.4
2026.09.01 14:58:38 INFO  no build target found for C:\Users\rishi\BIG DATA\SCALA\closure.scala. Using presentation compiler with project's scala-library version: 3.8.4
2026.09.01 14:58:38 INFO  no build target found for C:\Users\rishi\BIG DATA\SCALA\closure.scala. Using presentation compiler with project's scala-library version: 3.8.4
2026.09.01 14:58:38 INFO  no build target found for C:\Users\rishi\BIG DATA\SCALA\closure.scala. Using presentation compiler with project's scala-library version: 3.8.4
2026.09.01 14:58:38 INFO  no build target found for C:\Users\rishi\BIG DATA\SCALA\closure.scala. Using presentation compiler with project's scala-library version: 3.8.4
2026.09.01 14:58:38 INFO  no build target found for C:\Users\rishi\BIG DATA\SCALA\closure.scala. Using presentation compiler with project's scala-library version: 3.8.4
2026.09.01 14:58:38 INFO  no build target found for C:\Users\rishi\BIG DATA\SCALA\closure.scala. Using presentation compiler with project's scala-library version: 3.8.4
2026.09.01 14:58:38 INFO  no build target found for C:\Users\rishi\BIG DATA\SCALA\closure.scala. Using presentation compiler with project's scala-library version: 3.8.4
2026.09.01 14:58:39 INFO  no build target found for C:\Users\rishi\BIG DATA\SCALA\closure.scala. Using presentation compiler with project's scala-library version: 3.8.4
2026.09.01 14:58:39 INFO  no build target found for C:\Users\rishi\BIG DATA\SCALA\closure.scala. Using presentation compiler with project's scala-library version: 3.8.4
2026.09.01 14:58:39 INFO  no build target found for C:\Users\rishi\BIG DATA\SCALA\closure.scala. Using presentation compiler with project's scala-library version: 3.8.4
2026.09.01 14:58:39 INFO  no build target found for C:\Users\rishi\BIG DATA\SCALA\closure.scala. Using presentation compiler with project's scala-library version: 3.8.4
2026.09.01 14:58:38 INFO  no build target found for C:\Users\rishi\BIG DATA\SCALA\closure.scala. Using presentation compiler with project's scala-library version: 3.8.4
2026.09.01 14:58:39 INFO  no build target found for C:\Users\rishi\BIG DATA\SCALA\closure.scala. Using presentation compiler with project's scala-library version: 3.8.4
2026.09.01 14:58:39 INFO  no build target found for C:\Users\rishi\BIG DATA\SCALA\closure.scala. Using presentation compiler with project's scala-library version: 3.8.4
2026.09.01 14:58:39 INFO  no build target found for C:\Users\rishi\BIG DATA\SCALA\closure.scala. Using presentation compiler with project's scala-library version: 3.8.4
2026.09.01 14:58:39 INFO  no build target found for C:\Users\rishi\BIG DATA\SCALA\closure.scala. Using presentation compiler with project's scala-library version: 3.8.4
2026.09.01 14:58:40 INFO  no build target found for C:\Users\rishi\BIG DATA\SCALA\closure.scala. Using presentation compiler with project's scala-library version: 3.8.4
2026.09.01 14:58:39 INFO  no build target found for C:\Users\rishi\BIG DATA\SCALA\closure.scala. Using presentation compiler with project's scala-library version: 3.8.4
2026.09.01 14:58:40 INFO  no build target found for C:\Users\rishi\BIG DATA\SCALA\closure.scala. Using presentation compiler with project's scala-library version: 3.8.4
2026.09.01 14:58:40 INFO  no build target found for C:\Users\rishi\BIG DATA\SCALA\closure.scala. Using presentation compiler with project's scala-library version: 3.8.4
2026.09.01 14:58:40 INFO  no build target found for C:\Users\rishi\BIG DATA\SCALA\closure.scala. Using presentation compiler with project's scala-library version: 3.8.4
2026.09.01 14:58:40 INFO  no build target found for C:\Users\rishi\BIG DATA\SCALA\closure.scala. Using presentation compiler with project's scala-library version: 3.8.4
2026.09.01 14:58:40 INFO  no build target found for C:\Users\rishi\BIG DATA\SCALA\closure.scala. Using presentation compiler with project's scala-library version: 3.8.4
2026.09.01 14:58:40 INFO  no build target found for C:\Users\rishi\BIG DATA\SCALA\closure.scala. Using presentation compiler with project's scala-library version: 3.8.4
2026.09.01 14:58:40 INFO  no build target found for C:\Users\rishi\BIG DATA\SCALA\closure.scala. Using presentation compiler with project's scala-library version: 3.8.4
2026.09.01 14:58:41 INFO  no build target found for C:\Users\rishi\BIG DATA\SCALA\closure.scala. Using presentation compiler with project's scala-library version: 3.8.4
2026.09.01 14:58:40 INFO  no build target found for C:\Users\rishi\BIG DATA\SCALA\closure.scala. Using presentation compiler with project's scala-library version: 3.8.4
2026.09.01 14:58:41 INFO  no build target found for C:\Users\rishi\BIG DATA\SCALA\closure.scala. Using presentation compiler with project's scala-library version: 3.8.4
2026.09.01 14:58:41 INFO  no build target found for C:\Users\rishi\BIG DATA\SCALA\closure.scala. Using presentation compiler with project's scala-library version: 3.8.4
2026.09.01 14:58:41 INFO  no build target found for C:\Users\rishi\BIG DATA\SCALA\closure.scala. Using presentation compiler with project's scala-library version: 3.8.4
2026.09.01 14:58:42 INFO  no build target found for C:\Users\rishi\BIG DATA\SCALA\closure.scala. Using presentation compiler with project's scala-library version: 3.8.4
2026.09.01 14:58:41 INFO  no build target found for C:\Users\rishi\BIG DATA\SCALA\closure.scala. Using presentation compiler with project's scala-library version: 3.8.4
2026.09.01 14:58:42 INFO  no build target found for C:\Users\rishi\BIG DATA\SCALA\closure.scala. Using presentation compiler with project's scala-library version: 3.8.4
2026.09.01 14:58:43 INFO  no build target found for C:\Users\rishi\BIG DATA\SCALA\closure.scala. Using presentation compiler with project's scala-library version: 3.8.4
2026.09.01 14:58:43 INFO  no build target found for C:\Users\rishi\BIG DATA\SCALA\closure.scala. Using presentation compiler with project's scala-library version: 3.8.4
2026.09.01 14:58:43 INFO  no build target found for C:\Users\rishi\BIG DATA\SCALA\closure.scala. Using presentation compiler with project's scala-library version: 3.8.4
2026.09.01 15:01:01 INFO  no build target found for C:\Users\rishi\BIG DATA\SCALA\closure.scala. Using presentation compiler with project's scala-library version: 3.8.4
2026.09.01 15:01:01 INFO  no build target found for C:\Users\rishi\BIG DATA\SCALA\closure.scala. Using presentation compiler with project's scala-library version: 3.8.4
2026.09.01 15:01:01 INFO  no build target found for C:\Users\rishi\BIG DATA\SCALA\closure.scala. Using presentation compiler with project's scala-library version: 3.8.4
2026.09.01 15:01:01 INFO  no build target found for C:\Users\rishi\BIG DATA\SCALA\closure.scala. Using presentation compiler with project's scala-library version: 3.8.4
2026.09.01 15:01:01 INFO  no build target found for C:\Users\rishi\BIG DATA\SCALA\closure.scala. Using presentation compiler with project's scala-library version: 3.8.4
2026.09.01 15:01:01 INFO  no build target found for C:\Users\rishi\BIG DATA\SCALA\closure.scala. Using presentation compiler with project's scala-library version: 3.8.4
2026.09.01 15:01:01 INFO  no build target found for C:\Users\rishi\BIG DATA\SCALA\closure.scala. Using presentation compiler with project's scala-library version: 3.8.4
2026.09.01 15:01:01 INFO  no build target found for C:\Users\rishi\BIG DATA\SCALA\closure.scala. Using presentation compiler with project's scala-library version: 3.8.4
2026.09.01 15:01:01 INFO  no build target found for C:\Users\rishi\BIG DATA\SCALA\closure.scala. Using presentation compiler with project's scala-library version: 3.8.4
2026.09.01 15:01:02 INFO  no build target found for C:\Users\rishi\BIG DATA\SCALA\closure.scala. Using presentation compiler with project's scala-library version: 3.8.4
2026.09.01 15:01:02 INFO  no build target found for C:\Users\rishi\BIG DATA\SCALA\closure.scala. Using presentation compiler with project's scala-library version: 3.8.4
2026.09.01 15:01:03 INFO  no build target found for C:\Users\rishi\BIG DATA\SCALA\closure.scala. Using presentation compiler with project's scala-library version: 3.8.4
2026.09.01 15:01:02 INFO  no build target found for C:\Users\rishi\BIG DATA\SCALA\closure.scala. Using presentation compiler with project's scala-library version: 3.8.4
2026.09.01 15:01:03 INFO  no build target found for C:\Users\rishi\BIG DATA\SCALA\closure.scala. Using presentation compiler with project's scala-library version: 3.8.4
2026.09.01 15:01:21 INFO  no build target found for C:\Users\rishi\BIG DATA\SCALA\closure.scala. Using presentation compiler with project's scala-library version: 3.8.4
2026.09.01 15:01:35 INFO  no build target found for C:\Users\rishi\BIG DATA\SCALA\closure.scala. Using presentation compiler with project's scala-library version: 3.8.4
2026.09.01 15:01:39 WARN  no build target for: C:\Users\rishi\BIG DATA\SCALA\closure.scala
2026.09.01 15:01:39 INFO  no build target found for C:\Users\rishi\BIG DATA\SCALA\closure.scala. Using presentation compiler with project's scala-library version: 3.8.4
2026.09.01 15:01:39 INFO  skipping build import with status 'Installed'
2026.09.01 15:01:45 INFO  no build target found for C:\Users\rishi\BIG DATA\SCALA\closure.scala. Using presentation compiler with project's scala-library version: 3.8.4
2026.09.01 15:01:46 INFO  no build target found for C:\Users\rishi\BIG DATA\SCALA\closure.scala. Using presentation compiler with project's scala-library version: 3.8.4
2026.09.01 15:01:50 INFO  no build target found for C:\Users\rishi\BIG DATA\SCALA\closure.scala. Using presentation compiler with project's scala-library version: 3.8.4
2026.09.01 15:02:14 INFO  no build target found for C:\Users\rishi\BIG DATA\SCALA\closure.scala. Using presentation compiler with project's scala-library version: 3.8.4
2026.09.01 15:04:37 INFO  no build target found for C:\Users\rishi\BIG DATA\SCALA\closure.scala. Using presentation compiler with project's scala-library version: 3.8.4
2026.09.01 15:04:37 INFO  no build target found for C:\Users\rishi\BIG DATA\SCALA\closure.scala. Using presentation compiler with project's scala-library version: 3.8.4
2026.09.01 15:04:38 INFO  no build target found for C:\Users\rishi\BIG DATA\SCALA\closure.scala. Using presentation compiler with project's scala-library version: 3.8.4
2026.09.01 15:04:38 INFO  no build target found for C:\Users\rishi\BIG DATA\SCALA\closure.scala. Using presentation compiler with project's scala-library version: 3.8.4
2026.09.01 15:04:38 INFO  no build target found for C:\Users\rishi\BIG DATA\SCALA\closure.scala. Using presentation compiler with project's scala-library version: 3.8.4
2026.09.01 15:04:41 INFO  no build target found for C:\Users\rishi\BIG DATA\SCALA\closure.scala. Using presentation compiler with project's scala-library version: 3.8.4
2026.09.01 15:04:41 INFO  no build target found for C:\Users\rishi\BIG DATA\SCALA\closure.scala. Using presentation compiler with project's scala-library version: 3.8.4
2026.09.01 15:04:41 INFO  no build target found for C:\Users\rishi\BIG DATA\SCALA\closure.scala. Using presentation compiler with project's scala-library version: 3.8.4
2026.09.01 15:04:41 INFO  no build target found for C:\Users\rishi\BIG DATA\SCALA\closure.scala. Using presentation compiler with project's scala-library version: 3.8.4
2026.09.01 15:04:41 INFO  no build target found for C:\Users\rishi\BIG DATA\SCALA\closure.scala. Using presentation compiler with project's scala-library version: 3.8.4
2026.09.01 15:04:42 INFO  no build target found for C:\Users\rishi\BIG DATA\SCALA\closure.scala. Using presentation compiler with project's scala-library version: 3.8.4
2026.09.01 15:04:41 INFO  no build target found for C:\Users\rishi\BIG DATA\SCALA\closure.scala. Using presentation compiler with project's scala-library version: 3.8.4
2026.09.01 15:04:42 INFO  no build target found for C:\Users\rishi\BIG DATA\SCALA\closure.scala. Using presentation compiler with project's scala-library version: 3.8.4
2026.09.01 15:04:46 INFO  no build target found for C:\Users\rishi\BIG DATA\SCALA\closure.scala. Using presentation compiler with project's scala-library version: 3.8.4
2026.09.01 15:04:50 INFO  no build target found for C:\Users\rishi\BIG DATA\SCALA\closure.scala. Using presentation compiler with project's scala-library version: 3.8.4
2026.09.01 15:04:53 INFO  no build target found for C:\Users\rishi\BIG DATA\SCALA\closure.scala. Using presentation compiler with project's scala-library version: 3.8.4
2026.09.01 15:05:33 INFO  no build target found for C:\Users\rishi\BIG DATA\SCALA\closure.scala. Using presentation compiler with project's scala-library version: 3.8.4
2026.09.01 15:08:19 WARN  no build target for: C:\Users\rishi\BIG DATA\SCALA\closure.scala
2026.09.01 15:08:19 INFO  skipping build import with status 'Installed'
2026.09.01 15:08:19 INFO  no build target found for C:\Users\rishi\BIG DATA\SCALA\closure.scala. Using presentation compiler with project's scala-library version: 3.8.4
2026.09.01 15:08:19 ERROR scala.meta.internal.metals.debug.DiscoveryFailures$BuildTargetNotFoundForPathException: No build target could be found for the path: C:\Users\rishi\BIG DATA\SCALA\closure.scala
	at scala.meta.internal.metals.debug.DebugDiscovery.validate(DebugDiscovery.scala:88)
	at scala.meta.internal.metals.debug.DebugDiscovery.debugDiscovery(DebugDiscovery.scala:164)
	at scala.meta.internal.metals.debug.DebugDiscovery.runCommandDiscovery(DebugDiscovery.scala:66)
	at scala.meta.internal.metals.MetalsLspService.$anonfun$discoverMainClasses$1(MetalsLspService.scala:1641)
	at scala.meta.internal.metals.MetalsLspService.afterCompilationFinished(MetalsLspService.scala:1598)
	at scala.meta.internal.metals.MetalsLspService.discoverMainClasses(MetalsLspService.scala:1641)
	at scala.meta.internal.metals.WorkspaceLspService.executeCommand(WorkspaceLspService.scala:943)
	at scala.meta.metals.lsp.DelegatingScalaService.executeCommand(DelegatingScalaService.scala:184)
	at jdk.internal.reflect.DirectMethodHandleAccessor.invoke(DirectMethodHandleAccessor.java:104)
	at java.lang.reflect.Method.invoke(Method.java:565)
	at org.eclipse.lsp4j.jsonrpc.services.GenericEndpoint.lambda$recursiveFindRpcMethods$0(GenericEndpoint.java:65)
	at org.eclipse.lsp4j.jsonrpc.services.GenericEndpoint.request(GenericEndpoint.java:128)
	at org.eclipse.lsp4j.jsonrpc.RemoteEndpoint.handleRequest(RemoteEndpoint.java:265)
	at org.eclipse.lsp4j.jsonrpc.RemoteEndpoint.consume(RemoteEndpoint.java:195)
	at org.eclipse.lsp4j.jsonrpc.json.StreamMessageProducer.handleMessage(StreamMessageProducer.java:189)
	at org.eclipse.lsp4j.jsonrpc.json.StreamMessageProducer.listen(StreamMessageProducer.java:97)
	at org.eclipse.lsp4j.jsonrpc.json.ConcurrentMessageProcessor.run(ConcurrentMessageProcessor.java:97)
	at java.util.concurrent.Executors$RunnableAdapter.call(Executors.java:545)
	at java.util.concurrent.FutureTask.run(FutureTask.java:330)
	at java.util.concurrent.ThreadPoolExecutor.runWorker(ThreadPoolExecutor.java:1090)
	at java.util.concurrent.ThreadPoolExecutor$Worker.run(ThreadPoolExecutor.java:614)
	at java.lang.Thread.run(Thread.java:1516)

2026.09.01 15:09:09 WARN  no build target for: C:\Users\rishi\BIG DATA\SCALA\closure.scala
2026.09.01 15:09:09 ERROR scala.meta.internal.metals.debug.DiscoveryFailures$BuildTargetNotFoundForPathException: No build target could be found for the path: C:\Users\rishi\BIG DATA\SCALA\closure.scala
	at scala.meta.internal.metals.debug.DebugDiscovery.validate(DebugDiscovery.scala:88)
	at scala.meta.internal.metals.debug.DebugDiscovery.debugDiscovery(DebugDiscovery.scala:164)
	at scala.meta.internal.metals.MetalsLspService.$anonfun$debugDiscovery$3(MetalsLspService.scala:1603)
	at scala.meta.internal.metals.MetalsLspService.afterCompilationFinished(MetalsLspService.scala:1598)
	at scala.meta.internal.metals.MetalsLspService.debugDiscovery(MetalsLspService.scala:1603)
	at scala.meta.internal.metals.WorkspaceLspService.executeCommand(WorkspaceLspService.scala:1157)
	at scala.meta.metals.lsp.DelegatingScalaService.executeCommand(DelegatingScalaService.scala:184)
	at jdk.internal.reflect.DirectMethodHandleAccessor.invoke(DirectMethodHandleAccessor.java:104)
	at java.lang.reflect.Method.invoke(Method.java:565)
	at org.eclipse.lsp4j.jsonrpc.services.GenericEndpoint.lambda$recursiveFindRpcMethods$0(GenericEndpoint.java:65)
	at org.eclipse.lsp4j.jsonrpc.services.GenericEndpoint.request(GenericEndpoint.java:128)
	at org.eclipse.lsp4j.jsonrpc.RemoteEndpoint.handleRequest(RemoteEndpoint.java:265)
	at org.eclipse.lsp4j.jsonrpc.RemoteEndpoint.consume(RemoteEndpoint.java:195)
	at org.eclipse.lsp4j.jsonrpc.json.StreamMessageProducer.handleMessage(StreamMessageProducer.java:189)
	at org.eclipse.lsp4j.jsonrpc.json.StreamMessageProducer.listen(StreamMessageProducer.java:97)
	at org.eclipse.lsp4j.jsonrpc.json.ConcurrentMessageProcessor.run(ConcurrentMessageProcessor.java:97)
	at java.util.concurrent.Executors$RunnableAdapter.call(Executors.java:545)
	at java.util.concurrent.FutureTask.run(FutureTask.java:330)
	at java.util.concurrent.ThreadPoolExecutor.runWorker(ThreadPoolExecutor.java:1090)
	at java.util.concurrent.ThreadPoolExecutor$Worker.run(ThreadPoolExecutor.java:614)
	at java.lang.Thread.run(Thread.java:1516)

2026.09.01 15:09:09 INFO  skipping build import with status 'Installed'
2026.09.01 15:09:09 INFO  no build target found for C:\Users\rishi\BIG DATA\SCALA\closure.scala. Using presentation compiler with project's scala-library version: 3.8.4
2026.09.01 15:09:12 INFO  no build target found for C:\Users\rishi\BIG DATA\SCALA\closure.scala. Using presentation compiler with project's scala-library version: 3.8.4
2026.09.01 15:09:12 INFO  no build target found for C:\Users\rishi\BIG DATA\SCALA\closure.scala. Using presentation compiler with project's scala-library version: 3.8.4
2026.09.01 15:09:12 INFO  no build target found for C:\Users\rishi\BIG DATA\SCALA\closure.scala. Using presentation compiler with project's scala-library version: 3.8.4
2026.09.01 15:09:13 INFO  no build target found for C:\Users\rishi\BIG DATA\SCALA\closure.scala. Using presentation compiler with project's scala-library version: 3.8.4
2026.09.01 15:09:13 INFO  no build target found for C:\Users\rishi\BIG DATA\SCALA\closure.scala. Using presentation compiler with project's scala-library version: 3.8.4
2026.09.01 15:09:13 INFO  no build target found for C:\Users\rishi\BIG DATA\SCALA\closure.scala. Using presentation compiler with project's scala-library version: 3.8.4
2026.09.01 15:09:13 INFO  no build target found for C:\Users\rishi\BIG DATA\SCALA\closure.scala. Using presentation compiler with project's scala-library version: 3.8.4
2026.09.01 15:09:13 INFO  no build target found for C:\Users\rishi\BIG DATA\SCALA\closure.scala. Using presentation compiler with project's scala-library version: 3.8.4
2026.09.01 15:09:14 INFO  no build target found for C:\Users\rishi\BIG DATA\SCALA\closure.scala. Using presentation compiler with project's scala-library version: 3.8.4
2026.09.01 15:09:14 INFO  no build target found for C:\Users\rishi\BIG DATA\SCALA\closure.scala. Using presentation compiler with project's scala-library version: 3.8.4
2026.09.01 15:09:14 INFO  no build target found for C:\Users\rishi\BIG DATA\SCALA\closure.scala. Using presentation compiler with project's scala-library version: 3.8.4
2026.09.01 15:09:14 INFO  no build target found for C:\Users\rishi\BIG DATA\SCALA\closure.scala. Using presentation compiler with project's scala-library version: 3.8.4
2026.09.01 15:09:14 INFO  no build target found for C:\Users\rishi\BIG DATA\SCALA\closure.scala. Using presentation compiler with project's scala-library version: 3.8.4
2026.09.01 15:09:14 INFO  no build target found for C:\Users\rishi\BIG DATA\SCALA\closure.scala. Using presentation compiler with project's scala-library version: 3.8.4
2026.09.01 15:09:15 INFO  no build target found for C:\Users\rishi\BIG DATA\SCALA\closure.scala. Using presentation compiler with project's scala-library version: 3.8.4
2026.09.01 15:09:22 INFO  no build target found for C:\Users\rishi\BIG DATA\SCALA\closure.scala. Using presentation compiler with project's scala-library version: 3.8.4
2026.09.01 15:09:26 INFO  no build target found for C:\Users\rishi\BIG DATA\SCALA\closure.scala. Using presentation compiler with project's scala-library version: 3.8.4
2026.09.01 15:09:28 WARN  no build target for: C:\Users\rishi\BIG DATA\SCALA\closure.scala
2026.09.01 15:09:28 INFO  no build target found for C:\Users\rishi\BIG DATA\SCALA\closure.scala. Using presentation compiler with project's scala-library version: 3.8.4
2026.09.01 15:09:28 INFO  skipping build import with status 'Installed'
2026.09.01 15:09:34 INFO  no build target found for C:\Users\rishi\BIG DATA\SCALA\closure.scala. Using presentation compiler with project's scala-library version: 3.8.4
2026.09.01 15:10:21 INFO  no build target found for C:\Users\rishi\BIG DATA\SCALA\closure.scala. Using presentation compiler with project's scala-library version: 3.8.4
2026.09.01 15:10:22 INFO  no build target found for C:\Users\rishi\BIG DATA\SCALA\closure.scala. Using presentation compiler with project's scala-library version: 3.8.4
2026.09.01 15:11:06 INFO  no build target found for C:\Users\rishi\BIG DATA\SCALA\closure.scala. Using presentation compiler with project's scala-library version: 3.8.4
2026.09.01 15:13:33 INFO  no build target found for C:\Users\rishi\BIG DATA\SCALA\closure.scala. Using presentation compiler with project's scala-library version: 3.8.4
2026.09.01 15:16:42 INFO  no build target found for C:\Users\rishi\BIG DATA\SCALA\sum_tail_recursive.scala. Using presentation compiler with project's scala-library version: 3.8.4
2026.09.01 15:16:42 INFO  no build target found for C:\Users\rishi\BIG DATA\SCALA\sum_tail_recursive.scala. Using presentation compiler with project's scala-library version: 3.8.4
2026.09.01 15:16:42 WARN  no build target for: C:\Users\rishi\BIG DATA\SCALA\sum_tail_recursive.scala
2026.09.01 15:19:25 INFO  no build target found for C:\Users\rishi\BIG DATA\SCALA\sum_tail_recursive.scala. Using presentation compiler with project's scala-library version: 3.8.4
2026.09.01 15:19:25 INFO  Report absolute-path: ### java.nio.file.FileSystemNotFoundException: Provider "untitled" not installed

Uri: untitled:Untitled-3


#### Error stacktrace:

```
java.base/java.nio.file.Path.of(Path.java:210)
	java.base/java.nio.file.Paths.get(Paths.java:95)
	scala.meta.internal.mtags.MtagsEnrichments$XtensionURIMtags.toAbsolutePath(MtagsEnrichments.scala:149)
	scala.meta.internal.mtags.MtagsEnrichments$XtensionStringMtags.toAbsolutePath(MtagsEnrichments.scala:221)
	scala.meta.internal.metals.MetalsEnrichments$XtensionString.toAbsolutePath(MetalsEnrichments.scala:787)
	scala.meta.internal.metals.MetalsEnrichments$XtensionString.toAbsolutePath(MetalsEnrichments.scala:784)
	scala.meta.internal.metals.MetalsEnrichments$XtensionString.toAbsolutePathSafe(MetalsEnrichments.scala:768)
	scala.meta.internal.metals.WorkspaceLspService.getServiceForOpt(WorkspaceLspService.scala:358)
	scala.meta.internal.metals.WorkspaceLspService.getServiceFor(WorkspaceLspService.scala:367)
	scala.meta.internal.metals.WorkspaceLspService.executeCommand(WorkspaceLspService.scala:942)
	scala.meta.metals.lsp.DelegatingScalaService.executeCommand(DelegatingScalaService.scala:184)
	java.base/jdk.internal.reflect.DirectMethodHandleAccessor.invoke(DirectMethodHandleAccessor.java:104)
	java.base/java.lang.reflect.Method.invoke(Method.java:565)
	org.eclipse.lsp4j.jsonrpc.services.GenericEndpoint.lambda$recursiveFindRpcMethods$0(GenericEndpoint.java:65)
	org.eclipse.lsp4j.jsonrpc.services.GenericEndpoint.request(GenericEndpoint.java:128)
	org.eclipse.lsp4j.jsonrpc.RemoteEndpoint.handleRequest(RemoteEndpoint.java:265)
	org.eclipse.lsp4j.jsonrpc.RemoteEndpoint.consume(RemoteEndpoint.java:195)
	org.eclipse.lsp4j.jsonrpc.json.StreamMessageProducer.handleMessage(StreamMessageProducer.java:189)
	org.eclipse.lsp4j.jsonrpc.json.StreamMessageProducer.listen(StreamMessageProducer.java:97)
	org.eclipse.lsp4j.jsonrpc.json.ConcurrentMessageProcessor.run(ConcurrentMessageProcessor.java:97)
	java.base/java.util.concurrent.Executors$RunnableAdapter.call(Executors.java:545)
	java.base/java.util.concurrent.FutureTask.run(FutureTask.java:330)
	java.base/java.util.concurrent.ThreadPoolExecutor.runWorker(ThreadPoolExecutor.java:1090)
	java.base/java.util.concurrent.ThreadPoolExecutor$Worker.run(ThreadPoolExecutor.java:614)
	java.base/java.lang.Thread.run(Thread.java:1516)
```

Sept 01, 2026 3:19:25 PM org.eclipse.lsp4j.jsonrpc.RemoteEndpoint fallbackResponseError
SEVERE: Internal error: Provider "untitled" not installed
java.nio.file.FileSystemNotFoundException: Provider "untitled" not installed
	at java.base/java.nio.file.Path.of(Path.java:210)
	at java.base/java.nio.file.Paths.get(Paths.java:95)
	at scala.meta.internal.mtags.MtagsEnrichments$XtensionURIMtags.toAbsolutePath(MtagsEnrichments.scala:149)
	at scala.meta.internal.mtags.MtagsEnrichments$XtensionStringMtags.toAbsolutePath(MtagsEnrichments.scala:221)
	at scala.meta.internal.metals.MetalsEnrichments$XtensionString.toAbsolutePath(MetalsEnrichments.scala:787)
	at scala.meta.internal.metals.MetalsEnrichments$XtensionString.toAbsolutePath(MetalsEnrichments.scala:784)
	at scala.meta.internal.metals.MetalsLspService.$anonfun$afterCompilationFinished$1(MetalsLspService.scala:1577)
	at scala.Option.map(Option.scala:242)
	at scala.meta.internal.metals.MetalsLspService.afterCompilationFinished(MetalsLspService.scala:1577)
	at scala.meta.internal.metals.MetalsLspService.discoverMainClasses(MetalsLspService.scala:1641)
	at scala.meta.internal.metals.WorkspaceLspService.executeCommand(WorkspaceLspService.scala:943)
	at scala.meta.metals.lsp.DelegatingScalaService.executeCommand(DelegatingScalaService.scala:184)
	at java.base/jdk.internal.reflect.DirectMethodHandleAccessor.invoke(DirectMethodHandleAccessor.java:104)
	at java.base/java.lang.reflect.Method.invoke(Method.java:565)
	at org.eclipse.lsp4j.jsonrpc.services.GenericEndpoint.lambda$recursiveFindRpcMethods$0(GenericEndpoint.java:65)
	at org.eclipse.lsp4j.jsonrpc.services.GenericEndpoint.request(GenericEndpoint.java:128)
	at org.eclipse.lsp4j.jsonrpc.RemoteEndpoint.handleRequest(RemoteEndpoint.java:265)
	at org.eclipse.lsp4j.jsonrpc.RemoteEndpoint.consume(RemoteEndpoint.java:195)
	at org.eclipse.lsp4j.jsonrpc.json.StreamMessageProducer.handleMessage(StreamMessageProducer.java:189)
	at org.eclipse.lsp4j.jsonrpc.json.StreamMessageProducer.listen(StreamMessageProducer.java:97)
	at org.eclipse.lsp4j.jsonrpc.json.ConcurrentMessageProcessor.run(ConcurrentMessageProcessor.java:97)
	at java.base/java.util.concurrent.Executors$RunnableAdapter.call(Executors.java:545)
	at java.base/java.util.concurrent.FutureTask.run(FutureTask.java:330)
	at java.base/java.util.concurrent.ThreadPoolExecutor.runWorker(ThreadPoolExecutor.java:1090)
	at java.base/java.util.concurrent.ThreadPoolExecutor$Worker.run(ThreadPoolExecutor.java:614)
	at java.base/java.lang.Thread.run(Thread.java:1516)

2026.09.01 15:19:25 INFO  Report absolute-path: ### java.nio.file.FileSystemNotFoundException: Provider "untitled" not installed

Uri: untitled:Untitled-3


#### Error stacktrace:

```
java.base/java.nio.file.Path.of(Path.java:210)
	java.base/java.nio.file.Paths.get(Paths.java:95)
	scala.meta.internal.mtags.MtagsEnrichments$XtensionURIMtags.toAbsolutePath(MtagsEnrichments.scala:149)
	scala.meta.internal.mtags.MtagsEnrichments$XtensionStringMtags.toAbsolutePath(MtagsEnrichments.scala:221)
	scala.meta.internal.metals.MetalsEnrichments$XtensionString.toAbsolutePath(MetalsEnrichments.scala:787)
	scala.meta.internal.metals.MetalsEnrichments$XtensionString.toAbsolutePath(MetalsEnrichments.scala:784)
	scala.meta.internal.metals.MetalsEnrichments$XtensionString.toAbsolutePathSafe(MetalsEnrichments.scala:768)
	scala.meta.internal.metals.WorkspaceLspService.getServiceForOpt(WorkspaceLspService.scala:358)
	scala.meta.internal.metals.WorkspaceLspService.getServiceFor(WorkspaceLspService.scala:367)
	scala.meta.internal.metals.WorkspaceLspService.executeCommand(WorkspaceLspService.scala:1156)
	scala.meta.metals.lsp.DelegatingScalaService.executeCommand(DelegatingScalaService.scala:184)
	java.base/jdk.internal.reflect.DirectMethodHandleAccessor.invoke(DirectMethodHandleAccessor.java:104)
	java.base/java.lang.reflect.Method.invoke(Method.java:565)
	org.eclipse.lsp4j.jsonrpc.services.GenericEndpoint.lambda$recursiveFindRpcMethods$0(GenericEndpoint.java:65)
	org.eclipse.lsp4j.jsonrpc.services.GenericEndpoint.request(GenericEndpoint.java:128)
	org.eclipse.lsp4j.jsonrpc.RemoteEndpoint.handleRequest(RemoteEndpoint.java:265)
	org.eclipse.lsp4j.jsonrpc.RemoteEndpoint.consume(RemoteEndpoint.java:195)
	org.eclipse.lsp4j.jsonrpc.json.StreamMessageProducer.handleMessage(StreamMessageProducer.java:189)
	org.eclipse.lsp4j.jsonrpc.json.StreamMessageProducer.listen(StreamMessageProducer.java:97)
	org.eclipse.lsp4j.jsonrpc.json.ConcurrentMessageProcessor.run(ConcurrentMessageProcessor.java:97)
	java.base/java.util.concurrent.Executors$RunnableAdapter.call(Executors.java:545)
	java.base/java.util.concurrent.FutureTask.run(FutureTask.java:330)
	java.base/java.util.concurrent.ThreadPoolExecutor.runWorker(ThreadPoolExecutor.java:1090)
	java.base/java.util.concurrent.ThreadPoolExecutor$Worker.run(ThreadPoolExecutor.java:614)
	java.base/java.lang.Thread.run(Thread.java:1516)
```

Sept 01, 2026 3:19:25 PM org.eclipse.lsp4j.jsonrpc.RemoteEndpoint fallbackResponseError
SEVERE: Internal error: Provider "untitled" not installed
java.nio.file.FileSystemNotFoundException: Provider "untitled" not installed
	at java.base/java.nio.file.Path.of(Path.java:210)
	at java.base/java.nio.file.Paths.get(Paths.java:95)
	at scala.meta.internal.mtags.MtagsEnrichments$XtensionURIMtags.toAbsolutePath(MtagsEnrichments.scala:149)
	at scala.meta.internal.mtags.MtagsEnrichments$XtensionStringMtags.toAbsolutePath(MtagsEnrichments.scala:221)
	at scala.meta.internal.metals.MetalsEnrichments$XtensionString.toAbsolutePath(MetalsEnrichments.scala:787)
	at scala.meta.internal.metals.MetalsEnrichments$XtensionString.toAbsolutePath(MetalsEnrichments.scala:784)
	at scala.meta.internal.metals.MetalsLspService.$anonfun$afterCompilationFinished$1(MetalsLspService.scala:1577)
	at scala.Option.map(Option.scala:242)
	at scala.meta.internal.metals.MetalsLspService.afterCompilationFinished(MetalsLspService.scala:1577)
	at scala.meta.internal.metals.MetalsLspService.debugDiscovery(MetalsLspService.scala:1603)
	at scala.meta.internal.metals.WorkspaceLspService.executeCommand(WorkspaceLspService.scala:1157)
	at scala.meta.metals.lsp.DelegatingScalaService.executeCommand(DelegatingScalaService.scala:184)
	at java.base/jdk.internal.reflect.DirectMethodHandleAccessor.invoke(DirectMethodHandleAccessor.java:104)
	at java.base/java.lang.reflect.Method.invoke(Method.java:565)
	at org.eclipse.lsp4j.jsonrpc.services.GenericEndpoint.lambda$recursiveFindRpcMethods$0(GenericEndpoint.java:65)
	at org.eclipse.lsp4j.jsonrpc.services.GenericEndpoint.request(GenericEndpoint.java:128)
	at org.eclipse.lsp4j.jsonrpc.RemoteEndpoint.handleRequest(RemoteEndpoint.java:265)
	at org.eclipse.lsp4j.jsonrpc.RemoteEndpoint.consume(RemoteEndpoint.java:195)
	at org.eclipse.lsp4j.jsonrpc.json.StreamMessageProducer.handleMessage(StreamMessageProducer.java:189)
	at org.eclipse.lsp4j.jsonrpc.json.StreamMessageProducer.listen(StreamMessageProducer.java:97)
	at org.eclipse.lsp4j.jsonrpc.json.ConcurrentMessageProcessor.run(ConcurrentMessageProcessor.java:97)
	at java.base/java.util.concurrent.Executors$RunnableAdapter.call(Executors.java:545)
	at java.base/java.util.concurrent.FutureTask.run(FutureTask.java:330)
	at java.base/java.util.concurrent.ThreadPoolExecutor.runWorker(ThreadPoolExecutor.java:1090)
	at java.base/java.util.concurrent.ThreadPoolExecutor$Worker.run(ThreadPoolExecutor.java:614)
	at java.base/java.lang.Thread.run(Thread.java:1516)

2026.09.01 15:19:35 INFO  Report absolute-path: ### java.nio.file.FileSystemNotFoundException: Provider "untitled" not installed

Uri: untitled:Untitled-3


#### Error stacktrace:

```
java.base/java.nio.file.Path.of(Path.java:210)
	java.base/java.nio.file.Paths.get(Paths.java:95)
	scala.meta.internal.mtags.MtagsEnrichments$XtensionURIMtags.toAbsolutePath(MtagsEnrichments.scala:149)
	scala.meta.internal.mtags.MtagsEnrichments$XtensionStringMtags.toAbsolutePath(MtagsEnrichments.scala:221)
	scala.meta.internal.metals.MetalsEnrichments$XtensionString.toAbsolutePath(MetalsEnrichments.scala:787)
	scala.meta.internal.metals.MetalsEnrichments$XtensionString.toAbsolutePath(MetalsEnrichments.scala:784)
	scala.meta.internal.metals.MetalsEnrichments$XtensionString.toAbsolutePathSafe(MetalsEnrichments.scala:768)
	scala.meta.internal.metals.WorkspaceLspService.getServiceForOpt(WorkspaceLspService.scala:358)
	scala.meta.internal.metals.WorkspaceLspService.getServiceFor(WorkspaceLspService.scala:367)
	scala.meta.internal.metals.WorkspaceLspService.executeCommand(WorkspaceLspService.scala:1156)
	scala.meta.metals.lsp.DelegatingScalaService.executeCommand(DelegatingScalaService.scala:184)
	java.base/jdk.internal.reflect.DirectMethodHandleAccessor.invoke(DirectMethodHandleAccessor.java:104)
	java.base/java.lang.reflect.Method.invoke(Method.java:565)
	org.eclipse.lsp4j.jsonrpc.services.GenericEndpoint.lambda$recursiveFindRpcMethods$0(GenericEndpoint.java:65)
	org.eclipse.lsp4j.jsonrpc.services.GenericEndpoint.request(GenericEndpoint.java:128)
	org.eclipse.lsp4j.jsonrpc.RemoteEndpoint.handleRequest(RemoteEndpoint.java:265)
	org.eclipse.lsp4j.jsonrpc.RemoteEndpoint.consume(RemoteEndpoint.java:195)
	org.eclipse.lsp4j.jsonrpc.json.StreamMessageProducer.handleMessage(StreamMessageProducer.java:189)
	org.eclipse.lsp4j.jsonrpc.json.StreamMessageProducer.listen(StreamMessageProducer.java:97)
	org.eclipse.lsp4j.jsonrpc.json.ConcurrentMessageProcessor.run(ConcurrentMessageProcessor.java:97)
	java.base/java.util.concurrent.Executors$RunnableAdapter.call(Executors.java:545)
	java.base/java.util.concurrent.FutureTask.run(FutureTask.java:330)
	java.base/java.util.concurrent.ThreadPoolExecutor.runWorker(ThreadPoolExecutor.java:1090)
	java.base/java.util.concurrent.ThreadPoolExecutor$Worker.run(ThreadPoolExecutor.java:614)
	java.base/java.lang.Thread.run(Thread.java:1516)
```

Sept 01, 2026 3:19:35 PM org.eclipse.lsp4j.jsonrpc.RemoteEndpoint fallbackResponseError
SEVERE: Internal error: Provider "untitled" not installed
java.nio.file.FileSystemNotFoundException: Provider "untitled" not installed
	at java.base/java.nio.file.Path.of(Path.java:210)
	at java.base/java.nio.file.Paths.get(Paths.java:95)
	at scala.meta.internal.mtags.MtagsEnrichments$XtensionURIMtags.toAbsolutePath(MtagsEnrichments.scala:149)
	at scala.meta.internal.mtags.MtagsEnrichments$XtensionStringMtags.toAbsolutePath(MtagsEnrichments.scala:221)
	at scala.meta.internal.metals.MetalsEnrichments$XtensionString.toAbsolutePath(MetalsEnrichments.scala:787)
	at scala.meta.internal.metals.MetalsEnrichments$XtensionString.toAbsolutePath(MetalsEnrichments.scala:784)
	at scala.meta.internal.metals.MetalsLspService.$anonfun$afterCompilationFinished$1(MetalsLspService.scala:1577)
	at scala.Option.map(Option.scala:242)
	at scala.meta.internal.metals.MetalsLspService.afterCompilationFinished(MetalsLspService.scala:1577)
	at scala.meta.internal.metals.MetalsLspService.debugDiscovery(MetalsLspService.scala:1603)
	at scala.meta.internal.metals.WorkspaceLspService.executeCommand(WorkspaceLspService.scala:1157)
	at scala.meta.metals.lsp.DelegatingScalaService.executeCommand(DelegatingScalaService.scala:184)
	at java.base/jdk.internal.reflect.DirectMethodHandleAccessor.invoke(DirectMethodHandleAccessor.java:104)
	at java.base/java.lang.reflect.Method.invoke(Method.java:565)
	at org.eclipse.lsp4j.jsonrpc.services.GenericEndpoint.lambda$recursiveFindRpcMethods$0(GenericEndpoint.java:65)
	at org.eclipse.lsp4j.jsonrpc.services.GenericEndpoint.request(GenericEndpoint.java:128)
	at org.eclipse.lsp4j.jsonrpc.RemoteEndpoint.handleRequest(RemoteEndpoint.java:265)
	at org.eclipse.lsp4j.jsonrpc.RemoteEndpoint.consume(RemoteEndpoint.java:195)
	at org.eclipse.lsp4j.jsonrpc.json.StreamMessageProducer.handleMessage(StreamMessageProducer.java:189)
	at org.eclipse.lsp4j.jsonrpc.json.StreamMessageProducer.listen(StreamMessageProducer.java:97)
	at org.eclipse.lsp4j.jsonrpc.json.ConcurrentMessageProcessor.run(ConcurrentMessageProcessor.java:97)
	at java.base/java.util.concurrent.Executors$RunnableAdapter.call(Executors.java:545)
	at java.base/java.util.concurrent.FutureTask.run(FutureTask.java:330)
	at java.base/java.util.concurrent.ThreadPoolExecutor.runWorker(ThreadPoolExecutor.java:1090)
	at java.base/java.util.concurrent.ThreadPoolExecutor$Worker.run(ThreadPoolExecutor.java:614)
	at java.base/java.lang.Thread.run(Thread.java:1516)

2026.09.01 15:21:05 INFO  no build target found for C:\Users\rishi\BIG DATA\SCALA\sum_tail_recursive.scala. Using presentation compiler with project's scala-library version: 3.8.4
2026.09.01 15:21:05 WARN  no build target for: C:\Users\rishi\BIG DATA\SCALA\sum_tail_recursive.scala
2026.09.01 15:21:05 INFO  skipping build import with status 'Installed'
2026.09.01 15:24:40 INFO  no build target found for C:\Users\rishi\BIG DATA\SCALA\fibonacci_tail-recursive.scala. Using presentation compiler with project's scala-library version: 3.8.4
2026.09.01 15:24:40 INFO  no build target found for C:\Users\rishi\BIG DATA\SCALA\fibonacci_tail-recursive.scala. Using presentation compiler with project's scala-library version: 3.8.4
2026.09.01 15:24:40 WARN  no build target for: C:\Users\rishi\BIG DATA\SCALA\fibonacci_tail-recursive.scala
2026.09.01 15:25:31 INFO  no build target found for C:\Users\rishi\BIG DATA\SCALA\fibonacci_tail-recursive.scala. Using presentation compiler with project's scala-library version: 3.8.4
2026.09.01 15:25:31 WARN  no build target for: C:\Users\rishi\BIG DATA\SCALA\fibonacci_tail-recursive.scala
2026.09.01 15:25:31 INFO  skipping build import with status 'Installed'
2026.09.01 15:25:31 INFO  no build target found for C:\Users\rishi\BIG DATA\SCALA\fibonacci_tail-recursive.scala. Using presentation compiler with project's scala-library version: 3.8.4
2026.09.01 15:25:31 INFO  no build target found for C:\Users\rishi\BIG DATA\SCALA\fibonacci_tail-recursive.scala. Using presentation compiler with project's scala-library version: 3.8.4
2026.09.01 15:25:31 INFO  no build target found for C:\Users\rishi\BIG DATA\SCALA\fibonacci_tail-recursive.scala. Using presentation compiler with project's scala-library version: 3.8.4
2026.09.01 15:25:31 WARN  no build target for: C:\Users\rishi\BIG DATA\SCALA\fibonacci_tail-recursive.scala
2026.09.01 15:25:31 INFO  no build target found for C:\Users\rishi\BIG DATA\SCALA\fibonacci_tail-recursive.scala. Using presentation compiler with project's scala-library version: 3.8.4
2026.09.01 15:25:31 INFO  no build target found for C:\Users\rishi\BIG DATA\SCALA\fibonacci_tail-recursive.scala. Using presentation compiler with project's scala-library version: 3.8.4
2026.09.01 15:25:31 INFO  no build target found for C:\Users\rishi\BIG DATA\SCALA\fibonacci_tail-recursive.scala. Using presentation compiler with project's scala-library version: 3.8.4
2026.09.01 15:25:34 WARN  no build target for: C:\Users\rishi\BIG DATA\SCALA\fibonacci_tail-recursive.scala
2026.09.01 15:25:34 ERROR scala.meta.internal.metals.debug.DiscoveryFailures$BuildTargetNotFoundForPathException: No build target could be found for the path: C:\Users\rishi\BIG DATA\SCALA\fibonacci_tail-recursive.scala
	at scala.meta.internal.metals.debug.DebugDiscovery.validate(DebugDiscovery.scala:88)
	at scala.meta.internal.metals.debug.DebugDiscovery.debugDiscovery(DebugDiscovery.scala:164)
	at scala.meta.internal.metals.MetalsLspService.$anonfun$debugDiscovery$3(MetalsLspService.scala:1603)
	at scala.meta.internal.metals.MetalsLspService.afterCompilationFinished(MetalsLspService.scala:1598)
	at scala.meta.internal.metals.MetalsLspService.debugDiscovery(MetalsLspService.scala:1603)
	at scala.meta.internal.metals.WorkspaceLspService.executeCommand(WorkspaceLspService.scala:1157)
	at scala.meta.metals.lsp.DelegatingScalaService.executeCommand(DelegatingScalaService.scala:184)
	at jdk.internal.reflect.DirectMethodHandleAccessor.invoke(DirectMethodHandleAccessor.java:104)
	at java.lang.reflect.Method.invoke(Method.java:565)
	at org.eclipse.lsp4j.jsonrpc.services.GenericEndpoint.lambda$recursiveFindRpcMethods$0(GenericEndpoint.java:65)
	at org.eclipse.lsp4j.jsonrpc.services.GenericEndpoint.request(GenericEndpoint.java:128)
	at org.eclipse.lsp4j.jsonrpc.RemoteEndpoint.handleRequest(RemoteEndpoint.java:265)
	at org.eclipse.lsp4j.jsonrpc.RemoteEndpoint.consume(RemoteEndpoint.java:195)
	at org.eclipse.lsp4j.jsonrpc.json.StreamMessageProducer.handleMessage(StreamMessageProducer.java:189)
	at org.eclipse.lsp4j.jsonrpc.json.StreamMessageProducer.listen(StreamMessageProducer.java:97)
	at org.eclipse.lsp4j.jsonrpc.json.ConcurrentMessageProcessor.run(ConcurrentMessageProcessor.java:97)
	at java.util.concurrent.Executors$RunnableAdapter.call(Executors.java:545)
	at java.util.concurrent.FutureTask.run(FutureTask.java:330)
	at java.util.concurrent.ThreadPoolExecutor.runWorker(ThreadPoolExecutor.java:1090)
	at java.util.concurrent.ThreadPoolExecutor$Worker.run(ThreadPoolExecutor.java:614)
	at java.lang.Thread.run(Thread.java:1516)

2026.09.01 15:25:34 INFO  no build target found for C:\Users\rishi\BIG DATA\SCALA\fibonacci_tail-recursive.scala. Using presentation compiler with project's scala-library version: 3.8.4
2026.09.01 15:25:34 INFO  skipping build import with status 'Installed'
2026.09.01 15:26:14 INFO  no build target found for C:\Users\rishi\BIG DATA\SCALA\fibonacci_tail-recursive.scala. Using presentation compiler with project's scala-library version: 3.8.4
Sept 01, 2026 3:26:16 PM org.eclipse.lsp4j.jsonrpc.RemoteEndpoint handleNotification
WARNING: Notification threw an exception: {
  "jsonrpc": "2.0",
  "method": "metals/didFocusTextDocument",
  "params": [
    "untitled:Untitled-3"
  ]
}
java.nio.file.FileSystemNotFoundException: Provider "untitled" not installed
	at java.base/java.nio.file.Path.of(Path.java:210)
	at java.base/java.nio.file.Paths.get(Paths.java:95)
	at scala.meta.internal.mtags.MtagsEnrichments$XtensionURIMtags.toAbsolutePath(MtagsEnrichments.scala:149)
	at scala.meta.internal.mtags.MtagsEnrichments$XtensionStringMtags.toAbsolutePath(MtagsEnrichments.scala:221)
	at scala.meta.internal.metals.MetalsEnrichments$XtensionString.toAbsolutePath(MetalsEnrichments.scala:787)
	at scala.meta.internal.metals.MetalsEnrichments$XtensionString.toAbsolutePath(MetalsEnrichments.scala:784)
	at scala.meta.internal.metals.WorkspaceLspService.didFocus(WorkspaceLspService.scala:808)
	at scala.meta.metals.lsp.DelegatingScalaService.didFocus(DelegatingScalaService.scala:42)
	at java.base/jdk.internal.reflect.DirectMethodHandleAccessor.invoke(DirectMethodHandleAccessor.java:104)
	at java.base/java.lang.reflect.Method.invoke(Method.java:565)
	at org.eclipse.lsp4j.jsonrpc.services.GenericEndpoint.lambda$recursiveFindRpcMethods$0(GenericEndpoint.java:65)
	at org.eclipse.lsp4j.jsonrpc.services.GenericEndpoint.notify(GenericEndpoint.java:160)
	at org.eclipse.lsp4j.jsonrpc.RemoteEndpoint.handleNotification(RemoteEndpoint.java:225)
	at org.eclipse.lsp4j.jsonrpc.RemoteEndpoint.consume(RemoteEndpoint.java:192)
	at org.eclipse.lsp4j.jsonrpc.json.StreamMessageProducer.handleMessage(StreamMessageProducer.java:189)
	at org.eclipse.lsp4j.jsonrpc.json.StreamMessageProducer.listen(StreamMessageProducer.java:97)
	at org.eclipse.lsp4j.jsonrpc.json.ConcurrentMessageProcessor.run(ConcurrentMessageProcessor.java:97)
	at java.base/java.util.concurrent.Executors$RunnableAdapter.call(Executors.java:545)
	at java.base/java.util.concurrent.FutureTask.run(FutureTask.java:330)
	at java.base/java.util.concurrent.ThreadPoolExecutor.runWorker(ThreadPoolExecutor.java:1090)
	at java.base/java.util.concurrent.ThreadPoolExecutor$Worker.run(ThreadPoolExecutor.java:614)
	at java.base/java.lang.Thread.run(Thread.java:1516)

2026.09.01 15:27:26 INFO  no build target found for C:\Users\rishi\BIG DATA\SCALA\fibonacci_tail-recursive.scala. Using presentation compiler with project's scala-library version: 3.8.4
2026.09.01 15:27:26 WARN  no build target for: C:\Users\rishi\BIG DATA\SCALA\fibonacci_tail-recursive.scala
2026.09.01 15:27:26 INFO  no build target found for C:\Users\rishi\BIG DATA\SCALA\fibonacci_tail-recursive.scala. Using presentation compiler with project's scala-library version: 3.8.4
2026.09.01 15:27:26 INFO  no build target found for C:\Users\rishi\BIG DATA\SCALA\fibonacci_tail-recursive.scala. Using presentation compiler with project's scala-library version: 3.8.4
2026.09.01 15:27:26 INFO  no build target found for C:\Users\rishi\BIG DATA\SCALA\fibonacci_tail-recursive.scala. Using presentation compiler with project's scala-library version: 3.8.4
2026.09.01 15:29:10 INFO  no build target found for C:\Users\rishi\BIG DATA\SCALA\gcd.scala. Using presentation compiler with project's scala-library version: 3.8.4
2026.09.01 15:29:11 WARN  no build target for: C:\Users\rishi\BIG DATA\SCALA\gcd.scala
2026.09.01 15:29:11 INFO  no build target found for C:\Users\rishi\BIG DATA\SCALA\gcd.scala. Using presentation compiler with project's scala-library version: 3.8.4
2026.09.01 15:29:54 INFO  no build target found for C:\Users\rishi\BIG DATA\SCALA\gcd.scala. Using presentation compiler with project's scala-library version: 3.8.4
2026.09.01 15:29:54 WARN  no build target for: C:\Users\rishi\BIG DATA\SCALA\gcd.scala
2026.09.01 15:29:54 INFO  skipping build import with status 'Installed'
2026.09.01 15:29:54 INFO  no build target found for C:\Users\rishi\BIG DATA\SCALA\gcd.scala. Using presentation compiler with project's scala-library version: 3.8.4
2026.09.01 15:29:54 WARN  no build target for: C:\Users\rishi\BIG DATA\SCALA\gcd.scala
2026.09.01 15:29:54 INFO  no build target found for C:\Users\rishi\BIG DATA\SCALA\gcd.scala. Using presentation compiler with project's scala-library version: 3.8.4
2026.09.01 15:29:55 INFO  no build target found for C:\Users\rishi\BIG DATA\SCALA\gcd.scala. Using presentation compiler with project's scala-library version: 3.8.4
2026.09.01 15:29:54 INFO  no build target found for C:\Users\rishi\BIG DATA\SCALA\gcd.scala. Using presentation compiler with project's scala-library version: 3.8.4
2026.09.01 15:29:56 WARN  no build target for: C:\Users\rishi\BIG DATA\SCALA\gcd.scala
2026.09.01 15:29:56 ERROR scala.meta.internal.metals.debug.DiscoveryFailures$BuildTargetNotFoundForPathException: No build target could be found for the path: C:\Users\rishi\BIG DATA\SCALA\gcd.scala
	at scala.meta.internal.metals.debug.DebugDiscovery.validate(DebugDiscovery.scala:88)
	at scala.meta.internal.metals.debug.DebugDiscovery.debugDiscovery(DebugDiscovery.scala:164)
	at scala.meta.internal.metals.MetalsLspService.$anonfun$debugDiscovery$3(MetalsLspService.scala:1603)
	at scala.meta.internal.metals.MetalsLspService.afterCompilationFinished(MetalsLspService.scala:1598)
	at scala.meta.internal.metals.MetalsLspService.debugDiscovery(MetalsLspService.scala:1603)
	at scala.meta.internal.metals.WorkspaceLspService.executeCommand(WorkspaceLspService.scala:1157)
	at scala.meta.metals.lsp.DelegatingScalaService.executeCommand(DelegatingScalaService.scala:184)
	at jdk.internal.reflect.DirectMethodHandleAccessor.invoke(DirectMethodHandleAccessor.java:104)
	at java.lang.reflect.Method.invoke(Method.java:565)
	at org.eclipse.lsp4j.jsonrpc.services.GenericEndpoint.lambda$recursiveFindRpcMethods$0(GenericEndpoint.java:65)
	at org.eclipse.lsp4j.jsonrpc.services.GenericEndpoint.request(GenericEndpoint.java:128)
	at org.eclipse.lsp4j.jsonrpc.RemoteEndpoint.handleRequest(RemoteEndpoint.java:265)
	at org.eclipse.lsp4j.jsonrpc.RemoteEndpoint.consume(RemoteEndpoint.java:195)
	at org.eclipse.lsp4j.jsonrpc.json.StreamMessageProducer.handleMessage(StreamMessageProducer.java:189)
	at org.eclipse.lsp4j.jsonrpc.json.StreamMessageProducer.listen(StreamMessageProducer.java:97)
	at org.eclipse.lsp4j.jsonrpc.json.ConcurrentMessageProcessor.run(ConcurrentMessageProcessor.java:97)
	at java.util.concurrent.Executors$RunnableAdapter.call(Executors.java:545)
	at java.util.concurrent.FutureTask.run(FutureTask.java:330)
	at java.util.concurrent.ThreadPoolExecutor.runWorker(ThreadPoolExecutor.java:1090)
	at java.util.concurrent.ThreadPoolExecutor$Worker.run(ThreadPoolExecutor.java:614)
	at java.lang.Thread.run(Thread.java:1516)

2026.09.01 15:29:56 INFO  no build target found for C:\Users\rishi\BIG DATA\SCALA\gcd.scala. Using presentation compiler with project's scala-library version: 3.8.4
2026.09.01 15:29:56 INFO  skipping build import with status 'Installed'
2026.09.01 15:30:42 INFO  no build target found for C:\Users\rishi\BIG DATA\SCALA\gcd.scala. Using presentation compiler with project's scala-library version: 3.8.4
2026.09.01 15:30:42 INFO  no build target found for C:\Users\rishi\BIG DATA\SCALA\gcd.scala. Using presentation compiler with project's scala-library version: 3.8.4
2026.09.01 15:30:42 INFO  no build target found for C:\Users\rishi\BIG DATA\SCALA\gcd.scala. Using presentation compiler with project's scala-library version: 3.8.4
2026.09.01 15:30:43 INFO  no build target found for C:\Users\rishi\BIG DATA\SCALA\gcd.scala. Using presentation compiler with project's scala-library version: 3.8.4
2026.09.01 15:30:43 INFO  no build target found for C:\Users\rishi\BIG DATA\SCALA\gcd.scala. Using presentation compiler with project's scala-library version: 3.8.4
2026.09.01 15:30:43 INFO  no build target found for C:\Users\rishi\BIG DATA\SCALA\gcd.scala. Using presentation compiler with project's scala-library version: 3.8.4
2026.09.01 15:30:43 INFO  no build target found for C:\Users\rishi\BIG DATA\SCALA\gcd.scala. Using presentation compiler with project's scala-library version: 3.8.4
2026.09.01 15:30:43 INFO  no build target found for C:\Users\rishi\BIG DATA\SCALA\gcd.scala. Using presentation compiler with project's scala-library version: 3.8.4
2026.09.01 15:30:43 INFO  no build target found for C:\Users\rishi\BIG DATA\SCALA\gcd.scala. Using presentation compiler with project's scala-library version: 3.8.4
2026.09.01 15:30:44 INFO  no build target found for C:\Users\rishi\BIG DATA\SCALA\gcd.scala. Using presentation compiler with project's scala-library version: 3.8.4
2026.09.01 15:30:44 INFO  no build target found for C:\Users\rishi\BIG DATA\SCALA\gcd.scala. Using presentation compiler with project's scala-library version: 3.8.4
2026.09.01 15:30:44 INFO  no build target found for C:\Users\rishi\BIG DATA\SCALA\gcd.scala. Using presentation compiler with project's scala-library version: 3.8.4
2026.09.01 15:30:44 INFO  no build target found for C:\Users\rishi\BIG DATA\SCALA\gcd.scala. Using presentation compiler with project's scala-library version: 3.8.4
2026.09.01 15:30:44 INFO  no build target found for C:\Users\rishi\BIG DATA\SCALA\gcd.scala. Using presentation compiler with project's scala-library version: 3.8.4
2026.09.01 15:30:45 INFO  no build target found for C:\Users\rishi\BIG DATA\SCALA\gcd.scala. Using presentation compiler with project's scala-library version: 3.8.4
2026.09.01 15:30:45 INFO  no build target found for C:\Users\rishi\BIG DATA\SCALA\gcd.scala. Using presentation compiler with project's scala-library version: 3.8.4
2026.09.01 15:30:46 INFO  no build target found for C:\Users\rishi\BIG DATA\SCALA\gcd.scala. Using presentation compiler with project's scala-library version: 3.8.4
2026.09.01 15:30:46 INFO  no build target found for C:\Users\rishi\BIG DATA\SCALA\gcd.scala. Using presentation compiler with project's scala-library version: 3.8.4
2026.09.01 15:30:46 INFO  no build target found for C:\Users\rishi\BIG DATA\SCALA\gcd.scala. Using presentation compiler with project's scala-library version: 3.8.4
2026.09.01 15:30:46 INFO  no build target found for C:\Users\rishi\BIG DATA\SCALA\gcd.scala. Using presentation compiler with project's scala-library version: 3.8.4
2026.09.01 15:30:46 INFO  no build target found for C:\Users\rishi\BIG DATA\SCALA\gcd.scala. Using presentation compiler with project's scala-library version: 3.8.4
2026.09.01 15:30:46 INFO  no build target found for C:\Users\rishi\BIG DATA\SCALA\gcd.scala. Using presentation compiler with project's scala-library version: 3.8.4
2026.09.01 15:30:47 INFO  no build target found for C:\Users\rishi\BIG DATA\SCALA\gcd.scala. Using presentation compiler with project's scala-library version: 3.8.4
2026.09.01 15:30:46 INFO  no build target found for C:\Users\rishi\BIG DATA\SCALA\gcd.scala. Using presentation compiler with project's scala-library version: 3.8.4
2026.09.01 15:30:47 INFO  no build target found for C:\Users\rishi\BIG DATA\SCALA\gcd.scala. Using presentation compiler with project's scala-library version: 3.8.4
2026.09.01 15:32:40 INFO  no build target found for C:\Users\rishi\BIG DATA\SCALA\Palindrome.scala. Using presentation compiler with project's scala-library version: 3.8.4
2026.09.01 15:32:40 INFO  no build target found for C:\Users\rishi\BIG DATA\SCALA\Palindrome.scala. Using presentation compiler with project's scala-library version: 3.8.4
2026.09.01 15:32:40 WARN  no build target for: C:\Users\rishi\BIG DATA\SCALA\Palindrome.scala
2026.09.01 15:32:40 WARN  no build target for: C:\Users\rishi\BIG DATA\SCALA\gcd.scala
2026.09.01 15:32:40 INFO  skipping build import with status 'Installed'
2026.09.01 15:33:16 INFO  no build target found for C:\Users\rishi\BIG DATA\SCALA\Palindrome.scala. Using presentation compiler with project's scala-library version: 3.8.4
2026.09.01 15:33:16 WARN  no build target for: C:\Users\rishi\BIG DATA\SCALA\Palindrome.scala
2026.09.01 15:33:16 INFO  skipping build import with status 'Installed'
2026.09.01 15:33:16 INFO  no build target found for C:\Users\rishi\BIG DATA\SCALA\Palindrome.scala. Using presentation compiler with project's scala-library version: 3.8.4
2026.09.01 15:33:16 WARN  no build target for: C:\Users\rishi\BIG DATA\SCALA\Palindrome.scala
2026.09.01 15:33:16 INFO  no build target found for C:\Users\rishi\BIG DATA\SCALA\Palindrome.scala. Using presentation compiler with project's scala-library version: 3.8.4
2026.09.01 15:33:16 INFO  no build target found for C:\Users\rishi\BIG DATA\SCALA\Palindrome.scala. Using presentation compiler with project's scala-library version: 3.8.4
2026.09.01 15:33:16 INFO  no build target found for C:\Users\rishi\BIG DATA\SCALA\Palindrome.scala. Using presentation compiler with project's scala-library version: 3.8.4
2026.09.01 15:33:18 WARN  no build target for: C:\Users\rishi\BIG DATA\SCALA\Palindrome.scala
2026.09.01 15:33:18 ERROR scala.meta.internal.metals.debug.DiscoveryFailures$BuildTargetNotFoundForPathException: No build target could be found for the path: C:\Users\rishi\BIG DATA\SCALA\Palindrome.scala
	at scala.meta.internal.metals.debug.DebugDiscovery.validate(DebugDiscovery.scala:88)
	at scala.meta.internal.metals.debug.DebugDiscovery.debugDiscovery(DebugDiscovery.scala:164)
	at scala.meta.internal.metals.MetalsLspService.$anonfun$debugDiscovery$3(MetalsLspService.scala:1603)
	at scala.meta.internal.metals.MetalsLspService.afterCompilationFinished(MetalsLspService.scala:1598)
	at scala.meta.internal.metals.MetalsLspService.debugDiscovery(MetalsLspService.scala:1603)
	at scala.meta.internal.metals.WorkspaceLspService.executeCommand(WorkspaceLspService.scala:1157)
	at scala.meta.metals.lsp.DelegatingScalaService.executeCommand(DelegatingScalaService.scala:184)
	at jdk.internal.reflect.DirectMethodHandleAccessor.invoke(DirectMethodHandleAccessor.java:104)
	at java.lang.reflect.Method.invoke(Method.java:565)
	at org.eclipse.lsp4j.jsonrpc.services.GenericEndpoint.lambda$recursiveFindRpcMethods$0(GenericEndpoint.java:65)
	at org.eclipse.lsp4j.jsonrpc.services.GenericEndpoint.request(GenericEndpoint.java:128)
	at org.eclipse.lsp4j.jsonrpc.RemoteEndpoint.handleRequest(RemoteEndpoint.java:265)
	at org.eclipse.lsp4j.jsonrpc.RemoteEndpoint.consume(RemoteEndpoint.java:195)
	at org.eclipse.lsp4j.jsonrpc.json.StreamMessageProducer.handleMessage(StreamMessageProducer.java:189)
	at org.eclipse.lsp4j.jsonrpc.json.StreamMessageProducer.listen(StreamMessageProducer.java:97)
	at org.eclipse.lsp4j.jsonrpc.json.ConcurrentMessageProcessor.run(ConcurrentMessageProcessor.java:97)
	at java.util.concurrent.Executors$RunnableAdapter.call(Executors.java:545)
	at java.util.concurrent.FutureTask.run(FutureTask.java:330)
	at java.util.concurrent.ThreadPoolExecutor.runWorker(ThreadPoolExecutor.java:1090)
	at java.util.concurrent.ThreadPoolExecutor$Worker.run(ThreadPoolExecutor.java:614)
	at java.lang.Thread.run(Thread.java:1516)

2026.09.01 15:33:18 INFO  skipping build import with status 'Installed'
2026.09.01 15:33:18 INFO  no build target found for C:\Users\rishi\BIG DATA\SCALA\Palindrome.scala. Using presentation compiler with project's scala-library version: 3.8.4
2026.09.01 15:33:21 INFO  no build target found for C:\Users\rishi\BIG DATA\SCALA\Palindrome.scala. Using presentation compiler with project's scala-library version: 3.8.4
2026.09.01 15:33:21 INFO  no build target found for C:\Users\rishi\BIG DATA\SCALA\Palindrome.scala. Using presentation compiler with project's scala-library version: 3.8.4
2026.09.01 15:33:21 INFO  no build target found for C:\Users\rishi\BIG DATA\SCALA\Palindrome.scala. Using presentation compiler with project's scala-library version: 3.8.4
2026.09.01 15:33:21 INFO  no build target found for C:\Users\rishi\BIG DATA\SCALA\Palindrome.scala. Using presentation compiler with project's scala-library version: 3.8.4
2026.09.01 15:33:21 INFO  no build target found for C:\Users\rishi\BIG DATA\SCALA\Palindrome.scala. Using presentation compiler with project's scala-library version: 3.8.4
2026.09.01 15:33:23 INFO  no build target found for C:\Users\rishi\BIG DATA\SCALA\Palindrome.scala. Using presentation compiler with project's scala-library version: 3.8.4
2026.09.01 15:33:24 INFO  no build target found for C:\Users\rishi\BIG DATA\SCALA\Palindrome.scala. Using presentation compiler with project's scala-library version: 3.8.4
2026.09.01 15:33:24 INFO  no build target found for C:\Users\rishi\BIG DATA\SCALA\Palindrome.scala. Using presentation compiler with project's scala-library version: 3.8.4
2026.09.01 15:33:34 INFO  no build target found for C:\Users\rishi\BIG DATA\SCALA\Palindrome.scala. Using presentation compiler with project's scala-library version: 3.8.4
2026.09.01 15:33:34 INFO  no build target found for C:\Users\rishi\BIG DATA\SCALA\Palindrome.scala. Using presentation compiler with project's scala-library version: 3.8.4
2026.09.01 15:33:34 INFO  no build target found for C:\Users\rishi\BIG DATA\SCALA\Palindrome.scala. Using presentation compiler with project's scala-library version: 3.8.4
2026.09.01 15:33:36 INFO  no build target found for C:\Users\rishi\BIG DATA\SCALA\Palindrome.scala. Using presentation compiler with project's scala-library version: 3.8.4
2026.09.01 15:33:36 INFO  no build target found for C:\Users\rishi\BIG DATA\SCALA\Palindrome.scala. Using presentation compiler with project's scala-library version: 3.8.4
2026.09.01 15:33:36 INFO  no build target found for C:\Users\rishi\BIG DATA\SCALA\Palindrome.scala. Using presentation compiler with project's scala-library version: 3.8.4
2026.09.01 15:33:36 INFO  no build target found for C:\Users\rishi\BIG DATA\SCALA\Palindrome.scala. Using presentation compiler with project's scala-library version: 3.8.4
2026.09.01 15:33:36 INFO  no build target found for C:\Users\rishi\BIG DATA\SCALA\Palindrome.scala. Using presentation compiler with project's scala-library version: 3.8.4
2026.09.01 15:33:36 INFO  no build target found for C:\Users\rishi\BIG DATA\SCALA\Palindrome.scala. Using presentation compiler with project's scala-library version: 3.8.4
2026.09.01 15:33:36 INFO  no build target found for C:\Users\rishi\BIG DATA\SCALA\Palindrome.scala. Using presentation compiler with project's scala-library version: 3.8.4
2026.09.01 15:33:38 INFO  no build target found for C:\Users\rishi\BIG DATA\SCALA\Palindrome.scala. Using presentation compiler with project's scala-library version: 3.8.4
2026.09.01 15:33:38 INFO  no build target found for C:\Users\rishi\BIG DATA\SCALA\Palindrome.scala. Using presentation compiler with project's scala-library version: 3.8.4
2026.09.01 15:33:38 INFO  no build target found for C:\Users\rishi\BIG DATA\SCALA\Palindrome.scala. Using presentation compiler with project's scala-library version: 3.8.4
2026.09.01 15:33:38 INFO  no build target found for C:\Users\rishi\BIG DATA\SCALA\Palindrome.scala. Using presentation compiler with project's scala-library version: 3.8.4
2026.09.01 15:33:38 INFO  no build target found for C:\Users\rishi\BIG DATA\SCALA\Palindrome.scala. Using presentation compiler with project's scala-library version: 3.8.4
2026.09.01 15:33:39 INFO  no build target found for C:\Users\rishi\BIG DATA\SCALA\Palindrome.scala. Using presentation compiler with project's scala-library version: 3.8.4
2026.09.01 15:33:39 INFO  no build target found for C:\Users\rishi\BIG DATA\SCALA\Palindrome.scala. Using presentation compiler with project's scala-library version: 3.8.4
2026.09.01 15:33:39 INFO  no build target found for C:\Users\rishi\BIG DATA\SCALA\Palindrome.scala. Using presentation compiler with project's scala-library version: 3.8.4
2026.09.01 15:33:39 INFO  no build target found for C:\Users\rishi\BIG DATA\SCALA\Palindrome.scala. Using presentation compiler with project's scala-library version: 3.8.4
2026.09.01 15:33:40 INFO  no build target found for C:\Users\rishi\BIG DATA\SCALA\Palindrome.scala. Using presentation compiler with project's scala-library version: 3.8.4
2026.09.01 15:33:40 INFO  no build target found for C:\Users\rishi\BIG DATA\SCALA\Palindrome.scala. Using presentation compiler with project's scala-library version: 3.8.4
2026.09.01 15:33:40 INFO  no build target found for C:\Users\rishi\BIG DATA\SCALA\Palindrome.scala. Using presentation compiler with project's scala-library version: 3.8.4
2026.09.01 15:33:40 INFO  no build target found for C:\Users\rishi\BIG DATA\SCALA\Palindrome.scala. Using presentation compiler with project's scala-library version: 3.8.4
2026.09.01 15:33:41 INFO  no build target found for C:\Users\rishi\BIG DATA\SCALA\Palindrome.scala. Using presentation compiler with project's scala-library version: 3.8.4
2026.09.01 15:33:41 INFO  no build target found for C:\Users\rishi\BIG DATA\SCALA\Palindrome.scala. Using presentation compiler with project's scala-library version: 3.8.4
2026.09.01 15:33:42 INFO  no build target found for C:\Users\rishi\BIG DATA\SCALA\Palindrome.scala. Using presentation compiler with project's scala-library version: 3.8.4
2026.09.01 15:33:42 INFO  no build target found for C:\Users\rishi\BIG DATA\SCALA\Palindrome.scala. Using presentation compiler with project's scala-library version: 3.8.4
2026.09.01 15:33:41 INFO  no build target found for C:\Users\rishi\BIG DATA\SCALA\Palindrome.scala. Using presentation compiler with project's scala-library version: 3.8.4
2026.09.01 15:33:42 INFO  no build target found for C:\Users\rishi\BIG DATA\SCALA\Palindrome.scala. Using presentation compiler with project's scala-library version: 3.8.4
2026.09.01 15:33:42 INFO  no build target found for C:\Users\rishi\BIG DATA\SCALA\Palindrome.scala. Using presentation compiler with project's scala-library version: 3.8.4
2026.09.01 15:33:42 INFO  no build target found for C:\Users\rishi\BIG DATA\SCALA\Palindrome.scala. Using presentation compiler with project's scala-library version: 3.8.4
2026.09.01 15:33:42 INFO  no build target found for C:\Users\rishi\BIG DATA\SCALA\Palindrome.scala. Using presentation compiler with project's scala-library version: 3.8.4
2026.09.01 15:33:42 INFO  no build target found for C:\Users\rishi\BIG DATA\SCALA\Palindrome.scala. Using presentation compiler with project's scala-library version: 3.8.4
2026.09.01 15:33:43 INFO  no build target found for C:\Users\rishi\BIG DATA\SCALA\Palindrome.scala. Using presentation compiler with project's scala-library version: 3.8.4
2026.09.01 15:33:43 INFO  no build target found for C:\Users\rishi\BIG DATA\SCALA\Palindrome.scala. Using presentation compiler with project's scala-library version: 3.8.4
2026.09.01 15:33:44 INFO  no build target found for C:\Users\rishi\BIG DATA\SCALA\Palindrome.scala. Using presentation compiler with project's scala-library version: 3.8.4
2026.09.01 15:33:44 INFO  no build target found for C:\Users\rishi\BIG DATA\SCALA\Palindrome.scala. Using presentation compiler with project's scala-library version: 3.8.4
2026.09.01 15:33:44 INFO  no build target found for C:\Users\rishi\BIG DATA\SCALA\Palindrome.scala. Using presentation compiler with project's scala-library version: 3.8.4
2026.09.01 15:33:44 INFO  no build target found for C:\Users\rishi\BIG DATA\SCALA\Palindrome.scala. Using presentation compiler with project's scala-library version: 3.8.4
2026.09.01 15:33:44 INFO  no build target found for C:\Users\rishi\BIG DATA\SCALA\Palindrome.scala. Using presentation compiler with project's scala-library version: 3.8.4
2026.09.01 15:33:44 INFO  no build target found for C:\Users\rishi\BIG DATA\SCALA\Palindrome.scala. Using presentation compiler with project's scala-library version: 3.8.4
Sept 01, 2026 3:33:44 PM org.eclipse.lsp4j.jsonrpc.RemoteEndpoint handleCancellation
WARNING: Unmatched cancel notification for request id 462
2026.09.01 15:33:44 INFO  no build target found for C:\Users\rishi\BIG DATA\SCALA\Palindrome.scala. Using presentation compiler with project's scala-library version: 3.8.4
2026.09.01 15:33:45 INFO  no build target found for C:\Users\rishi\BIG DATA\SCALA\Palindrome.scala. Using presentation compiler with project's scala-library version: 3.8.4
2026.09.01 15:33:45 INFO  no build target found for C:\Users\rishi\BIG DATA\SCALA\Palindrome.scala. Using presentation compiler with project's scala-library version: 3.8.4
Sept 01, 2026 3:36:16 PM org.eclipse.lsp4j.jsonrpc.RemoteEndpoint handleNotification
WARNING: Notification threw an exception: {
  "jsonrpc": "2.0",
  "method": "metals/didFocusTextDocument",
  "params": [
    "untitled:Untitled-3"
  ]
}
java.nio.file.FileSystemNotFoundException: Provider "untitled" not installed
	at java.base/java.nio.file.Path.of(Path.java:210)
	at java.base/java.nio.file.Paths.get(Paths.java:95)
	at scala.meta.internal.mtags.MtagsEnrichments$XtensionURIMtags.toAbsolutePath(MtagsEnrichments.scala:149)
	at scala.meta.internal.mtags.MtagsEnrichments$XtensionStringMtags.toAbsolutePath(MtagsEnrichments.scala:221)
	at scala.meta.internal.metals.MetalsEnrichments$XtensionString.toAbsolutePath(MetalsEnrichments.scala:787)
	at scala.meta.internal.metals.MetalsEnrichments$XtensionString.toAbsolutePath(MetalsEnrichments.scala:784)
	at scala.meta.internal.metals.WorkspaceLspService.didFocus(WorkspaceLspService.scala:808)
	at scala.meta.metals.lsp.DelegatingScalaService.didFocus(DelegatingScalaService.scala:42)
	at java.base/jdk.internal.reflect.DirectMethodHandleAccessor.invoke(DirectMethodHandleAccessor.java:104)
	at java.base/java.lang.reflect.Method.invoke(Method.java:565)
	at org.eclipse.lsp4j.jsonrpc.services.GenericEndpoint.lambda$recursiveFindRpcMethods$0(GenericEndpoint.java:65)
	at org.eclipse.lsp4j.jsonrpc.services.GenericEndpoint.notify(GenericEndpoint.java:160)
	at org.eclipse.lsp4j.jsonrpc.RemoteEndpoint.handleNotification(RemoteEndpoint.java:225)
	at org.eclipse.lsp4j.jsonrpc.RemoteEndpoint.consume(RemoteEndpoint.java:192)
	at org.eclipse.lsp4j.jsonrpc.json.StreamMessageProducer.handleMessage(StreamMessageProducer.java:189)
	at org.eclipse.lsp4j.jsonrpc.json.StreamMessageProducer.listen(StreamMessageProducer.java:97)
	at org.eclipse.lsp4j.jsonrpc.json.ConcurrentMessageProcessor.run(ConcurrentMessageProcessor.java:97)
	at java.base/java.util.concurrent.Executors$RunnableAdapter.call(Executors.java:545)
	at java.base/java.util.concurrent.FutureTask.run(FutureTask.java:330)
	at java.base/java.util.concurrent.ThreadPoolExecutor.runWorker(ThreadPoolExecutor.java:1090)
	at java.base/java.util.concurrent.ThreadPoolExecutor$Worker.run(ThreadPoolExecutor.java:614)
	at java.base/java.lang.Thread.run(Thread.java:1516)

2026.09.01 15:36:18 INFO  no build target found for C:\Users\rishi\BIG DATA\SCALA\closure.scala. Using presentation compiler with project's scala-library version: 3.8.4
2026.09.01 15:36:18 WARN  no build target for: C:\Users\rishi\BIG DATA\SCALA\closure.scala
2026.09.01 15:36:18 INFO  no build target found for C:\Users\rishi\BIG DATA\SCALA\closure.scala. Using presentation compiler with project's scala-library version: 3.8.4
2026.09.01 15:36:18 INFO  no build target found for C:\Users\rishi\BIG DATA\SCALA\closure.scala. Using presentation compiler with project's scala-library version: 3.8.4
2026.09.01 15:36:18 INFO  no build target found for C:\Users\rishi\BIG DATA\SCALA\closure.scala. Using presentation compiler with project's scala-library version: 3.8.4
2026.09.01 15:36:47 INFO  no build target found for C:\Users\rishi\BIG DATA\SCALA\closure.scala. Using presentation compiler with project's scala-library version: 3.8.4
2026.09.01 15:36:47 INFO  no build target found for C:\Users\rishi\BIG DATA\SCALA\closure.scala. Using presentation compiler with project's scala-library version: 3.8.4
2026.09.01 17:10:04 INFO  no build target found for C:\Users\rishi\BIG DATA\SCALA\closure.scala. Using presentation compiler with project's scala-library version: 3.8.4
2026.09.01 17:10:12 INFO  no build target found for C:\Users\rishi\BIG DATA\SCALA\closure.scala. Using presentation compiler with project's scala-library version: 3.8.4
2026.09.01 17:14:25 INFO  no build target found for C:\Users\rishi\BIG DATA\SCALA\closure.scala. Using presentation compiler with project's scala-library version: 3.8.4
2026.09.01 18:50:21 INFO  no build target found for C:\Users\rishi\BIG DATA\SCALA\closure.scala. Using presentation compiler with project's scala-library version: 3.8.4
Sept 01, 2026 6:50:21 PM org.eclipse.lsp4j.jsonrpc.RemoteEndpoint handleCancellation
WARNING: Unmatched cancel notification for request id 489
2026.09.01 18:50:21 INFO  no build target found for C:\Users\rishi\BIG DATA\SCALA\closure.scala. Using presentation compiler with project's scala-library version: 3.8.4
2026.09.01 18:50:21 INFO  no build target found for C:\Users\rishi\BIG DATA\SCALA\closure.scala. Using presentation compiler with project's scala-library version: 3.8.4
2026.09.01 18:50:21 WARN  no build target for: C:\Users\rishi\BIG DATA\SCALA\closure.scala
Sept 01, 2026 6:50:21 PM org.eclipse.lsp4j.jsonrpc.RemoteEndpoint handleCancellation
WARNING: Unmatched cancel notification for request id 491
2026.09.01 18:50:21 INFO  no build target found for C:\Users\rishi\BIG DATA\SCALA\closure.scala. Using presentation compiler with project's scala-library version: 3.8.4
2026.09.01 18:50:21 INFO  no build target found for C:\Users\rishi\BIG DATA\SCALA\closure.scala. Using presentation compiler with project's scala-library version: 3.8.4
2026.09.01 18:50:21 INFO  no build target found for C:\Users\rishi\BIG DATA\SCALA\closure.scala. Using presentation compiler with project's scala-library version: 3.8.4
2026.09.01 18:50:34 WARN  no build target for: C:\Users\rishi\BIG DATA\SCALA\Palindrome.scala
2026.09.01 18:50:34 INFO  no build target found for C:\Users\rishi\BIG DATA\SCALA\closure.scala. Using presentation compiler with project's scala-library version: 3.8.4
2026.09.01 18:50:34 INFO  skipping build import with status 'Installed'
2026.09.01 18:51:09 INFO  no build target found for C:\Users\rishi\BIG DATA\SCALA\closure.scala. Using presentation compiler with project's scala-library version: 3.8.4
2026.09.15 15:44:09 INFO  Started: Metals version 1.6.9 in folders 'C:\Users\rishi\BIG DATA\SCALA' for client Visual Studio Code 1.136.1.
2026.09.15 15:44:09 INFO  Memory monitor started
2026.09.15 15:44:15 WARN  Using H2 2.5.250 which is newer than the version Flyway has been verified with. The latest verified version of H2 is 2.3.232.
2026.09.15 15:44:15 INFO  Attempting to connect to the build server...
2026.09.15 15:44:15 INFO  No running Bloop server found, starting one.
2026.09.15 15:44:44 INFO  Starting compilation server
2026.09.15 15:44:46 INFO  Tracing is disabled for protocol BSP. To enable tracing of incoming and outgoing JSON messages, create an empty file at C:\Users\rishi\BIG DATA\SCALA\.metals\bsp.trace.json or C:\Users\rishi\AppData\Local\scalameta\metals\cache\bsp.trace.json
2026.09.15 15:45:06 ERROR Timeout waiting for 'build/initialize' response
2026.09.15 15:45:06 WARN  Retrying connection to the build server Bloop
2026.09.15 15:45:06 INFO  Found a Bloop server running
2026.09.15 15:45:06 INFO  Tracing is disabled for protocol BSP. To enable tracing of incoming and outgoing JSON messages, create an empty file at C:\Users\rishi\BIG DATA\SCALA\.metals\bsp.trace.json or C:\Users\rishi\AppData\Local\scalameta\metals\cache\bsp.trace.json
2026.09.15 15:45:15 INFO  Attempting to connect to the build server...
2026.09.15 15:45:15 INFO  Found a Bloop server running
2026.09.15 15:45:16 INFO  Tracing is disabled for protocol BSP. To enable tracing of incoming and outgoing JSON messages, create an empty file at C:\Users\rishi\BIG DATA\SCALA\project\.metals\bsp.trace.json or C:\Users\rishi\AppData\Local\scalameta\metals\cache\bsp.trace.json
2026.09.15 15:45:16 INFO  time: Connected to build server in 1m
2026.09.15 15:45:16 INFO  Connected to Build server: Bloop v2.1.2
2026.09.15 15:45:16 INFO  time: Imported build in 0.29s
2026.09.15 15:45:32 WARN  Using H2 2.5.250 which is newer than the version Flyway has been verified with. The latest verified version of H2 is 2.3.232.
2026.09.15 15:45:36 INFO  time: indexed workspace in 20s
2026.09.15 15:45:36 WARN  no build target for: C:\Users\rishi\BIG DATA\SCALA\closure.scala
2026.09.15 15:45:37 INFO  no build target found for C:\Users\rishi\BIG DATA\SCALA\closure.scala. Using presentation compiler with project's scala-library version: 3.8.4
2026.09.15 15:45:37 WARN  no build target for: C:\Users\rishi\BIG DATA\SCALA\closure.scala
2026.09.17 14:11:27 INFO  Started: Metals version 1.6.9 in folders 'C:\Users\rishi\BIG DATA\SCALA' for client Visual Studio Code 1.136.1.
2026.09.17 14:11:27 INFO  Memory monitor started
Sept 17, 2026 2:11:31 PM org.eclipse.lsp4j.jsonrpc.services.GenericEndpoint notify
INFO: Unsupported notification method: $/setTrace
2026.09.17 14:11:32 WARN  Using H2 2.5.250 which is newer than the version Flyway has been verified with. The latest verified version of H2 is 2.3.232.
2026.09.17 14:11:32 INFO  Attempting to connect to the build server...
2026.09.17 14:11:32 INFO  No running Bloop server found, starting one.
2026.09.17 14:11:34 INFO  Starting compilation server
2026.09.17 14:11:37 INFO  Tracing is disabled for protocol BSP. To enable tracing of incoming and outgoing JSON messages, create an empty file at C:\Users\rishi\BIG DATA\SCALA\.metals\bsp.trace.json or C:\Users\rishi\AppData\Local\scalameta\metals\cache\bsp.trace.json
2026.09.17 14:11:38 INFO  Attempting to connect to the build server...
2026.09.17 14:11:38 INFO  Found a Bloop server running
2026.09.17 14:11:38 INFO  Tracing is disabled for protocol BSP. To enable tracing of incoming and outgoing JSON messages, create an empty file at C:\Users\rishi\BIG DATA\SCALA\project\.metals\bsp.trace.json or C:\Users\rishi\AppData\Local\scalameta\metals\cache\bsp.trace.json
2026.09.17 14:11:38 INFO  time: Connected to build server in 5.84s
2026.09.17 14:11:38 INFO  Connected to Build server: Bloop v2.1.2
2026.09.17 14:11:38 INFO  time: Imported build in 0.23s
2026.09.17 14:11:48 WARN  Using H2 2.5.250 which is newer than the version Flyway has been verified with. The latest verified version of H2 is 2.3.232.
2026.09.17 14:11:52 INFO  time: indexed workspace in 13s
Sept 17, 2026 2:14:13 PM org.eclipse.lsp4j.jsonrpc.services.GenericEndpoint notify
INFO: Unsupported notification method: $/setTrace
Sept 17, 2026 2:19:44 PM org.eclipse.lsp4j.jsonrpc.RemoteEndpoint handleNotification
WARNING: Notification threw an exception: {
  "jsonrpc": "2.0",
  "method": "metals/didFocusTextDocument",
  "params": [
    "untitled:Untitled-3"
  ]
}
java.nio.file.FileSystemNotFoundException: Provider "untitled" not installed
	at java.base/java.nio.file.Path.of(Path.java:210)
	at java.base/java.nio.file.Paths.get(Paths.java:95)
	at scala.meta.internal.mtags.MtagsEnrichments$XtensionURIMtags.toAbsolutePath(MtagsEnrichments.scala:149)
	at scala.meta.internal.mtags.MtagsEnrichments$XtensionStringMtags.toAbsolutePath(MtagsEnrichments.scala:221)
	at scala.meta.internal.metals.MetalsEnrichments$XtensionString.toAbsolutePath(MetalsEnrichments.scala:787)
	at scala.meta.internal.metals.MetalsEnrichments$XtensionString.toAbsolutePath(MetalsEnrichments.scala:784)
	at scala.meta.internal.metals.WorkspaceLspService.didFocus(WorkspaceLspService.scala:810)
	at scala.meta.metals.lsp.DelegatingScalaService.didFocus(DelegatingScalaService.scala:42)
	at java.base/jdk.internal.reflect.DirectMethodHandleAccessor.invoke(DirectMethodHandleAccessor.java:104)
	at java.base/java.lang.reflect.Method.invoke(Method.java:565)
	at org.eclipse.lsp4j.jsonrpc.services.GenericEndpoint.lambda$recursiveFindRpcMethods$0(GenericEndpoint.java:65)
	at org.eclipse.lsp4j.jsonrpc.services.GenericEndpoint.notify(GenericEndpoint.java:160)
	at org.eclipse.lsp4j.jsonrpc.RemoteEndpoint.handleNotification(RemoteEndpoint.java:225)
	at org.eclipse.lsp4j.jsonrpc.RemoteEndpoint.consume(RemoteEndpoint.java:192)
	at org.eclipse.lsp4j.jsonrpc.json.StreamMessageProducer.handleMessage(StreamMessageProducer.java:189)
	at org.eclipse.lsp4j.jsonrpc.json.StreamMessageProducer.listen(StreamMessageProducer.java:97)
	at org.eclipse.lsp4j.jsonrpc.json.ConcurrentMessageProcessor.run(ConcurrentMessageProcessor.java:97)
	at java.base/java.util.concurrent.Executors$RunnableAdapter.call(Executors.java:545)
	at java.base/java.util.concurrent.FutureTask.run(FutureTask.java:330)
	at java.base/java.util.concurrent.ThreadPoolExecutor.runWorker(ThreadPoolExecutor.java:1090)
	at java.base/java.util.concurrent.ThreadPoolExecutor$Worker.run(ThreadPoolExecutor.java:614)
	at java.base/java.lang.Thread.run(Thread.java:1516)

2026.09.17 14:19:54 INFO  no build target found for C:\Users\rishi\BIG DATA\SCALA\object SumNaturalNumbers {.scala. Using presentation compiler with project's scala-library version: 3.8.4
2026.09.17 14:19:54 INFO  no build target found for C:\Users\rishi\BIG DATA\SCALA\object SumNaturalNumbers {.scala. Using presentation compiler with project's scala-library version: 3.8.4
2026.09.17 14:19:54 WARN  no build target for: C:\Users\rishi\BIG DATA\SCALA\object SumNaturalNumbers {.scala
2026.09.17 14:19:55 WARN  no build target for: C:\Users\rishi\BIG DATA\SCALA\object SumNaturalNumbers {.scala
2026.09.17 14:19:54 INFO  no build target found for C:\Users\rishi\BIG DATA\SCALA\object SumNaturalNumbers {.scala. Using presentation compiler with project's scala-library version: 3.8.4
2026.09.17 14:19:55 INFO  skipping build import with status 'Installed'
Sept 17, 2026 2:19:55 PM org.eclipse.lsp4j.jsonrpc.RemoteEndpoint handleCancellation
WARNING: Unmatched cancel notification for request id 3
Sept 17, 2026 2:19:55 PM org.eclipse.lsp4j.jsonrpc.RemoteEndpoint handleNotification
WARNING: Notification threw an exception: {
  "jsonrpc": "2.0",
  "method": "metals/didFocusTextDocument",
  "params": [
    "untitled:Untitled-2"
  ]
}
java.nio.file.FileSystemNotFoundException: Provider "untitled" not installed
	at java.base/java.nio.file.Path.of(Path.java:210)
	at java.base/java.nio.file.Paths.get(Paths.java:95)
	at scala.meta.internal.mtags.MtagsEnrichments$XtensionURIMtags.toAbsolutePath(MtagsEnrichments.scala:149)
	at scala.meta.internal.mtags.MtagsEnrichments$XtensionStringMtags.toAbsolutePath(MtagsEnrichments.scala:221)
	at scala.meta.internal.metals.MetalsEnrichments$XtensionString.toAbsolutePath(MetalsEnrichments.scala:787)
	at scala.meta.internal.metals.MetalsEnrichments$XtensionString.toAbsolutePath(MetalsEnrichments.scala:784)
	at scala.meta.internal.metals.WorkspaceLspService.didFocus(WorkspaceLspService.scala:810)
	at scala.meta.metals.lsp.DelegatingScalaService.didFocus(DelegatingScalaService.scala:42)
	at java.base/jdk.internal.reflect.DirectMethodHandleAccessor.invoke(DirectMethodHandleAccessor.java:104)
	at java.base/java.lang.reflect.Method.invoke(Method.java:565)
	at org.eclipse.lsp4j.jsonrpc.services.GenericEndpoint.lambda$recursiveFindRpcMethods$0(GenericEndpoint.java:65)
	at org.eclipse.lsp4j.jsonrpc.services.GenericEndpoint.notify(GenericEndpoint.java:160)
	at org.eclipse.lsp4j.jsonrpc.RemoteEndpoint.handleNotification(RemoteEndpoint.java:225)
	at org.eclipse.lsp4j.jsonrpc.RemoteEndpoint.consume(RemoteEndpoint.java:192)
	at org.eclipse.lsp4j.jsonrpc.json.StreamMessageProducer.handleMessage(StreamMessageProducer.java:189)
	at org.eclipse.lsp4j.jsonrpc.json.StreamMessageProducer.listen(StreamMessageProducer.java:97)
	at org.eclipse.lsp4j.jsonrpc.json.ConcurrentMessageProcessor.run(ConcurrentMessageProcessor.java:97)
	at java.base/java.util.concurrent.Executors$RunnableAdapter.call(Executors.java:545)
	at java.base/java.util.concurrent.FutureTask.run(FutureTask.java:330)
	at java.base/java.util.concurrent.ThreadPoolExecutor.runWorker(ThreadPoolExecutor.java:1090)
	at java.base/java.util.concurrent.ThreadPoolExecutor$Worker.run(ThreadPoolExecutor.java:614)
	at java.base/java.lang.Thread.run(Thread.java:1516)

2026.09.17 14:19:56 INFO  no build target found for C:\Users\rishi\BIG DATA\SCALA\object SumNaturalNumbers {.scala. Using presentation compiler with project's scala-library version: 3.8.4
2026.09.17 14:19:58 INFO  no build target found for C:\Users\rishi\BIG DATA\SCALA\```scala.scala. Using presentation compiler with project's scala-library version: 3.8.4
2026.09.17 14:19:58 WARN  no build target for: C:\Users\rishi\BIG DATA\SCALA\```scala.scala
2026.09.17 14:19:58 INFO  no build target found for C:\Users\rishi\BIG DATA\SCALA\```scala.scala. Using presentation compiler with project's scala-library version: 3.8.4
2026.09.17 14:19:58 WARN  no build target for: C:\Users\rishi\BIG DATA\SCALA\```scala.scala
2026.09.17 14:19:58 INFO  skipping build import with status 'Installed'
2026.09.17 14:19:58 INFO  no build target found for C:\Users\rishi\BIG DATA\SCALA\```scala.scala. Using presentation compiler with project's scala-library version: 3.8.4
2026.09.17 14:19:58 INFO  no build target found for C:\Users\rishi\BIG DATA\SCALA\```scala.scala. Using presentation compiler with project's scala-library version: 3.8.4
Sept 17, 2026 2:19:58 PM org.eclipse.lsp4j.jsonrpc.RemoteEndpoint handleCancellation
WARNING: Unmatched cancel notification for request id 5
Sept 17, 2026 2:19:58 PM org.eclipse.lsp4j.jsonrpc.RemoteEndpoint handleCancellation
WARNING: Unmatched cancel notification for request id 6
Sept 17, 2026 2:19:58 PM org.eclipse.lsp4j.jsonrpc.RemoteEndpoint handleNotification
WARNING: Notification threw an exception: {
  "jsonrpc": "2.0",
  "method": "metals/didFocusTextDocument",
  "params": [
    "untitled:Untitled-1"
  ]
}
java.nio.file.FileSystemNotFoundException: Provider "untitled" not installed
	at java.base/java.nio.file.Path.of(Path.java:210)
	at java.base/java.nio.file.Paths.get(Paths.java:95)
	at scala.meta.internal.mtags.MtagsEnrichments$XtensionURIMtags.toAbsolutePath(MtagsEnrichments.scala:149)
	at scala.meta.internal.mtags.MtagsEnrichments$XtensionStringMtags.toAbsolutePath(MtagsEnrichments.scala:221)
	at scala.meta.internal.metals.MetalsEnrichments$XtensionString.toAbsolutePath(MetalsEnrichments.scala:787)
	at scala.meta.internal.metals.MetalsEnrichments$XtensionString.toAbsolutePath(MetalsEnrichments.scala:784)
	at scala.meta.internal.metals.WorkspaceLspService.didFocus(WorkspaceLspService.scala:810)
	at scala.meta.metals.lsp.DelegatingScalaService.didFocus(DelegatingScalaService.scala:42)
	at java.base/jdk.internal.reflect.DirectMethodHandleAccessor.invoke(DirectMethodHandleAccessor.java:104)
	at java.base/java.lang.reflect.Method.invoke(Method.java:565)
	at org.eclipse.lsp4j.jsonrpc.services.GenericEndpoint.lambda$recursiveFindRpcMethods$0(GenericEndpoint.java:65)
	at org.eclipse.lsp4j.jsonrpc.services.GenericEndpoint.notify(GenericEndpoint.java:160)
	at org.eclipse.lsp4j.jsonrpc.RemoteEndpoint.handleNotification(RemoteEndpoint.java:225)
	at org.eclipse.lsp4j.jsonrpc.RemoteEndpoint.consume(RemoteEndpoint.java:192)
	at org.eclipse.lsp4j.jsonrpc.json.StreamMessageProducer.handleMessage(StreamMessageProducer.java:189)
	at org.eclipse.lsp4j.jsonrpc.json.StreamMessageProducer.listen(StreamMessageProducer.java:97)
	at org.eclipse.lsp4j.jsonrpc.json.ConcurrentMessageProcessor.run(ConcurrentMessageProcessor.java:97)
	at java.base/java.util.concurrent.Executors$RunnableAdapter.call(Executors.java:545)
	at java.base/java.util.concurrent.FutureTask.run(FutureTask.java:330)
	at java.base/java.util.concurrent.ThreadPoolExecutor.runWorker(ThreadPoolExecutor.java:1090)
	at java.base/java.util.concurrent.ThreadPoolExecutor$Worker.run(ThreadPoolExecutor.java:614)
	at java.base/java.lang.Thread.run(Thread.java:1516)

2026.09.17 14:20:29 INFO  no build target found for C:\Users\rishi\BIG DATA\SCALA\```scala.scala. Using presentation compiler with project's scala-library version: 3.8.4
2026.09.17 14:20:29 WARN  no build target for: C:\Users\rishi\BIG DATA\SCALA\```scala.scala
2026.09.17 14:20:29 INFO  no build target found for C:\Users\rishi\BIG DATA\SCALA\```scala.scala. Using presentation compiler with project's scala-library version: 3.8.4
2026.09.17 14:20:29 INFO  no build target found for C:\Users\rishi\BIG DATA\SCALA\```scala.scala. Using presentation compiler with project's scala-library version: 3.8.4
2026.09.17 14:20:29 WARN  Could not find semantic tokens for: file:///C:/Users/rishi/BIG%20DATA/SCALA/%60%60%60scala.scala
2026.09.17 14:20:29 INFO  Shutting down server
2026.09.17 14:20:29 INFO  Memory monitor stopped
2026.09.17 14:20:29 INFO  shutting down Metals
2026.09.17 14:20:29 INFO  Shut down connection with build server.
2026.09.17 14:20:30 INFO  Shut down connection with build server.
2026.09.17 14:20:29 INFO  Exiting server
2026.09.21 12:07:38 INFO  Started: Metals version 1.6.9 in folders 'C:\Users\rishi\BIG DATA\SCALA' for client Visual Studio Code 1.138.0.
2026.09.21 12:07:38 INFO  Memory monitor started
2026.09.21 12:07:39 WARN  Using H2 2.5.250 which is newer than the version Flyway has been verified with. The latest verified version of H2 is 2.3.232.
2026.09.21 12:07:39 INFO  no build target found for C:\Users\rishi\BIG DATA\SCALA\```scala.scala. Using presentation compiler with project's scala-library version: 3.3.8
Sept 21, 2026 12:07:43 PM org.eclipse.lsp4j.jsonrpc.services.GenericEndpoint notify
INFO: Unsupported notification method: $/setTrace
Sept 21, 2026 12:07:43 PM org.eclipse.lsp4j.jsonrpc.RemoteEndpoint handleCancellation
WARNING: Unmatched cancel notification for request id 2
2026.09.21 12:07:43 INFO  no build target found for C:\Users\rishi\BIG DATA\SCALA\```scala.scala. Using presentation compiler with project's scala-library version: 3.3.8
2026.09.21 12:07:43 INFO  no build target found for C:\Users\rishi\BIG DATA\SCALA\```scala.scala. Using presentation compiler with project's scala-library version: 3.3.8
2026.09.21 12:07:43 INFO  Attempting to connect to the build server...
2026.09.21 12:07:43 INFO  no build target found for C:\Users\rishi\BIG DATA\SCALA\```scala.scala. Using presentation compiler with project's scala-library version: 3.3.8
2026.09.21 12:07:43 INFO  No running Bloop server found, starting one.
2026.09.21 12:07:43 INFO  Shutting down server
2026.09.21 12:07:43 INFO  Memory monitor stopped
2026.09.21 12:07:43 INFO  shutting down Metals
2026.09.21 12:07:43 INFO  Exiting server
2026.09.21 12:07:56 INFO  Started: Metals version 1.6.9 in folders 'C:\Users\rishi\BIG DATA\SCALA' for client Visual Studio Code 1.138.0.
2026.09.21 12:07:56 INFO  Memory monitor started
2026.09.21 12:07:57 WARN  Using H2 2.5.250 which is newer than the version Flyway has been verified with. The latest verified version of H2 is 2.3.232.
2026.09.21 12:07:57 INFO  no build target found for C:\Users\rishi\BIG DATA\SCALA\```scala.scala. Using presentation compiler with project's scala-library version: 3.3.8
2026.09.21 12:07:58 INFO  no build target found for C:\Users\rishi\BIG DATA\SCALA\```scala.scala. Using presentation compiler with project's scala-library version: 3.3.8
2026.09.21 12:07:58 INFO  Attempting to connect to the build server...
2026.09.21 12:07:58 INFO  No running Bloop server found, starting one.
2026.09.21 12:07:59 INFO  Starting compilation server
Sept 21, 2026 12:08:00 PM org.eclipse.lsp4j.jsonrpc.services.GenericEndpoint notify
INFO: Unsupported notification method: $/setTrace
2026.09.21 12:07:59 WARN  Could not find semantic tokens for: file:///C:/Users/rishi/BIG%20DATA/SCALA/%60%60%60scala.scala
2026.09.21 12:08:00 INFO  no build target found for C:\Users\rishi\BIG DATA\SCALA\```scala.scala. Using presentation compiler with project's scala-library version: 3.3.8
2026.09.21 12:08:00 INFO  no build target found for C:\Users\rishi\BIG DATA\SCALA\```scala.scala. Using presentation compiler with project's scala-library version: 3.3.8
2026.09.21 12:08:02 INFO  Tracing is disabled for protocol BSP. To enable tracing of incoming and outgoing JSON messages, create an empty file at C:\Users\rishi\BIG DATA\SCALA\.metals\bsp.trace.json or C:\Users\rishi\AppData\Local\scalameta\metals\cache\bsp.trace.json
2026.09.21 12:08:03 INFO  Attempting to connect to the build server...
2026.09.21 12:08:03 INFO  Found a Bloop server running
2026.09.21 12:08:03 INFO  Tracing is disabled for protocol BSP. To enable tracing of incoming and outgoing JSON messages, create an empty file at C:\Users\rishi\BIG DATA\SCALA\project\.metals\bsp.trace.json or C:\Users\rishi\AppData\Local\scalameta\metals\cache\bsp.trace.json
2026.09.21 12:08:03 INFO  time: Connected to build server in 4.93s
2026.09.21 12:08:03 INFO  Connected to Build server: Bloop v2.1.2
2026.09.21 12:08:03 INFO  time: Imported build in 0.17s
2026.09.21 12:08:06 WARN  Using H2 2.5.250 which is newer than the version Flyway has been verified with. The latest verified version of H2 is 2.3.232.
2026.09.21 12:08:09 INFO  time: indexed workspace in 5.42s
2026.09.21 12:08:09 WARN  no build target for: C:\Users\rishi\BIG DATA\SCALA\```scala.scala
2026.09.21 12:08:09 INFO  no build target found for C:\Users\rishi\BIG DATA\SCALA\```scala.scala. Using presentation compiler with project's scala-library version: 3.8.4
2026.09.21 12:08:09 INFO  no build target found for C:\Users\rishi\BIG DATA\SCALA\```scala.scala. Using presentation compiler with project's scala-library version: 3.8.4
2026.09.21 12:08:09 WARN  no build target for: C:\Users\rishi\BIG DATA\SCALA\```scala.scala
2026.09.21 12:08:09 INFO  no build target found for C:\Users\rishi\BIG DATA\SCALA\```scala.scala. Using presentation compiler with project's scala-library version: 3.8.4
2026.09.21 12:08:09 INFO  Shutting down server
2026.09.21 12:08:09 INFO  Memory monitor stopped
2026.09.21 12:08:09 INFO  shutting down Metals
2026.09.21 12:08:09 INFO  Shut down connection with build server.
2026.09.21 12:08:09 INFO  Shut down connection with build server.
2026.09.21 12:08:11 WARN  Could not find semantic tokens for: file:///C:/Users/rishi/BIG%20DATA/SCALA/%60%60%60scala.scala
